row_id,fixture_id,date,season,team,opponent,venue,split
0,2020-09-12__Fulham__vs__Arsenal,2020-09-12,2021,Arsenal,Fulham,Away,train
1,2020-09-12__Crystal Palace__vs__Southampton,2020-09-12,2021,Crystal Palace,Southampton,Home,train
2,2020-09-12__Fulham__vs__Arsenal,2020-09-12,2021,Fulham,Arsenal,Home,train
3,2020-09-12__Liverpool__vs__Leeds United,2020-09-12,2021,Leeds United,Liverpool,Away,train
4,2020-09-12__Liverpool__vs__Leeds United,2020-09-12,2021,Liverpool,Leeds United,Home,train
5,2020-09-12__West Ham United__vs__Newcastle United,2020-09-12,2021,Newcastle United,West Ham,Away,train
6,2020-09-12__Crystal Palace__vs__Southampton,2020-09-12,2021,Southampton,Crystal Palace,Away,train
7,2020-09-12__West Ham United__vs__Newcastle United,2020-09-12,2021,West Ham United,Newcastle Utd,Home,train
8,2020-09-13__Tottenham Hotspur__vs__Everton,2020-09-13,2021,Everton,Tottenham,Away,train
9,2020-09-13__West Bromwich Albion__vs__Leicester City,2020-09-13,2021,Leicester City,West Brom,Away,train
10,2020-09-13__Tottenham Hotspur__vs__Everton,2020-09-13,2021,Tottenham Hotspur,Everton,Home,train
11,2020-09-13__West Bromwich Albion__vs__Leicester City,2020-09-13,2021,West Bromwich Albion,Leicester City,Home,train
12,2020-09-14__Brighton And Hove Albion__vs__Chelsea,2020-09-14,2021,Brighton And Hove Albion,Chelsea,Home,train
13,2020-09-14__Brighton And Hove Albion__vs__Chelsea,2020-09-14,2021,Chelsea,Brighton,Away,train
14,2020-09-14__Sheffield United__vs__Wolverhampton Wanderers,2020-09-14,2021,Sheffield United,Wolves,Home,train
15,2020-09-14__Sheffield United__vs__Wolverhampton Wanderers,2020-09-14,2021,Wolverhampton Wanderers,Sheffield Utd,Away,train
16,2020-09-19__Arsenal__vs__West Ham United,2020-09-19,2021,Arsenal,West Ham,Home,train
17,2020-09-19__Manchester United__vs__Crystal Palace,2020-09-19,2021,Crystal Palace,Manchester Utd,Away,train
18,2020-09-19__Everton__vs__West Bromwich Albion,2020-09-19,2021,Everton,West Brom,Home,train
19,2020-09-19__Leeds United__vs__Fulham,2020-09-19,2021,Fulham,Leeds United,Away,train
20,2020-09-19__Leeds United__vs__Fulham,2020-09-19,2021,Leeds United,Fulham,Home,train
21,2020-09-19__Manchester United__vs__Crystal Palace,2020-09-19,2021,Manchester United,Crystal Palace,Home,train
22,2020-09-19__Everton__vs__West Bromwich Albion,2020-09-19,2021,West Bromwich Albion,Everton,Away,train
23,2020-09-19__Arsenal__vs__West Ham United,2020-09-19,2021,West Ham United,Arsenal,Away,train
24,2020-09-20__Newcastle United__vs__Brighton And Hove Albion,2020-09-20,2021,Brighton And Hove Albion,Newcastle Utd,Away,train
25,2020-09-20__Leicester City__vs__Burnley,2020-09-20,2021,Burnley,Leicester City,Away,train
26,2020-09-20__Chelsea__vs__Liverpool,2020-09-20,2021,Chelsea,Liverpool,Home,train
27,2020-09-20__Leicester City__vs__Burnley,2020-09-20,2021,Leicester City,Burnley,Home,train
28,2020-09-20__Chelsea__vs__Liverpool,2020-09-20,2021,Liverpool,Chelsea,Away,train
29,2020-09-20__Newcastle United__vs__Brighton And Hove Albion,2020-09-20,2021,Newcastle United,Brighton,Home,train
30,2020-09-20__Southampton__vs__Tottenham Hotspur,2020-09-20,2021,Southampton,Tottenham,Home,train
31,2020-09-20__Southampton__vs__Tottenham Hotspur,2020-09-20,2021,Tottenham Hotspur,Southampton,Away,train
32,2020-09-21__Aston Villa__vs__Sheffield United,2020-09-21,2021,Aston Villa,Sheffield Utd,Home,train
33,2020-09-21__Wolverhampton Wanderers__vs__Manchester City,2020-09-21,2021,Manchester City,Wolves,Away,train
34,2020-09-21__Aston Villa__vs__Sheffield United,2020-09-21,2021,Sheffield United,Aston Villa,Away,train
35,2020-09-21__Wolverhampton Wanderers__vs__Manchester City,2020-09-21,2021,Wolverhampton Wanderers,Manchester City,Home,train
36,2020-09-26__Brighton And Hove Albion__vs__Manchester United,2020-09-26,2021,Brighton And Hove Albion,Manchester Utd,Home,train
37,2020-09-26__Burnley__vs__Southampton,2020-09-26,2021,Burnley,Southampton,Home,train
38,2020-09-26__West Bromwich Albion__vs__Chelsea,2020-09-26,2021,Chelsea,West Brom,Away,train
39,2020-09-26__Crystal Palace__vs__Everton,2020-09-26,2021,Crystal Palace,Everton,Home,train
40,2020-09-26__Crystal Palace__vs__Everton,2020-09-26,2021,Everton,Crystal Palace,Away,train
41,2020-09-26__Brighton And Hove Albion__vs__Manchester United,2020-09-26,2021,Manchester United,Brighton,Away,train
42,2020-09-26__Burnley__vs__Southampton,2020-09-26,2021,Southampton,Burnley,Away,train
43,2020-09-26__West Bromwich Albion__vs__Chelsea,2020-09-26,2021,West Bromwich Albion,Chelsea,Home,train
44,2020-09-27__Sheffield United__vs__Leeds United,2020-09-27,2021,Leeds United,Sheffield Utd,Away,train
45,2020-09-27__Manchester City__vs__Leicester City,2020-09-27,2021,Leicester City,Manchester City,Away,train
46,2020-09-27__Manchester City__vs__Leicester City,2020-09-27,2021,Manchester City,Leicester City,Home,train
47,2020-09-27__Tottenham Hotspur__vs__Newcastle United,2020-09-27,2021,Newcastle United,Tottenham,Away,train
48,2020-09-27__Sheffield United__vs__Leeds United,2020-09-27,2021,Sheffield United,Leeds United,Home,train
49,2020-09-27__Tottenham Hotspur__vs__Newcastle United,2020-09-27,2021,Tottenham Hotspur,Newcastle Utd,Home,train
50,2020-09-27__West Ham United__vs__Wolverhampton Wanderers,2020-09-27,2021,West Ham United,Wolves,Home,train
51,2020-09-27__West Ham United__vs__Wolverhampton Wanderers,2020-09-27,2021,Wolverhampton Wanderers,West Ham,Away,train
52,2020-09-28__Liverpool__vs__Arsenal,2020-09-28,2021,Arsenal,Liverpool,Away,train
53,2020-09-28__Fulham__vs__Aston Villa,2020-09-28,2021,Aston Villa,Fulham,Away,train
54,2020-09-28__Fulham__vs__Aston Villa,2020-09-28,2021,Fulham,Aston Villa,Home,train
55,2020-09-28__Liverpool__vs__Arsenal,2020-09-28,2021,Liverpool,Arsenal,Home,train
56,2020-10-03__Everton__vs__Brighton And Hove Albion,2020-10-03,2021,Brighton And Hove Albion,Everton,Away,train
57,2020-10-03__Newcastle United__vs__Burnley,2020-10-03,2021,Burnley,Newcastle Utd,Away,train
58,2020-10-03__Chelsea__vs__Crystal Palace,2020-10-03,2021,Chelsea,Crystal Palace,Home,train
59,2020-10-03__Chelsea__vs__Crystal Palace,2020-10-03,2021,Crystal Palace,Chelsea,Away,train
60,2020-10-03__Everton__vs__Brighton And Hove Albion,2020-10-03,2021,Everton,Brighton,Home,train
61,2020-10-03__Leeds United__vs__Manchester City,2020-10-03,2021,Leeds United,Manchester City,Home,train
62,2020-10-03__Leeds United__vs__Manchester City,2020-10-03,2021,Manchester City,Leeds United,Away,train
63,2020-10-03__Newcastle United__vs__Burnley,2020-10-03,2021,Newcastle United,Burnley,Home,train
64,2020-10-04__Arsenal__vs__Sheffield United,2020-10-04,2021,Arsenal,Sheffield Utd,Home,train
65,2020-10-04__Aston Villa__vs__Liverpool,2020-10-04,2021,Aston Villa,Liverpool,Home,train
66,2020-10-04__Wolverhampton Wanderers__vs__Fulham,2020-10-04,2021,Fulham,Wolves,Away,train
67,2020-10-04__Leicester City__vs__West Ham United,2020-10-04,2021,Leicester City,West Ham,Home,train
68,2020-10-04__Aston Villa__vs__Liverpool,2020-10-04,2021,Liverpool,Aston Villa,Away,train
69,2020-10-04__Manchester United__vs__Tottenham Hotspur,2020-10-04,2021,Manchester United,Tottenham,Home,train
70,2020-10-04__Arsenal__vs__Sheffield United,2020-10-04,2021,Sheffield United,Arsenal,Away,train
71,2020-10-04__Southampton__vs__West Bromwich Albion,2020-10-04,2021,Southampton,West Brom,Home,train
72,2020-10-04__Manchester United__vs__Tottenham Hotspur,2020-10-04,2021,Tottenham Hotspur,Manchester Utd,Away,train
73,2020-10-04__Southampton__vs__West Bromwich Albion,2020-10-04,2021,West Bromwich Albion,Southampton,Away,train
74,2020-10-04__Leicester City__vs__West Ham United,2020-10-04,2021,West Ham United,Leicester City,Away,train
75,2020-10-04__Wolverhampton Wanderers__vs__Fulham,2020-10-04,2021,Wolverhampton Wanderers,Fulham,Home,train
76,2020-10-17__Manchester City__vs__Arsenal,2020-10-17,2021,Arsenal,Manchester City,Away,train
77,2020-10-17__Chelsea__vs__Southampton,2020-10-17,2021,Chelsea,Southampton,Home,train
78,2020-10-17__Everton__vs__Liverpool,2020-10-17,2021,Everton,Liverpool,Home,train
79,2020-10-17__Everton__vs__Liverpool,2020-10-17,2021,Liverpool,Everton,Away,train
80,2020-10-17__Manchester City__vs__Arsenal,2020-10-17,2021,Manchester City,Arsenal,Home,train
81,2020-10-17__Newcastle United__vs__Manchester United,2020-10-17,2021,Manchester United,Newcastle Utd,Away,train
82,2020-10-17__Newcastle United__vs__Manchester United,2020-10-17,2021,Newcastle United,Manchester Utd,Home,train
83,2020-10-17__Chelsea__vs__Southampton,2020-10-17,2021,Southampton,Chelsea,Away,train
84,2020-10-18__Leicester City__vs__Aston Villa,2020-10-18,2021,Aston Villa,Leicester City,Away,train
85,2020-10-18__Crystal Palace__vs__Brighton And Hove Albion,2020-10-18,2021,Brighton And Hove Albion,Crystal Palace,Away,train
86,2020-10-18__Crystal Palace__vs__Brighton And Hove Albion,2020-10-18,2021,Crystal Palace,Brighton,Home,train
87,2020-10-18__Sheffield United__vs__Fulham,2020-10-18,2021,Fulham,Sheffield Utd,Away,train
88,2020-10-18__Leicester City__vs__Aston Villa,2020-10-18,2021,Leicester City,Aston Villa,Home,train
89,2020-10-18__Sheffield United__vs__Fulham,2020-10-18,2021,Sheffield United,Fulham,Home,train
90,2020-10-18__Tottenham Hotspur__vs__West Ham United,2020-10-18,2021,Tottenham Hotspur,West Ham,Home,train
91,2020-10-18__Tottenham Hotspur__vs__West Ham United,2020-10-18,2021,West Ham United,Tottenham,Away,train
92,2020-10-19__West Bromwich Albion__vs__Burnley,2020-10-19,2021,Burnley,West Brom,Away,train
93,2020-10-19__Leeds United__vs__Wolverhampton Wanderers,2020-10-19,2021,Leeds United,Wolves,Home,train
94,2020-10-19__West Bromwich Albion__vs__Burnley,2020-10-19,2021,West Bromwich Albion,Burnley,Home,train
95,2020-10-19__Leeds United__vs__Wolverhampton Wanderers,2020-10-19,2021,Wolverhampton Wanderers,Leeds United,Away,train
96,2020-10-23__Aston Villa__vs__Leeds United,2020-10-23,2021,Aston Villa,Leeds United,Home,train
97,2020-10-23__Aston Villa__vs__Leeds United,2020-10-23,2021,Leeds United,Aston Villa,Away,train
98,2020-10-24__Manchester United__vs__Chelsea,2020-10-24,2021,Chelsea,Manchester Utd,Away,train
99,2020-10-24__Fulham__vs__Crystal Palace,2020-10-24,2021,Crystal Palace,Fulham,Away,train
100,2020-10-24__Fulham__vs__Crystal Palace,2020-10-24,2021,Fulham,Crystal Palace,Home,train
101,2020-10-24__Liverpool__vs__Sheffield United,2020-10-24,2021,Liverpool,Sheffield Utd,Home,train
102,2020-10-24__West Ham United__vs__Manchester City,2020-10-24,2021,Manchester City,West Ham,Away,train
103,2020-10-24__Manchester United__vs__Chelsea,2020-10-24,2021,Manchester United,Chelsea,Home,train
104,2020-10-24__Liverpool__vs__Sheffield United,2020-10-24,2021,Sheffield United,Liverpool,Away,train
105,2020-10-24__West Ham United__vs__Manchester City,2020-10-24,2021,West Ham United,Manchester City,Home,train
106,2020-10-25__Arsenal__vs__Leicester City,2020-10-25,2021,Arsenal,Leicester City,Home,train
107,2020-10-25__Southampton__vs__Everton,2020-10-25,2021,Everton,Southampton,Away,train
108,2020-10-25__Arsenal__vs__Leicester City,2020-10-25,2021,Leicester City,Arsenal,Away,train
109,2020-10-25__Wolverhampton Wanderers__vs__Newcastle United,2020-10-25,2021,Newcastle United,Wolves,Away,train
110,2020-10-25__Southampton__vs__Everton,2020-10-25,2021,Southampton,Everton,Home,train
111,2020-10-25__Wolverhampton Wanderers__vs__Newcastle United,2020-10-25,2021,Wolverhampton Wanderers,Newcastle Utd,Home,train
112,2020-10-26__Brighton And Hove Albion__vs__West Bromwich Albion,2020-10-26,2021,Brighton And Hove Albion,West Brom,Home,train
113,2020-10-26__Burnley__vs__Tottenham Hotspur,2020-10-26,2021,Burnley,Tottenham,Home,train
114,2020-10-26__Burnley__vs__Tottenham Hotspur,2020-10-26,2021,Tottenham Hotspur,Burnley,Away,train
115,2020-10-26__Brighton And Hove Albion__vs__West Bromwich Albion,2020-10-26,2021,West Bromwich Albion,Brighton,Away,train
116,2020-10-30__Wolverhampton Wanderers__vs__Crystal Palace,2020-10-30,2021,Crystal Palace,Wolves,Away,train
117,2020-10-30__Wolverhampton Wanderers__vs__Crystal Palace,2020-10-30,2021,Wolverhampton Wanderers,Crystal Palace,Home,train
118,2020-10-31__Burnley__vs__Chelsea,2020-10-31,2021,Burnley,Chelsea,Home,train
119,2020-10-31__Burnley__vs__Chelsea,2020-10-31,2021,Chelsea,Burnley,Away,train
120,2020-10-31__Liverpool__vs__West Ham United,2020-10-31,2021,Liverpool,West Ham,Home,train
121,2020-10-31__Sheffield United__vs__Manchester City,2020-10-31,2021,Manchester City,Sheffield Utd,Away,train
122,2020-10-31__Sheffield United__vs__Manchester City,2020-10-31,2021,Sheffield United,Manchester City,Home,train
123,2020-10-31__Liverpool__vs__West Ham United,2020-10-31,2021,West Ham United,Liverpool,Away,train
124,2020-11-01__Manchester United__vs__Arsenal,2020-11-01,2021,Arsenal,Manchester Utd,Away,train
125,2020-11-01__Aston Villa__vs__Southampton,2020-11-01,2021,Aston Villa,Southampton,Home,train
126,2020-11-01__Tottenham Hotspur__vs__Brighton And Hove Albion,2020-11-01,2021,Brighton And Hove Albion,Tottenham,Away,train
127,2020-11-01__Newcastle United__vs__Everton,2020-11-01,2021,Everton,Newcastle Utd,Away,train
128,2020-11-01__Manchester United__vs__Arsenal,2020-11-01,2021,Manchester United,Arsenal,Home,train
129,2020-11-01__Newcastle United__vs__Everton,2020-11-01,2021,Newcastle United,Everton,Home,train
130,2020-11-01__Aston Villa__vs__Southampton,2020-11-01,2021,Southampton,Aston Villa,Away,train
131,2020-11-01__Tottenham Hotspur__vs__Brighton And Hove Albion,2020-11-01,2021,Tottenham Hotspur,Brighton,Home,train
132,2020-11-02__Fulham__vs__West Bromwich Albion,2020-11-02,2021,Fulham,West Brom,Home,train
133,2020-11-02__Leeds United__vs__Leicester City,2020-11-02,2021,Leeds United,Leicester City,Home,train
134,2020-11-02__Leeds United__vs__Leicester City,2020-11-02,2021,Leicester City,Leeds United,Away,train
135,2020-11-02__Fulham__vs__West Bromwich Albion,2020-11-02,2021,West Bromwich Albion,Fulham,Away,train
136,2020-11-06__Brighton And Hove Albion__vs__Burnley,2020-11-06,2021,Brighton And Hove Albion,Burnley,Home,train
137,2020-11-06__Brighton And Hove Albion__vs__Burnley,2020-11-06,2021,Burnley,Brighton,Away,train
138,2020-11-06__Southampton__vs__Newcastle United,2020-11-06,2021,Newcastle United,Southampton,Away,train
139,2020-11-06__Southampton__vs__Newcastle United,2020-11-06,2021,Southampton,Newcastle Utd,Home,train
140,2020-11-07__Chelsea__vs__Sheffield United,2020-11-07,2021,Chelsea,Sheffield Utd,Home,train
141,2020-11-07__Crystal Palace__vs__Leeds United,2020-11-07,2021,Crystal Palace,Leeds United,Home,train
142,2020-11-07__Everton__vs__Manchester United,2020-11-07,2021,Everton,Manchester Utd,Home,train
143,2020-11-07__West Ham United__vs__Fulham,2020-11-07,2021,Fulham,West Ham,Away,train
144,2020-11-07__Crystal Palace__vs__Leeds United,2020-11-07,2021,Leeds United,Crystal Palace,Away,train
145,2020-11-07__Everton__vs__Manchester United,2020-11-07,2021,Manchester United,Everton,Away,train
146,2020-11-07__Chelsea__vs__Sheffield United,2020-11-07,2021,Sheffield United,Chelsea,Away,train
147,2020-11-07__West Ham United__vs__Fulham,2020-11-07,2021,West Ham United,Fulham,Home,train
148,2020-11-08__Arsenal__vs__Aston Villa,2020-11-08,2021,Arsenal,Aston Villa,Home,train
149,2020-11-08__Arsenal__vs__Aston Villa,2020-11-08,2021,Aston Villa,Arsenal,Away,train
150,2020-11-08__Leicester City__vs__Wolverhampton Wanderers,2020-11-08,2021,Leicester City,Wolves,Home,train
151,2020-11-08__Manchester City__vs__Liverpool,2020-11-08,2021,Liverpool,Manchester City,Away,train
152,2020-11-08__Manchester City__vs__Liverpool,2020-11-08,2021,Manchester City,Liverpool,Home,train
153,2020-11-08__West Bromwich Albion__vs__Tottenham Hotspur,2020-11-08,2021,Tottenham Hotspur,West Brom,Away,train
154,2020-11-08__West Bromwich Albion__vs__Tottenham Hotspur,2020-11-08,2021,West Bromwich Albion,Tottenham,Home,train
155,2020-11-08__Leicester City__vs__Wolverhampton Wanderers,2020-11-08,2021,Wolverhampton Wanderers,Leicester City,Away,train
156,2020-11-21__Aston Villa__vs__Brighton And Hove Albion,2020-11-21,2021,Aston Villa,Brighton,Home,train
157,2020-11-21__Aston Villa__vs__Brighton And Hove Albion,2020-11-21,2021,Brighton And Hove Albion,Aston Villa,Away,train
158,2020-11-21__Newcastle United__vs__Chelsea,2020-11-21,2021,Chelsea,Newcastle Utd,Away,train
159,2020-11-21__Tottenham Hotspur__vs__Manchester City,2020-11-21,2021,Manchester City,Tottenham,Away,train
160,2020-11-21__Manchester United__vs__West Bromwich Albion,2020-11-21,2021,Manchester United,West Brom,Home,train
161,2020-11-21__Newcastle United__vs__Chelsea,2020-11-21,2021,Newcastle United,Chelsea,Home,train
162,2020-11-21__Tottenham Hotspur__vs__Manchester City,2020-11-21,2021,Tottenham Hotspur,Manchester City,Home,train
163,2020-11-21__Manchester United__vs__West Bromwich Albion,2020-11-21,2021,West Bromwich Albion,Manchester Utd,Away,train
164,2020-11-22__Leeds United__vs__Arsenal,2020-11-22,2021,Arsenal,Leeds United,Away,train
165,2020-11-22__Fulham__vs__Everton,2020-11-22,2021,Everton,Fulham,Away,train
166,2020-11-22__Fulham__vs__Everton,2020-11-22,2021,Fulham,Everton,Home,train
167,2020-11-22__Leeds United__vs__Arsenal,2020-11-22,2021,Leeds United,Arsenal,Home,train
168,2020-11-22__Liverpool__vs__Leicester City,2020-11-22,2021,Leicester City,Liverpool,Away,train
169,2020-11-22__Liverpool__vs__Leicester City,2020-11-22,2021,Liverpool,Leicester City,Home,train
170,2020-11-22__Sheffield United__vs__West Ham United,2020-11-22,2021,Sheffield United,West Ham,Home,train
171,2020-11-22__Sheffield United__vs__West Ham United,2020-11-22,2021,West Ham United,Sheffield Utd,Away,train
172,2020-11-23__Burnley__vs__Crystal Palace,2020-11-23,2021,Burnley,Crystal Palace,Home,train
173,2020-11-23__Burnley__vs__Crystal Palace,2020-11-23,2021,Crystal Palace,Burnley,Away,train
174,2020-11-23__Wolverhampton Wanderers__vs__Southampton,2020-11-23,2021,Southampton,Wolves,Away,train
175,2020-11-23__Wolverhampton Wanderers__vs__Southampton,2020-11-23,2021,Wolverhampton Wanderers,Southampton,Home,train
176,2020-11-27__Crystal Palace__vs__Newcastle United,2020-11-27,2021,Crystal Palace,Newcastle Utd,Home,train
177,2020-11-27__Crystal Palace__vs__Newcastle United,2020-11-27,2021,Newcastle United,Crystal Palace,Away,train
178,2020-11-28__Brighton And Hove Albion__vs__Liverpool,2020-11-28,2021,Brighton And Hove Albion,Liverpool,Home,train
179,2020-11-28__Manchester City__vs__Burnley,2020-11-28,2021,Burnley,Manchester City,Away,train
180,2020-11-28__Everton__vs__Leeds United,2020-11-28,2021,Everton,Leeds United,Home,train
181,2020-11-28__Everton__vs__Leeds United,2020-11-28,2021,Leeds United,Everton,Away,train
182,2020-11-28__Brighton And Hove Albion__vs__Liverpool,2020-11-28,2021,Liverpool,Brighton,Away,train
183,2020-11-28__Manchester City__vs__Burnley,2020-11-28,2021,Manchester City,Burnley,Home,train
184,2020-11-28__West Bromwich Albion__vs__Sheffield United,2020-11-28,2021,Sheffield United,West Brom,Away,train
185,2020-11-28__West Bromwich Albion__vs__Sheffield United,2020-11-28,2021,West Bromwich Albion,Sheffield Utd,Home,train
186,2020-11-29__Arsenal__vs__Wolverhampton Wanderers,2020-11-29,2021,Arsenal,Wolves,Home,train
187,2020-11-29__Chelsea__vs__Tottenham Hotspur,2020-11-29,2021,Chelsea,Tottenham,Home,train
188,2020-11-29__Southampton__vs__Manchester United,2020-11-29,2021,Manchester United,Southampton,Away,train
189,2020-11-29__Southampton__vs__Manchester United,2020-11-29,2021,Southampton,Manchester Utd,Home,train
190,2020-11-29__Chelsea__vs__Tottenham Hotspur,2020-11-29,2021,Tottenham Hotspur,Chelsea,Away,train
191,2020-11-29__Arsenal__vs__Wolverhampton Wanderers,2020-11-29,2021,Wolverhampton Wanderers,Arsenal,Away,train
192,2020-11-30__West Ham United__vs__Aston Villa,2020-11-30,2021,Aston Villa,West Ham,Away,train
193,2020-11-30__Leicester City__vs__Fulham,2020-11-30,2021,Fulham,Leicester City,Away,train
194,2020-11-30__Leicester City__vs__Fulham,2020-11-30,2021,Leicester City,Fulham,Home,train
195,2020-11-30__West Ham United__vs__Aston Villa,2020-11-30,2021,West Ham United,Aston Villa,Home,train
196,2020-12-05__Burnley__vs__Everton,2020-12-05,2021,Burnley,Everton,Home,train
197,2020-12-05__Chelsea__vs__Leeds United,2020-12-05,2021,Chelsea,Leeds United,Home,train
198,2020-12-05__Burnley__vs__Everton,2020-12-05,2021,Everton,Burnley,Away,train
199,2020-12-05__Manchester City__vs__Fulham,2020-12-05,2021,Fulham,Manchester City,Away,train
200,2020-12-05__Chelsea__vs__Leeds United,2020-12-05,2021,Leeds United,Chelsea,Away,train
201,2020-12-05__Manchester City__vs__Fulham,2020-12-05,2021,Manchester City,Fulham,Home,train
202,2020-12-05__West Ham United__vs__Manchester United,2020-12-05,2021,Manchester United,West Ham,Away,train
203,2020-12-05__West Ham United__vs__Manchester United,2020-12-05,2021,West Ham United,Manchester Utd,Home,train
204,2020-12-06__Tottenham Hotspur__vs__Arsenal,2020-12-06,2021,Arsenal,Tottenham,Away,train
205,2020-12-06__West Bromwich Albion__vs__Crystal Palace,2020-12-06,2021,Crystal Palace,West Brom,Away,train
206,2020-12-06__Sheffield United__vs__Leicester City,2020-12-06,2021,Leicester City,Sheffield Utd,Away,train
207,2020-12-06__Liverpool__vs__Wolverhampton Wanderers,2020-12-06,2021,Liverpool,Wolves,Home,train
208,2020-12-06__Sheffield United__vs__Leicester City,2020-12-06,2021,Sheffield United,Leicester City,Home,train
209,2020-12-06__Tottenham Hotspur__vs__Arsenal,2020-12-06,2021,Tottenham Hotspur,Arsenal,Home,train
210,2020-12-06__West Bromwich Albion__vs__Crystal Palace,2020-12-06,2021,West Bromwich Albion,Crystal Palace,Home,train
211,2020-12-06__Liverpool__vs__Wolverhampton Wanderers,2020-12-06,2021,Wolverhampton Wanderers,Liverpool,Away,train
212,2020-12-07__Brighton And Hove Albion__vs__Southampton,2020-12-07,2021,Brighton And Hove Albion,Southampton,Home,train
213,2020-12-07__Brighton And Hove Albion__vs__Southampton,2020-12-07,2021,Southampton,Brighton,Away,train
214,2020-12-11__Leeds United__vs__West Ham United,2020-12-11,2021,Leeds United,West Ham,Home,train
215,2020-12-11__Leeds United__vs__West Ham United,2020-12-11,2021,West Ham United,Leeds United,Away,train
216,2020-12-12__Wolverhampton Wanderers__vs__Aston Villa,2020-12-12,2021,Aston Villa,Wolves,Away,train
217,2020-12-12__Everton__vs__Chelsea,2020-12-12,2021,Chelsea,Everton,Away,train
218,2020-12-12__Everton__vs__Chelsea,2020-12-12,2021,Everton,Chelsea,Home,train
219,2020-12-12__Manchester United__vs__Manchester City,2020-12-12,2021,Manchester City,Manchester Utd,Away,train
220,2020-12-12__Manchester United__vs__Manchester City,2020-12-12,2021,Manchester United,Manchester City,Home,train
221,2020-12-12__Newcastle United__vs__West Bromwich Albion,2020-12-12,2021,Newcastle United,West Brom,Home,train
222,2020-12-12__Newcastle United__vs__West Bromwich Albion,2020-12-12,2021,West Bromwich Albion,Newcastle Utd,Away,train
223,2020-12-12__Wolverhampton Wanderers__vs__Aston Villa,2020-12-12,2021,Wolverhampton Wanderers,Aston Villa,Home,train
224,2020-12-13__Arsenal__vs__Burnley,2020-12-13,2021,Arsenal,Burnley,Home,train
225,2020-12-13__Leicester City__vs__Brighton And Hove Albion,2020-12-13,2021,Brighton And Hove Albion,Leicester City,Away,train
226,2020-12-13__Arsenal__vs__Burnley,2020-12-13,2021,Burnley,Arsenal,Away,train
227,2020-12-13__Crystal Palace__vs__Tottenham Hotspur,2020-12-13,2021,Crystal Palace,Tottenham,Home,train
228,2020-12-13__Fulham__vs__Liverpool,2020-12-13,2021,Fulham,Liverpool,Home,train
229,2020-12-13__Leicester City__vs__Brighton And Hove Albion,2020-12-13,2021,Leicester City,Brighton,Home,train
230,2020-12-13__Fulham__vs__Liverpool,2020-12-13,2021,Liverpool,Fulham,Away,train
231,2020-12-13__Southampton__vs__Sheffield United,2020-12-13,2021,Sheffield United,Southampton,Away,train
232,2020-12-13__Southampton__vs__Sheffield United,2020-12-13,2021,Southampton,Sheffield Utd,Home,train
233,2020-12-13__Crystal Palace__vs__Tottenham Hotspur,2020-12-13,2021,Tottenham Hotspur,Crystal Palace,Away,train
234,2020-12-15__Wolverhampton Wanderers__vs__Chelsea,2020-12-15,2021,Chelsea,Wolves,Away,train
235,2020-12-15__Manchester City__vs__West Bromwich Albion,2020-12-15,2021,Manchester City,West Brom,Home,train
236,2020-12-15__Manchester City__vs__West Bromwich Albion,2020-12-15,2021,West Bromwich Albion,Manchester City,Away,train
237,2020-12-15__Wolverhampton Wanderers__vs__Chelsea,2020-12-15,2021,Wolverhampton Wanderers,Chelsea,Home,train
238,2020-12-16__Arsenal__vs__Southampton,2020-12-16,2021,Arsenal,Southampton,Home,train
239,2020-12-16__Fulham__vs__Brighton And Hove Albion,2020-12-16,2021,Brighton And Hove Albion,Fulham,Away,train
240,2020-12-16__West Ham United__vs__Crystal Palace,2020-12-16,2021,Crystal Palace,West Ham,Away,train
241,2020-12-16__Leicester City__vs__Everton,2020-12-16,2021,Everton,Leicester City,Away,train
242,2020-12-16__Fulham__vs__Brighton And Hove Albion,2020-12-16,2021,Fulham,Brighton,Home,train
243,2020-12-16__Leeds United__vs__Newcastle United,2020-12-16,2021,Leeds United,Newcastle Utd,Home,train
244,2020-12-16__Leicester City__vs__Everton,2020-12-16,2021,Leicester City,Everton,Home,train
245,2020-12-16__Liverpool__vs__Tottenham Hotspur,2020-12-16,2021,Liverpool,Tottenham,Home,train
246,2020-12-16__Leeds United__vs__Newcastle United,2020-12-16,2021,Newcastle United,Leeds United,Away,train
247,2020-12-16__Arsenal__vs__Southampton,2020-12-16,2021,Southampton,Arsenal,Away,train
248,2020-12-16__Liverpool__vs__Tottenham Hotspur,2020-12-16,2021,Tottenham Hotspur,Liverpool,Away,train
249,2020-12-16__West Ham United__vs__Crystal Palace,2020-12-16,2021,West Ham United,Crystal Palace,Home,train
250,2020-12-17__Aston Villa__vs__Burnley,2020-12-17,2021,Aston Villa,Burnley,Home,train
251,2020-12-17__Aston Villa__vs__Burnley,2020-12-17,2021,Burnley,Aston Villa,Away,train
252,2020-12-17__Sheffield United__vs__Manchester United,2020-12-17,2021,Manchester United,Sheffield Utd,Away,train
253,2020-12-17__Sheffield United__vs__Manchester United,2020-12-17,2021,Sheffield United,Manchester Utd,Home,train
254,2020-12-19__Everton__vs__Arsenal,2020-12-19,2021,Arsenal,Everton,Away,train
255,2020-12-19__Crystal Palace__vs__Liverpool,2020-12-19,2021,Crystal Palace,Liverpool,Home,train
256,2020-12-19__Everton__vs__Arsenal,2020-12-19,2021,Everton,Arsenal,Home,train
257,2020-12-19__Newcastle United__vs__Fulham,2020-12-19,2021,Fulham,Newcastle Utd,Away,train
258,2020-12-19__Crystal Palace__vs__Liverpool,2020-12-19,2021,Liverpool,Crystal Palace,Away,train
259,2020-12-19__Southampton__vs__Manchester City,2020-12-19,2021,Manchester City,Southampton,Away,train
260,2020-12-19__Newcastle United__vs__Fulham,2020-12-19,2021,Newcastle United,Fulham,Home,train
261,2020-12-19__Southampton__vs__Manchester City,2020-12-19,2021,Southampton,Manchester City,Home,train
262,2020-12-20__West Bromwich Albion__vs__Aston Villa,2020-12-20,2021,Aston Villa,West Brom,Away,train
263,2020-12-20__Brighton And Hove Albion__vs__Sheffield United,2020-12-20,2021,Brighton And Hove Albion,Sheffield Utd,Home,train
264,2020-12-20__Manchester United__vs__Leeds United,2020-12-20,2021,Leeds United,Manchester Utd,Away,train
265,2020-12-20__Tottenham Hotspur__vs__Leicester City,2020-12-20,2021,Leicester City,Tottenham,Away,train
266,2020-12-20__Manchester United__vs__Leeds United,2020-12-20,2021,Manchester United,Leeds United,Home,train
267,2020-12-20__Brighton And Hove Albion__vs__Sheffield United,2020-12-20,2021,Sheffield United,Brighton,Away,train
268,2020-12-20__Tottenham Hotspur__vs__Leicester City,2020-12-20,2021,Tottenham Hotspur,Leicester City,Home,train
269,2020-12-20__West Bromwich Albion__vs__Aston Villa,2020-12-20,2021,West Bromwich Albion,Aston Villa,Home,train
270,2020-12-21__Burnley__vs__Wolverhampton Wanderers,2020-12-21,2021,Burnley,Wolves,Home,train
271,2020-12-21__Chelsea__vs__West Ham United,2020-12-21,2021,Chelsea,West Ham,Home,train
272,2020-12-21__Chelsea__vs__West Ham United,2020-12-21,2021,West Ham United,Chelsea,Away,train
273,2020-12-21__Burnley__vs__Wolverhampton Wanderers,2020-12-21,2021,Wolverhampton Wanderers,Burnley,Away,train
274,2020-12-26__Arsenal__vs__Chelsea,2020-12-26,2021,Arsenal,Chelsea,Home,train
275,2020-12-26__Aston Villa__vs__Crystal Palace,2020-12-26,2021,Aston Villa,Crystal Palace,Home,train
276,2020-12-26__Arsenal__vs__Chelsea,2020-12-26,2021,Chelsea,Arsenal,Away,train
277,2020-12-26__Aston Villa__vs__Crystal Palace,2020-12-26,2021,Crystal Palace,Aston Villa,Away,train
278,2020-12-26__Sheffield United__vs__Everton,2020-12-26,2021,Everton,Sheffield Utd,Away,train
279,2020-12-26__Fulham__vs__Southampton,2020-12-26,2021,Fulham,Southampton,Home,train
280,2020-12-26__Leicester City__vs__Manchester United,2020-12-26,2021,Leicester City,Manchester Utd,Home,train
281,2020-12-26__Manchester City__vs__Newcastle United,2020-12-26,2021,Manchester City,Newcastle Utd,Home,train
282,2020-12-26__Leicester City__vs__Manchester United,2020-12-26,2021,Manchester United,Leicester City,Away,train
283,2020-12-26__Manchester City__vs__Newcastle United,2020-12-26,2021,Newcastle United,Manchester City,Away,train
284,2020-12-26__Sheffield United__vs__Everton,2020-12-26,2021,Sheffield United,Everton,Home,train
285,2020-12-26__Fulham__vs__Southampton,2020-12-26,2021,Southampton,Fulham,Away,train
286,2020-12-27__West Ham United__vs__Brighton And Hove Albion,2020-12-27,2021,Brighton And Hove Albion,West Ham,Away,train
287,2020-12-27__Leeds United__vs__Burnley,2020-12-27,2021,Burnley,Leeds United,Away,train
288,2020-12-27__Leeds United__vs__Burnley,2020-12-27,2021,Leeds United,Burnley,Home,train
289,2020-12-27__Liverpool__vs__West Bromwich Albion,2020-12-27,2021,Liverpool,West Brom,Home,train
290,2020-12-27__Wolverhampton Wanderers__vs__Tottenham Hotspur,2020-12-27,2021,Tottenham Hotspur,Wolves,Away,train
291,2020-12-27__Liverpool__vs__West Bromwich Albion,2020-12-27,2021,West Bromwich Albion,Liverpool,Away,train
292,2020-12-27__West Ham United__vs__Brighton And Hove Albion,2020-12-27,2021,West Ham United,Brighton,Home,train
293,2020-12-27__Wolverhampton Wanderers__vs__Tottenham Hotspur,2020-12-27,2021,Wolverhampton Wanderers,Tottenham,Home,train
294,2020-12-28__Chelsea__vs__Aston Villa,2020-12-28,2021,Aston Villa,Chelsea,Away,train
295,2020-12-28__Chelsea__vs__Aston Villa,2020-12-28,2021,Chelsea,Aston Villa,Home,train
296,2020-12-28__Crystal Palace__vs__Leicester City,2020-12-28,2021,Crystal Palace,Leicester City,Home,train
297,2020-12-28__Crystal Palace__vs__Leicester City,2020-12-28,2021,Leicester City,Crystal Palace,Away,train
298,2020-12-29__Brighton And Hove Albion__vs__Arsenal,2020-12-29,2021,Arsenal,Brighton,Away,train
299,2020-12-29__Brighton And Hove Albion__vs__Arsenal,2020-12-29,2021,Brighton And Hove Albion,Arsenal,Home,train
300,2020-12-29__Burnley__vs__Sheffield United,2020-12-29,2021,Burnley,Sheffield Utd,Home,train
301,2020-12-29__West Bromwich Albion__vs__Leeds United,2020-12-29,2021,Leeds United,West Brom,Away,train
302,2020-12-29__Manchester United__vs__Wolverhampton Wanderers,2020-12-29,2021,Manchester United,Wolves,Home,train
303,2020-12-29__Burnley__vs__Sheffield United,2020-12-29,2021,Sheffield United,Burnley,Away,train
304,2020-12-29__Southampton__vs__West Ham United,2020-12-29,2021,Southampton,West Ham,Home,train
305,2020-12-29__West Bromwich Albion__vs__Leeds United,2020-12-29,2021,West Bromwich Albion,Leeds United,Home,train
306,2020-12-29__Southampton__vs__West Ham United,2020-12-29,2021,West Ham United,Southampton,Away,train
307,2020-12-29__Manchester United__vs__Wolverhampton Wanderers,2020-12-29,2021,Wolverhampton Wanderers,Manchester Utd,Away,train
308,2020-12-30__Newcastle United__vs__Liverpool,2020-12-30,2021,Liverpool,Newcastle Utd,Away,train
309,2020-12-30__Newcastle United__vs__Liverpool,2020-12-30,2021,Newcastle United,Liverpool,Home,train
310,2021-01-01__Manchester United__vs__Aston Villa,2021-01-01,2021,Aston Villa,Manchester Utd,Away,train
311,2021-01-01__Everton__vs__West Ham United,2021-01-01,2021,Everton,West Ham,Home,train
312,2021-01-01__Manchester United__vs__Aston Villa,2021-01-01,2021,Manchester United,Aston Villa,Home,train
313,2021-01-01__Everton__vs__West Ham United,2021-01-01,2021,West Ham United,Everton,Away,train
314,2021-01-02__West Bromwich Albion__vs__Arsenal,2021-01-02,2021,Arsenal,West Brom,Away,train
315,2021-01-02__Brighton And Hove Albion__vs__Wolverhampton Wanderers,2021-01-02,2021,Brighton And Hove Albion,Wolves,Home,train
316,2021-01-02__Crystal Palace__vs__Sheffield United,2021-01-02,2021,Crystal Palace,Sheffield Utd,Home,train
317,2021-01-02__Tottenham Hotspur__vs__Leeds United,2021-01-02,2021,Leeds United,Tottenham,Away,train
318,2021-01-02__Crystal Palace__vs__Sheffield United,2021-01-02,2021,Sheffield United,Crystal Palace,Away,train
319,2021-01-02__Tottenham Hotspur__vs__Leeds United,2021-01-02,2021,Tottenham Hotspur,Leeds United,Home,train
320,2021-01-02__West Bromwich Albion__vs__Arsenal,2021-01-02,2021,West Bromwich Albion,Arsenal,Home,train
321,2021-01-02__Brighton And Hove Albion__vs__Wolverhampton Wanderers,2021-01-02,2021,Wolverhampton Wanderers,Brighton,Away,train
322,2021-01-03__Chelsea__vs__Manchester City,2021-01-03,2021,Chelsea,Manchester City,Home,train
323,2021-01-03__Newcastle United__vs__Leicester City,2021-01-03,2021,Leicester City,Newcastle Utd,Away,train
324,2021-01-03__Chelsea__vs__Manchester City,2021-01-03,2021,Manchester City,Chelsea,Away,train
325,2021-01-03__Newcastle United__vs__Leicester City,2021-01-03,2021,Newcastle United,Leicester City,Home,train
326,2021-01-04__Southampton__vs__Liverpool,2021-01-04,2021,Liverpool,Southampton,Away,train
327,2021-01-04__Southampton__vs__Liverpool,2021-01-04,2021,Southampton,Liverpool,Home,train
328,2021-01-12__Burnley__vs__Manchester United,2021-01-12,2021,Burnley,Manchester Utd,Home,train
329,2021-01-12__Wolverhampton Wanderers__vs__Everton,2021-01-12,2021,Everton,Wolves,Away,train
330,2021-01-12__Burnley__vs__Manchester United,2021-01-12,2021,Manchester United,Burnley,Away,train
331,2021-01-12__Sheffield United__vs__Newcastle United,2021-01-12,2021,Newcastle United,Sheffield Utd,Away,train
332,2021-01-12__Sheffield United__vs__Newcastle United,2021-01-12,2021,Sheffield United,Newcastle Utd,Home,train
333,2021-01-12__Wolverhampton Wanderers__vs__Everton,2021-01-12,2021,Wolverhampton Wanderers,Everton,Home,train
334,2021-01-13__Manchester City__vs__Brighton And Hove Albion,2021-01-13,2021,Brighton And Hove Albion,Manchester City,Away,train
335,2021-01-13__Tottenham Hotspur__vs__Fulham,2021-01-13,2021,Fulham,Tottenham,Away,train
336,2021-01-13__Manchester City__vs__Brighton And Hove Albion,2021-01-13,2021,Manchester City,Brighton,Home,train
337,2021-01-13__Tottenham Hotspur__vs__Fulham,2021-01-13,2021,Tottenham Hotspur,Fulham,Home,train
338,2021-01-14__Arsenal__vs__Crystal Palace,2021-01-14,2021,Arsenal,Crystal Palace,Home,train
339,2021-01-14__Arsenal__vs__Crystal Palace,2021-01-14,2021,Crystal Palace,Arsenal,Away,train
340,2021-01-16__Leeds United__vs__Brighton And Hove Albion,2021-01-16,2021,Brighton And Hove Albion,Leeds United,Away,train
341,2021-01-16__West Ham United__vs__Burnley,2021-01-16,2021,Burnley,West Ham,Away,train
342,2021-01-16__Fulham__vs__Chelsea,2021-01-16,2021,Chelsea,Fulham,Away,train
343,2021-01-16__Fulham__vs__Chelsea,2021-01-16,2021,Fulham,Chelsea,Home,train
344,2021-01-16__Leeds United__vs__Brighton And Hove Albion,2021-01-16,2021,Leeds United,Brighton,Home,train
345,2021-01-16__Leicester City__vs__Southampton,2021-01-16,2021,Leicester City,Southampton,Home,train
346,2021-01-16__Leicester City__vs__Southampton,2021-01-16,2021,Southampton,Leicester City,Away,train
347,2021-01-16__Wolverhampton Wanderers__vs__West Bromwich Albion,2021-01-16,2021,West Bromwich Albion,Wolves,Away,train
348,2021-01-16__West Ham United__vs__Burnley,2021-01-16,2021,West Ham United,Burnley,Home,train
349,2021-01-16__Wolverhampton Wanderers__vs__West Bromwich Albion,2021-01-16,2021,Wolverhampton Wanderers,West Brom,Home,train
350,2021-01-17__Manchester City__vs__Crystal Palace,2021-01-17,2021,Crystal Palace,Manchester City,Away,train
351,2021-01-17__Liverpool__vs__Manchester United,2021-01-17,2021,Liverpool,Manchester Utd,Home,train
352,2021-01-17__Manchester City__vs__Crystal Palace,2021-01-17,2021,Manchester City,Crystal Palace,Home,train
353,2021-01-17__Liverpool__vs__Manchester United,2021-01-17,2021,Manchester United,Liverpool,Away,train
354,2021-01-17__Sheffield United__vs__Tottenham Hotspur,2021-01-17,2021,Sheffield United,Tottenham,Home,train
355,2021-01-17__Sheffield United__vs__Tottenham Hotspur,2021-01-17,2021,Tottenham Hotspur,Sheffield Utd,Away,train
356,2021-01-18__Arsenal__vs__Newcastle United,2021-01-18,2021,Arsenal,Newcastle Utd,Home,train
357,2021-01-18__Arsenal__vs__Newcastle United,2021-01-18,2021,Newcastle United,Arsenal,Away,train
358,2021-01-19__Leicester City__vs__Chelsea,2021-01-19,2021,Chelsea,Leicester City,Away,train
359,2021-01-19__Leicester City__vs__Chelsea,2021-01-19,2021,Leicester City,Chelsea,Home,train
360,2021-01-19__West Ham United__vs__West Bromwich Albion,2021-01-19,2021,West Bromwich Albion,West Ham,Away,train
361,2021-01-19__West Ham United__vs__West Bromwich Albion,2021-01-19,2021,West Ham United,West Brom,Home,train
362,2021-01-20__Manchester City__vs__Aston Villa,2021-01-20,2021,Aston Villa,Manchester City,Away,train
363,2021-01-20__Fulham__vs__Manchester United,2021-01-20,2021,Fulham,Manchester Utd,Home,train
364,2021-01-20__Manchester City__vs__Aston Villa,2021-01-20,2021,Manchester City,Aston Villa,Home,train
365,2021-01-20__Fulham__vs__Manchester United,2021-01-20,2021,Manchester United,Fulham,Away,train
366,2021-01-21__Liverpool__vs__Burnley,2021-01-21,2021,Burnley,Liverpool,Away,train
367,2021-01-21__Liverpool__vs__Burnley,2021-01-21,2021,Liverpool,Burnley,Home,train
368,2021-01-23__Aston Villa__vs__Newcastle United,2021-01-23,2021,Aston Villa,Newcastle Utd,Home,train
369,2021-01-23__Aston Villa__vs__Newcastle United,2021-01-23,2021,Newcastle United,Aston Villa,Away,train
370,2021-01-26__Southampton__vs__Arsenal,2021-01-26,2021,Arsenal,Southampton,Away,train
371,2021-01-26__Crystal Palace__vs__West Ham United,2021-01-26,2021,Crystal Palace,West Ham,Home,train
372,2021-01-26__Newcastle United__vs__Leeds United,2021-01-26,2021,Leeds United,Newcastle Utd,Away,train
373,2021-01-26__West Bromwich Albion__vs__Manchester City,2021-01-26,2021,Manchester City,West Brom,Away,train
374,2021-01-26__Newcastle United__vs__Leeds United,2021-01-26,2021,Newcastle United,Leeds United,Home,train
375,2021-01-26__Southampton__vs__Arsenal,2021-01-26,2021,Southampton,Arsenal,Home,train
376,2021-01-26__West Bromwich Albion__vs__Manchester City,2021-01-26,2021,West Bromwich Albion,Manchester City,Home,train
377,2021-01-26__Crystal Palace__vs__West Ham United,2021-01-26,2021,West Ham United,Crystal Palace,Away,train
378,2021-01-27__Burnley__vs__Aston Villa,2021-01-27,2021,Aston Villa,Burnley,Away,train
379,2021-01-27__Brighton And Hove Albion__vs__Fulham,2021-01-27,2021,Brighton And Hove Albion,Fulham,Home,train
380,2021-01-27__Burnley__vs__Aston Villa,2021-01-27,2021,Burnley,Aston Villa,Home,train
381,2021-01-27__Chelsea__vs__Wolverhampton Wanderers,2021-01-27,2021,Chelsea,Wolves,Home,train
382,2021-01-27__Everton__vs__Leicester City,2021-01-27,2021,Everton,Leicester City,Home,train
383,2021-01-27__Brighton And Hove Albion__vs__Fulham,2021-01-27,2021,Fulham,Brighton,Away,train
384,2021-01-27__Everton__vs__Leicester City,2021-01-27,2021,Leicester City,Everton,Away,train
385,2021-01-27__Manchester United__vs__Sheffield United,2021-01-27,2021,Manchester United,Sheffield Utd,Home,train
386,2021-01-27__Manchester United__vs__Sheffield United,2021-01-27,2021,Sheffield United,Manchester Utd,Away,train
387,2021-01-27__Chelsea__vs__Wolverhampton Wanderers,2021-01-27,2021,Wolverhampton Wanderers,Chelsea,Away,train
388,2021-01-28__Tottenham Hotspur__vs__Liverpool,2021-01-28,2021,Liverpool,Tottenham,Away,train
389,2021-01-28__Tottenham Hotspur__vs__Liverpool,2021-01-28,2021,Tottenham Hotspur,Liverpool,Home,train
390,2021-01-30__Arsenal__vs__Manchester United,2021-01-30,2021,Arsenal,Manchester Utd,Home,train
391,2021-01-30__Southampton__vs__Aston Villa,2021-01-30,2021,Aston Villa,Southampton,Away,train
392,2021-01-30__Crystal Palace__vs__Wolverhampton Wanderers,2021-01-30,2021,Crystal Palace,Wolves,Home,train
393,2021-01-30__Everton__vs__Newcastle United,2021-01-30,2021,Everton,Newcastle Utd,Home,train
394,2021-01-30__West Bromwich Albion__vs__Fulham,2021-01-30,2021,Fulham,West Brom,Away,train
395,2021-01-30__Manchester City__vs__Sheffield United,2021-01-30,2021,Manchester City,Sheffield Utd,Home,train
396,2021-01-30__Arsenal__vs__Manchester United,2021-01-30,2021,Manchester United,Arsenal,Away,train
397,2021-01-30__Everton__vs__Newcastle United,2021-01-30,2021,Newcastle United,Everton,Away,train
398,2021-01-30__Manchester City__vs__Sheffield United,2021-01-30,2021,Sheffield United,Manchester City,Away,train
399,2021-01-30__Southampton__vs__Aston Villa,2021-01-30,2021,Southampton,Aston Villa,Home,train
400,2021-01-30__West Bromwich Albion__vs__Fulham,2021-01-30,2021,West Bromwich Albion,Fulham,Home,train
401,2021-01-30__Crystal Palace__vs__Wolverhampton Wanderers,2021-01-30,2021,Wolverhampton Wanderers,Crystal Palace,Away,train
402,2021-01-31__Brighton And Hove Albion__vs__Tottenham Hotspur,2021-01-31,2021,Brighton And Hove Albion,Tottenham,Home,train
403,2021-01-31__Chelsea__vs__Burnley,2021-01-31,2021,Burnley,Chelsea,Away,train
404,2021-01-31__Chelsea__vs__Burnley,2021-01-31,2021,Chelsea,Burnley,Home,train
405,2021-01-31__Leicester City__vs__Leeds United,2021-01-31,2021,Leeds United,Leicester City,Away,train
406,2021-01-31__Leicester City__vs__Leeds United,2021-01-31,2021,Leicester City,Leeds United,Home,train
407,2021-01-31__West Ham United__vs__Liverpool,2021-01-31,2021,Liverpool,West Ham,Away,train
408,2021-01-31__Brighton And Hove Albion__vs__Tottenham Hotspur,2021-01-31,2021,Tottenham Hotspur,Brighton,Away,train
409,2021-01-31__West Ham United__vs__Liverpool,2021-01-31,2021,West Ham United,Liverpool,Home,train
410,2021-02-02__Wolverhampton Wanderers__vs__Arsenal,2021-02-02,2021,Arsenal,Wolves,Away,train
411,2021-02-02__Newcastle United__vs__Crystal Palace,2021-02-02,2021,Crystal Palace,Newcastle Utd,Away,train
412,2021-02-02__Manchester United__vs__Southampton,2021-02-02,2021,Manchester United,Southampton,Home,train
413,2021-02-02__Newcastle United__vs__Crystal Palace,2021-02-02,2021,Newcastle United,Crystal Palace,Home,train
414,2021-02-02__Sheffield United__vs__West Bromwich Albion,2021-02-02,2021,Sheffield United,West Brom,Home,train
415,2021-02-02__Manchester United__vs__Southampton,2021-02-02,2021,Southampton,Manchester Utd,Away,train
416,2021-02-02__Sheffield United__vs__West Bromwich Albion,2021-02-02,2021,West Bromwich Albion,Sheffield Utd,Away,train
417,2021-02-02__Wolverhampton Wanderers__vs__Arsenal,2021-02-02,2021,Wolverhampton Wanderers,Arsenal,Home,train
418,2021-02-03__Aston Villa__vs__West Ham United,2021-02-03,2021,Aston Villa,West Ham,Home,train
419,2021-02-03__Liverpool__vs__Brighton And Hove Albion,2021-02-03,2021,Brighton And Hove Albion,Liverpool,Away,train
420,2021-02-03__Burnley__vs__Manchester City,2021-02-03,2021,Burnley,Manchester City,Home,train
421,2021-02-03__Leeds United__vs__Everton,2021-02-03,2021,Everton,Leeds United,Away,train
422,2021-02-03__Fulham__vs__Leicester City,2021-02-03,2021,Fulham,Leicester City,Home,train
423,2021-02-03__Leeds United__vs__Everton,2021-02-03,2021,Leeds United,Everton,Home,train
424,2021-02-03__Fulham__vs__Leicester City,2021-02-03,2021,Leicester City,Fulham,Away,train
425,2021-02-03__Liverpool__vs__Brighton And Hove Albion,2021-02-03,2021,Liverpool,Brighton,Home,train
426,2021-02-03__Burnley__vs__Manchester City,2021-02-03,2021,Manchester City,Burnley,Away,train
427,2021-02-03__Aston Villa__vs__West Ham United,2021-02-03,2021,West Ham United,Aston Villa,Away,train
428,2021-02-04__Tottenham Hotspur__vs__Chelsea,2021-02-04,2021,Chelsea,Tottenham,Away,train
429,2021-02-04__Tottenham Hotspur__vs__Chelsea,2021-02-04,2021,Tottenham Hotspur,Chelsea,Home,train
430,2021-02-06__Aston Villa__vs__Arsenal,2021-02-06,2021,Arsenal,Aston Villa,Away,train
431,2021-02-06__Aston Villa__vs__Arsenal,2021-02-06,2021,Aston Villa,Arsenal,Home,train
432,2021-02-06__Burnley__vs__Brighton And Hove Albion,2021-02-06,2021,Brighton And Hove Albion,Burnley,Away,train
433,2021-02-06__Burnley__vs__Brighton And Hove Albion,2021-02-06,2021,Burnley,Brighton,Home,train
434,2021-02-06__Manchester United__vs__Everton,2021-02-06,2021,Everton,Manchester Utd,Away,train
435,2021-02-06__Fulham__vs__West Ham United,2021-02-06,2021,Fulham,West Ham,Home,train
436,2021-02-06__Manchester United__vs__Everton,2021-02-06,2021,Manchester United,Everton,Home,train
437,2021-02-06__Newcastle United__vs__Southampton,2021-02-06,2021,Newcastle United,Southampton,Home,train
438,2021-02-06__Newcastle United__vs__Southampton,2021-02-06,2021,Southampton,Newcastle Utd,Away,train
439,2021-02-06__Fulham__vs__West Ham United,2021-02-06,2021,West Ham United,Fulham,Away,train
440,2021-02-07__Sheffield United__vs__Chelsea,2021-02-07,2021,Chelsea,Sheffield Utd,Away,train
441,2021-02-07__Wolverhampton Wanderers__vs__Leicester City,2021-02-07,2021,Leicester City,Wolves,Away,train
442,2021-02-07__Liverpool__vs__Manchester City,2021-02-07,2021,Liverpool,Manchester City,Home,train
443,2021-02-07__Liverpool__vs__Manchester City,2021-02-07,2021,Manchester City,Liverpool,Away,train
444,2021-02-07__Sheffield United__vs__Chelsea,2021-02-07,2021,Sheffield United,Chelsea,Home,train
445,2021-02-07__Tottenham Hotspur__vs__West Bromwich Albion,2021-02-07,2021,Tottenham Hotspur,West Brom,Home,train
446,2021-02-07__Tottenham Hotspur__vs__West Bromwich Albion,2021-02-07,2021,West Bromwich Albion,Tottenham,Away,train
447,2021-02-07__Wolverhampton Wanderers__vs__Leicester City,2021-02-07,2021,Wolverhampton Wanderers,Leicester City,Home,train
448,2021-02-08__Leeds United__vs__Crystal Palace,2021-02-08,2021,Crystal Palace,Leeds United,Away,train
449,2021-02-08__Leeds United__vs__Crystal Palace,2021-02-08,2021,Leeds United,Crystal Palace,Home,train
450,2021-02-13__Brighton And Hove Albion__vs__Aston Villa,2021-02-13,2021,Aston Villa,Brighton,Away,train
451,2021-02-13__Brighton And Hove Albion__vs__Aston Villa,2021-02-13,2021,Brighton And Hove Albion,Aston Villa,Home,train
452,2021-02-13__Crystal Palace__vs__Burnley,2021-02-13,2021,Burnley,Crystal Palace,Away,train
453,2021-02-13__Crystal Palace__vs__Burnley,2021-02-13,2021,Crystal Palace,Burnley,Home,train
454,2021-02-13__Leicester City__vs__Liverpool,2021-02-13,2021,Leicester City,Liverpool,Home,train
455,2021-02-13__Leicester City__vs__Liverpool,2021-02-13,2021,Liverpool,Leicester City,Away,train
456,2021-02-13__Manchester City__vs__Tottenham Hotspur,2021-02-13,2021,Manchester City,Tottenham,Home,train
457,2021-02-13__Manchester City__vs__Tottenham Hotspur,2021-02-13,2021,Tottenham Hotspur,Manchester City,Away,train
458,2021-02-14__Arsenal__vs__Leeds United,2021-02-14,2021,Arsenal,Leeds United,Home,train
459,2021-02-14__Everton__vs__Fulham,2021-02-14,2021,Everton,Fulham,Home,train
460,2021-02-14__Everton__vs__Fulham,2021-02-14,2021,Fulham,Everton,Away,train
461,2021-02-14__Arsenal__vs__Leeds United,2021-02-14,2021,Leeds United,Arsenal,Away,train
462,2021-02-14__West Bromwich Albion__vs__Manchester United,2021-02-14,2021,Manchester United,West Brom,Away,train
463,2021-02-14__Southampton__vs__Wolverhampton Wanderers,2021-02-14,2021,Southampton,Wolves,Home,train
464,2021-02-14__West Bromwich Albion__vs__Manchester United,2021-02-14,2021,West Bromwich Albion,Manchester Utd,Home,train
465,2021-02-14__Southampton__vs__Wolverhampton Wanderers,2021-02-14,2021,Wolverhampton Wanderers,Southampton,Away,train
466,2021-02-15__Chelsea__vs__Newcastle United,2021-02-15,2021,Chelsea,Newcastle Utd,Home,train
467,2021-02-15__Chelsea__vs__Newcastle United,2021-02-15,2021,Newcastle United,Chelsea,Away,train
468,2021-02-15__West Ham United__vs__Sheffield United,2021-02-15,2021,Sheffield United,West Ham,Away,train
469,2021-02-15__West Ham United__vs__Sheffield United,2021-02-15,2021,West Ham United,Sheffield Utd,Home,train
470,2021-02-17__Burnley__vs__Fulham,2021-02-17,2021,Burnley,Fulham,Home,train
471,2021-02-17__Everton__vs__Manchester City,2021-02-17,2021,Everton,Manchester City,Home,train
472,2021-02-17__Burnley__vs__Fulham,2021-02-17,2021,Fulham,Burnley,Away,train
473,2021-02-17__Everton__vs__Manchester City,2021-02-17,2021,Manchester City,Everton,Away,train
474,2021-02-19__Wolverhampton Wanderers__vs__Leeds United,2021-02-19,2021,Leeds United,Wolves,Away,train
475,2021-02-19__Wolverhampton Wanderers__vs__Leeds United,2021-02-19,2021,Wolverhampton Wanderers,Leeds United,Home,train
476,2021-02-20__Burnley__vs__West Bromwich Albion,2021-02-20,2021,Burnley,West Brom,Home,train
477,2021-02-20__Southampton__vs__Chelsea,2021-02-20,2021,Chelsea,Southampton,Away,train
478,2021-02-20__Liverpool__vs__Everton,2021-02-20,2021,Everton,Liverpool,Away,train
479,2021-02-20__Fulham__vs__Sheffield United,2021-02-20,2021,Fulham,Sheffield Utd,Home,train
480,2021-02-20__Liverpool__vs__Everton,2021-02-20,2021,Liverpool,Everton,Home,train
481,2021-02-20__Fulham__vs__Sheffield United,2021-02-20,2021,Sheffield United,Fulham,Away,train
482,2021-02-20__Southampton__vs__Chelsea,2021-02-20,2021,Southampton,Chelsea,Home,train
483,2021-02-20__Burnley__vs__West Bromwich Albion,2021-02-20,2021,West Bromwich Albion,Burnley,Away,train
484,2021-02-21__Arsenal__vs__Manchester City,2021-02-21,2021,Arsenal,Manchester City,Home,train
485,2021-02-21__Aston Villa__vs__Leicester City,2021-02-21,2021,Aston Villa,Leicester City,Home,train
486,2021-02-21__Aston Villa__vs__Leicester City,2021-02-21,2021,Leicester City,Aston Villa,Away,train
487,2021-02-21__Arsenal__vs__Manchester City,2021-02-21,2021,Manchester City,Arsenal,Away,train
488,2021-02-21__Manchester United__vs__Newcastle United,2021-02-21,2021,Manchester United,Newcastle Utd,Home,train
489,2021-02-21__Manchester United__vs__Newcastle United,2021-02-21,2021,Newcastle United,Manchester Utd,Away,train
490,2021-02-21__West Ham United__vs__Tottenham Hotspur,2021-02-21,2021,Tottenham Hotspur,West Ham,Away,train
491,2021-02-21__West Ham United__vs__Tottenham Hotspur,2021-02-21,2021,West Ham United,Tottenham,Home,train
492,2021-02-22__Brighton And Hove Albion__vs__Crystal Palace,2021-02-22,2021,Brighton And Hove Albion,Crystal Palace,Home,train
493,2021-02-22__Brighton And Hove Albion__vs__Crystal Palace,2021-02-22,2021,Crystal Palace,Brighton,Away,train
494,2021-02-23__Leeds United__vs__Southampton,2021-02-23,2021,Leeds United,Southampton,Home,train
495,2021-02-23__Leeds United__vs__Southampton,2021-02-23,2021,Southampton,Leeds United,Away,train
496,2021-02-27__Leeds United__vs__Aston Villa,2021-02-27,2021,Aston Villa,Leeds United,Away,train
497,2021-02-27__West Bromwich Albion__vs__Brighton And Hove Albion,2021-02-27,2021,Brighton And Hove Albion,West Brom,Away,train
498,2021-02-27__Leeds United__vs__Aston Villa,2021-02-27,2021,Leeds United,Aston Villa,Home,train
499,2021-02-27__Manchester City__vs__West Ham United,2021-02-27,2021,Manchester City,West Ham,Home,train
500,2021-02-27__Newcastle United__vs__Wolverhampton Wanderers,2021-02-27,2021,Newcastle United,Wolves,Home,train
501,2021-02-27__West Bromwich Albion__vs__Brighton And Hove Albion,2021-02-27,2021,West Bromwich Albion,Brighton,Home,train
502,2021-02-27__Manchester City__vs__West Ham United,2021-02-27,2021,West Ham United,Manchester City,Away,train
503,2021-02-27__Newcastle United__vs__Wolverhampton Wanderers,2021-02-27,2021,Wolverhampton Wanderers,Newcastle Utd,Away,train
504,2021-02-28__Leicester City__vs__Arsenal,2021-02-28,2021,Arsenal,Leicester City,Away,train
505,2021-02-28__Tottenham Hotspur__vs__Burnley,2021-02-28,2021,Burnley,Tottenham,Away,train
506,2021-02-28__Chelsea__vs__Manchester United,2021-02-28,2021,Chelsea,Manchester Utd,Home,train
507,2021-02-28__Crystal Palace__vs__Fulham,2021-02-28,2021,Crystal Palace,Fulham,Home,train
508,2021-02-28__Crystal Palace__vs__Fulham,2021-02-28,2021,Fulham,Crystal Palace,Away,train
509,2021-02-28__Leicester City__vs__Arsenal,2021-02-28,2021,Leicester City,Arsenal,Home,train
510,2021-02-28__Sheffield United__vs__Liverpool,2021-02-28,2021,Liverpool,Sheffield Utd,Away,train
511,2021-02-28__Chelsea__vs__Manchester United,2021-02-28,2021,Manchester United,Chelsea,Away,train
512,2021-02-28__Sheffield United__vs__Liverpool,2021-02-28,2021,Sheffield United,Liverpool,Home,train
513,2021-02-28__Tottenham Hotspur__vs__Burnley,2021-02-28,2021,Tottenham Hotspur,Burnley,Home,train
514,2021-03-01__Everton__vs__Southampton,2021-03-01,2021,Everton,Southampton,Home,train
515,2021-03-01__Everton__vs__Southampton,2021-03-01,2021,Southampton,Everton,Away,train
516,2021-03-02__Manchester City__vs__Wolverhampton Wanderers,2021-03-02,2021,Manchester City,Wolves,Home,train
517,2021-03-02__Manchester City__vs__Wolverhampton Wanderers,2021-03-02,2021,Wolverhampton Wanderers,Manchester City,Away,train
518,2021-03-03__Sheffield United__vs__Aston Villa,2021-03-03,2021,Aston Villa,Sheffield Utd,Away,train
519,2021-03-03__Burnley__vs__Leicester City,2021-03-03,2021,Burnley,Leicester City,Home,train
520,2021-03-03__Crystal Palace__vs__Manchester United,2021-03-03,2021,Crystal Palace,Manchester Utd,Home,train
521,2021-03-03__Burnley__vs__Leicester City,2021-03-03,2021,Leicester City,Burnley,Away,train
522,2021-03-03__Crystal Palace__vs__Manchester United,2021-03-03,2021,Manchester United,Crystal Palace,Away,train
523,2021-03-03__Sheffield United__vs__Aston Villa,2021-03-03,2021,Sheffield United,Aston Villa,Home,train
524,2021-03-04__Liverpool__vs__Chelsea,2021-03-04,2021,Chelsea,Liverpool,Away,train
525,2021-03-04__West Bromwich Albion__vs__Everton,2021-03-04,2021,Everton,West Brom,Away,train
526,2021-03-04__Fulham__vs__Tottenham Hotspur,2021-03-04,2021,Fulham,Tottenham,Home,train
527,2021-03-04__Liverpool__vs__Chelsea,2021-03-04,2021,Liverpool,Chelsea,Home,train
528,2021-03-04__Fulham__vs__Tottenham Hotspur,2021-03-04,2021,Tottenham Hotspur,Fulham,Away,train
529,2021-03-04__West Bromwich Albion__vs__Everton,2021-03-04,2021,West Bromwich Albion,Everton,Home,train
530,2021-03-06__Burnley__vs__Arsenal,2021-03-06,2021,Arsenal,Burnley,Away,train
531,2021-03-06__Aston Villa__vs__Wolverhampton Wanderers,2021-03-06,2021,Aston Villa,Wolves,Home,train
532,2021-03-06__Brighton And Hove Albion__vs__Leicester City,2021-03-06,2021,Brighton And Hove Albion,Leicester City,Home,train
533,2021-03-06__Burnley__vs__Arsenal,2021-03-06,2021,Burnley,Arsenal,Home,train
534,2021-03-06__Brighton And Hove Albion__vs__Leicester City,2021-03-06,2021,Leicester City,Brighton,Away,train
535,2021-03-06__Sheffield United__vs__Southampton,2021-03-06,2021,Sheffield United,Southampton,Home,train
536,2021-03-06__Sheffield United__vs__Southampton,2021-03-06,2021,Southampton,Sheffield Utd,Away,train
537,2021-03-06__Aston Villa__vs__Wolverhampton Wanderers,2021-03-06,2021,Wolverhampton Wanderers,Aston Villa,Away,train
538,2021-03-07__Tottenham Hotspur__vs__Crystal Palace,2021-03-07,2021,Crystal Palace,Tottenham,Away,train
539,2021-03-07__Liverpool__vs__Fulham,2021-03-07,2021,Fulham,Liverpool,Away,train
540,2021-03-07__Liverpool__vs__Fulham,2021-03-07,2021,Liverpool,Fulham,Home,train
541,2021-03-07__Manchester City__vs__Manchester United,2021-03-07,2021,Manchester City,Manchester Utd,Home,train
542,2021-03-07__Manchester City__vs__Manchester United,2021-03-07,2021,Manchester United,Manchester City,Away,train
543,2021-03-07__West Bromwich Albion__vs__Newcastle United,2021-03-07,2021,Newcastle United,West Brom,Away,train
544,2021-03-07__Tottenham Hotspur__vs__Crystal Palace,2021-03-07,2021,Tottenham Hotspur,Crystal Palace,Home,train
545,2021-03-07__West Bromwich Albion__vs__Newcastle United,2021-03-07,2021,West Bromwich Albion,Newcastle Utd,Home,train
546,2021-03-08__Chelsea__vs__Everton,2021-03-08,2021,Chelsea,Everton,Home,train
547,2021-03-08__Chelsea__vs__Everton,2021-03-08,2021,Everton,Chelsea,Away,train
548,2021-03-08__West Ham United__vs__Leeds United,2021-03-08,2021,Leeds United,West Ham,Away,train
549,2021-03-08__West Ham United__vs__Leeds United,2021-03-08,2021,West Ham United,Leeds United,Home,train
550,2021-03-10__Manchester City__vs__Southampton,2021-03-10,2021,Manchester City,Southampton,Home,train
551,2021-03-10__Manchester City__vs__Southampton,2021-03-10,2021,Southampton,Manchester City,Away,train
552,2021-03-12__Newcastle United__vs__Aston Villa,2021-03-12,2021,Aston Villa,Newcastle Utd,Away,train
553,2021-03-12__Newcastle United__vs__Aston Villa,2021-03-12,2021,Newcastle United,Aston Villa,Home,train
554,2021-03-13__Everton__vs__Burnley,2021-03-13,2021,Burnley,Everton,Away,train
555,2021-03-13__Leeds United__vs__Chelsea,2021-03-13,2021,Chelsea,Leeds United,Away,train
556,2021-03-13__Crystal Palace__vs__West Bromwich Albion,2021-03-13,2021,Crystal Palace,West Brom,Home,train
557,2021-03-13__Everton__vs__Burnley,2021-03-13,2021,Everton,Burnley,Home,train
558,2021-03-13__Fulham__vs__Manchester City,2021-03-13,2021,Fulham,Manchester City,Home,train
559,2021-03-13__Leeds United__vs__Chelsea,2021-03-13,2021,Leeds United,Chelsea,Home,train
560,2021-03-13__Fulham__vs__Manchester City,2021-03-13,2021,Manchester City,Fulham,Away,train
561,2021-03-13__Crystal Palace__vs__West Bromwich Albion,2021-03-13,2021,West Bromwich Albion,Crystal Palace,Away,train
562,2021-03-14__Arsenal__vs__Tottenham Hotspur,2021-03-14,2021,Arsenal,Tottenham,Home,train
563,2021-03-14__Southampton__vs__Brighton And Hove Albion,2021-03-14,2021,Brighton And Hove Albion,Southampton,Away,train
564,2021-03-14__Leicester City__vs__Sheffield United,2021-03-14,2021,Leicester City,Sheffield Utd,Home,train
565,2021-03-14__Manchester United__vs__West Ham United,2021-03-14,2021,Manchester United,West Ham,Home,train
566,2021-03-14__Leicester City__vs__Sheffield United,2021-03-14,2021,Sheffield United,Leicester City,Away,train
567,2021-03-14__Southampton__vs__Brighton And Hove Albion,2021-03-14,2021,Southampton,Brighton,Home,train
568,2021-03-14__Arsenal__vs__Tottenham Hotspur,2021-03-14,2021,Tottenham Hotspur,Arsenal,Away,train
569,2021-03-14__Manchester United__vs__West Ham United,2021-03-14,2021,West Ham United,Manchester Utd,Away,train
570,2021-03-15__Wolverhampton Wanderers__vs__Liverpool,2021-03-15,2021,Liverpool,Wolves,Away,train
571,2021-03-15__Wolverhampton Wanderers__vs__Liverpool,2021-03-15,2021,Wolverhampton Wanderers,Liverpool,Home,train
572,2021-03-19__Fulham__vs__Leeds United,2021-03-19,2021,Fulham,Leeds United,Home,train
573,2021-03-19__Fulham__vs__Leeds United,2021-03-19,2021,Leeds United,Fulham,Away,train
574,2021-03-20__Brighton And Hove Albion__vs__Newcastle United,2021-03-20,2021,Brighton And Hove Albion,Newcastle Utd,Home,train
575,2021-03-20__Brighton And Hove Albion__vs__Newcastle United,2021-03-20,2021,Newcastle United,Brighton,Away,train
576,2021-03-21__West Ham United__vs__Arsenal,2021-03-21,2021,Arsenal,West Ham,Away,train
577,2021-03-21__Aston Villa__vs__Tottenham Hotspur,2021-03-21,2021,Aston Villa,Tottenham,Home,train
578,2021-03-21__Aston Villa__vs__Tottenham Hotspur,2021-03-21,2021,Tottenham Hotspur,Aston Villa,Away,train
579,2021-03-21__West Ham United__vs__Arsenal,2021-03-21,2021,West Ham United,Arsenal,Home,train
580,2021-04-03__Arsenal__vs__Liverpool,2021-04-03,2021,Arsenal,Liverpool,Home,train
581,2021-04-03__Chelsea__vs__West Bromwich Albion,2021-04-03,2021,Chelsea,West Brom,Home,train
582,2021-04-03__Leeds United__vs__Sheffield United,2021-04-03,2021,Leeds United,Sheffield Utd,Home,train
583,2021-04-03__Leicester City__vs__Manchester City,2021-04-03,2021,Leicester City,Manchester City,Home,train
584,2021-04-03__Arsenal__vs__Liverpool,2021-04-03,2021,Liverpool,Arsenal,Away,train
585,2021-04-03__Leicester City__vs__Manchester City,2021-04-03,2021,Manchester City,Leicester City,Away,train
586,2021-04-03__Leeds United__vs__Sheffield United,2021-04-03,2021,Sheffield United,Leeds United,Away,train
587,2021-04-03__Chelsea__vs__West Bromwich Albion,2021-04-03,2021,West Bromwich Albion,Chelsea,Away,train
588,2021-04-04__Aston Villa__vs__Fulham,2021-04-04,2021,Aston Villa,Fulham,Home,train
589,2021-04-04__Manchester United__vs__Brighton And Hove Albion,2021-04-04,2021,Brighton And Hove Albion,Manchester Utd,Away,train
590,2021-04-04__Southampton__vs__Burnley,2021-04-04,2021,Burnley,Southampton,Away,train
591,2021-04-04__Aston Villa__vs__Fulham,2021-04-04,2021,Fulham,Aston Villa,Away,train
592,2021-04-04__Manchester United__vs__Brighton And Hove Albion,2021-04-04,2021,Manchester United,Brighton,Home,train
593,2021-04-04__Newcastle United__vs__Tottenham Hotspur,2021-04-04,2021,Newcastle United,Tottenham,Home,train
594,2021-04-04__Southampton__vs__Burnley,2021-04-04,2021,Southampton,Burnley,Home,train
595,2021-04-04__Newcastle United__vs__Tottenham Hotspur,2021-04-04,2021,Tottenham Hotspur,Newcastle Utd,Away,train
596,2021-04-05__Everton__vs__Crystal Palace,2021-04-05,2021,Crystal Palace,Everton,Away,train
597,2021-04-05__Everton__vs__Crystal Palace,2021-04-05,2021,Everton,Crystal Palace,Home,train
598,2021-04-05__Wolverhampton Wanderers__vs__West Ham United,2021-04-05,2021,West Ham United,Wolves,Away,train
599,2021-04-05__Wolverhampton Wanderers__vs__West Ham United,2021-04-05,2021,Wolverhampton Wanderers,West Ham,Home,train
600,2021-04-09__Fulham__vs__Wolverhampton Wanderers,2021-04-09,2021,Fulham,Wolves,Home,train
601,2021-04-09__Fulham__vs__Wolverhampton Wanderers,2021-04-09,2021,Wolverhampton Wanderers,Fulham,Away,train
602,2021-04-10__Liverpool__vs__Aston Villa,2021-04-10,2021,Aston Villa,Liverpool,Away,train
603,2021-04-10__Crystal Palace__vs__Chelsea,2021-04-10,2021,Chelsea,Crystal Palace,Away,train
604,2021-04-10__Crystal Palace__vs__Chelsea,2021-04-10,2021,Crystal Palace,Chelsea,Home,train
605,2021-04-10__Manchester City__vs__Leeds United,2021-04-10,2021,Leeds United,Manchester City,Away,train
606,2021-04-10__Liverpool__vs__Aston Villa,2021-04-10,2021,Liverpool,Aston Villa,Home,train
607,2021-04-10__Manchester City__vs__Leeds United,2021-04-10,2021,Manchester City,Leeds United,Home,train
608,2021-04-11__Sheffield United__vs__Arsenal,2021-04-11,2021,Arsenal,Sheffield Utd,Away,train
609,2021-04-11__Burnley__vs__Newcastle United,2021-04-11,2021,Burnley,Newcastle Utd,Home,train
610,2021-04-11__West Ham United__vs__Leicester City,2021-04-11,2021,Leicester City,West Ham,Away,train
611,2021-04-11__Tottenham Hotspur__vs__Manchester United,2021-04-11,2021,Manchester United,Tottenham,Away,train
612,2021-04-11__Burnley__vs__Newcastle United,2021-04-11,2021,Newcastle United,Burnley,Away,train
613,2021-04-11__Sheffield United__vs__Arsenal,2021-04-11,2021,Sheffield United,Arsenal,Home,train
614,2021-04-11__Tottenham Hotspur__vs__Manchester United,2021-04-11,2021,Tottenham Hotspur,Manchester Utd,Home,train
615,2021-04-11__West Ham United__vs__Leicester City,2021-04-11,2021,West Ham United,Leicester City,Home,train
616,2021-04-12__Brighton And Hove Albion__vs__Everton,2021-04-12,2021,Brighton And Hove Albion,Everton,Home,train
617,2021-04-12__Brighton And Hove Albion__vs__Everton,2021-04-12,2021,Everton,Brighton,Away,train
618,2021-04-12__West Bromwich Albion__vs__Southampton,2021-04-12,2021,Southampton,West Brom,Away,train
619,2021-04-12__West Bromwich Albion__vs__Southampton,2021-04-12,2021,West Bromwich Albion,Southampton,Home,train
620,2021-04-16__Everton__vs__Tottenham Hotspur,2021-04-16,2021,Everton,Tottenham,Home,train
621,2021-04-16__Everton__vs__Tottenham Hotspur,2021-04-16,2021,Tottenham Hotspur,Everton,Away,train
622,2021-04-17__Newcastle United__vs__West Ham United,2021-04-17,2021,Newcastle United,West Ham,Home,train
623,2021-04-17__Wolverhampton Wanderers__vs__Sheffield United,2021-04-17,2021,Sheffield United,Wolves,Away,train
624,2021-04-17__Newcastle United__vs__West Ham United,2021-04-17,2021,West Ham United,Newcastle Utd,Away,train
625,2021-04-17__Wolverhampton Wanderers__vs__Sheffield United,2021-04-17,2021,Wolverhampton Wanderers,Sheffield Utd,Home,train
626,2021-04-18__Arsenal__vs__Fulham,2021-04-18,2021,Arsenal,Fulham,Home,train
627,2021-04-18__Manchester United__vs__Burnley,2021-04-18,2021,Burnley,Manchester Utd,Away,train
628,2021-04-18__Arsenal__vs__Fulham,2021-04-18,2021,Fulham,Arsenal,Away,train
629,2021-04-18__Manchester United__vs__Burnley,2021-04-18,2021,Manchester United,Burnley,Home,train
630,2021-04-19__Leeds United__vs__Liverpool,2021-04-19,2021,Leeds United,Liverpool,Home,train
631,2021-04-19__Leeds United__vs__Liverpool,2021-04-19,2021,Liverpool,Leeds United,Away,train
632,2021-04-20__Chelsea__vs__Brighton And Hove Albion,2021-04-20,2021,Brighton And Hove Albion,Chelsea,Away,train
633,2021-04-20__Chelsea__vs__Brighton And Hove Albion,2021-04-20,2021,Chelsea,Brighton,Home,train
634,2021-04-21__Aston Villa__vs__Manchester City,2021-04-21,2021,Aston Villa,Manchester City,Home,train
635,2021-04-21__Aston Villa__vs__Manchester City,2021-04-21,2021,Manchester City,Aston Villa,Away,train
636,2021-04-21__Tottenham Hotspur__vs__Southampton,2021-04-21,2021,Southampton,Tottenham,Away,train
637,2021-04-21__Tottenham Hotspur__vs__Southampton,2021-04-21,2021,Tottenham Hotspur,Southampton,Home,train
638,2021-04-22__Leicester City__vs__West Bromwich Albion,2021-04-22,2021,Leicester City,West Brom,Home,train
639,2021-04-22__Leicester City__vs__West Bromwich Albion,2021-04-22,2021,West Bromwich Albion,Leicester City,Away,train
640,2021-04-23__Arsenal__vs__Everton,2021-04-23,2021,Arsenal,Everton,Home,train
641,2021-04-23__Arsenal__vs__Everton,2021-04-23,2021,Everton,Arsenal,Away,train
642,2021-04-24__Sheffield United__vs__Brighton And Hove Albion,2021-04-24,2021,Brighton And Hove Albion,Sheffield Utd,Away,train
643,2021-04-24__West Ham United__vs__Chelsea,2021-04-24,2021,Chelsea,West Ham,Away,train
644,2021-04-24__Liverpool__vs__Newcastle United,2021-04-24,2021,Liverpool,Newcastle Utd,Home,train
645,2021-04-24__Liverpool__vs__Newcastle United,2021-04-24,2021,Newcastle United,Liverpool,Away,train
646,2021-04-24__Sheffield United__vs__Brighton And Hove Albion,2021-04-24,2021,Sheffield United,Brighton,Home,train
647,2021-04-24__West Ham United__vs__Chelsea,2021-04-24,2021,West Ham United,Chelsea,Home,train
648,2021-04-25__Aston Villa__vs__West Bromwich Albion,2021-04-25,2021,Aston Villa,West Brom,Home,train
649,2021-04-25__Wolverhampton Wanderers__vs__Burnley,2021-04-25,2021,Burnley,Wolves,Away,train
650,2021-04-25__Leeds United__vs__Manchester United,2021-04-25,2021,Leeds United,Manchester Utd,Home,train
651,2021-04-25__Leeds United__vs__Manchester United,2021-04-25,2021,Manchester United,Leeds United,Away,train
652,2021-04-25__Aston Villa__vs__West Bromwich Albion,2021-04-25,2021,West Bromwich Albion,Aston Villa,Away,train
653,2021-04-25__Wolverhampton Wanderers__vs__Burnley,2021-04-25,2021,Wolverhampton Wanderers,Burnley,Home,train
654,2021-04-26__Leicester City__vs__Crystal Palace,2021-04-26,2021,Crystal Palace,Leicester City,Away,train
655,2021-04-26__Leicester City__vs__Crystal Palace,2021-04-26,2021,Leicester City,Crystal Palace,Home,train
656,2021-04-30__Southampton__vs__Leicester City,2021-04-30,2021,Leicester City,Southampton,Away,train
657,2021-04-30__Southampton__vs__Leicester City,2021-04-30,2021,Southampton,Leicester City,Home,train
658,2021-05-01__Everton__vs__Aston Villa,2021-05-01,2021,Aston Villa,Everton,Away,train
659,2021-05-01__Brighton And Hove Albion__vs__Leeds United,2021-05-01,2021,Brighton And Hove Albion,Leeds United,Home,train
660,2021-05-01__Chelsea__vs__Fulham,2021-05-01,2021,Chelsea,Fulham,Home,train
661,2021-05-01__Crystal Palace__vs__Manchester City,2021-05-01,2021,Crystal Palace,Manchester City,Home,train
662,2021-05-01__Everton__vs__Aston Villa,2021-05-01,2021,Everton,Aston Villa,Home,train
663,2021-05-01__Chelsea__vs__Fulham,2021-05-01,2021,Fulham,Chelsea,Away,train
664,2021-05-01__Brighton And Hove Albion__vs__Leeds United,2021-05-01,2021,Leeds United,Brighton,Away,train
665,2021-05-01__Crystal Palace__vs__Manchester City,2021-05-01,2021,Manchester City,Crystal Palace,Away,train
666,2021-05-02__Newcastle United__vs__Arsenal,2021-05-02,2021,Arsenal,Newcastle Utd,Away,train
667,2021-05-02__Newcastle United__vs__Arsenal,2021-05-02,2021,Newcastle United,Arsenal,Home,train
668,2021-05-02__Tottenham Hotspur__vs__Sheffield United,2021-05-02,2021,Sheffield United,Tottenham,Away,train
669,2021-05-02__Tottenham Hotspur__vs__Sheffield United,2021-05-02,2021,Tottenham Hotspur,Sheffield Utd,Home,train
670,2021-05-03__Burnley__vs__West Ham United,2021-05-03,2021,Burnley,West Ham,Home,train
671,2021-05-03__West Bromwich Albion__vs__Wolverhampton Wanderers,2021-05-03,2021,West Bromwich Albion,Wolves,Home,train
672,2021-05-03__Burnley__vs__West Ham United,2021-05-03,2021,West Ham United,Burnley,Away,train
673,2021-05-03__West Bromwich Albion__vs__Wolverhampton Wanderers,2021-05-03,2021,Wolverhampton Wanderers,West Brom,Away,train
674,2021-05-07__Leicester City__vs__Newcastle United,2021-05-07,2021,Leicester City,Newcastle Utd,Home,train
675,2021-05-07__Leicester City__vs__Newcastle United,2021-05-07,2021,Newcastle United,Leicester City,Away,train
676,2021-05-08__Manchester City__vs__Chelsea,2021-05-08,2021,Chelsea,Manchester City,Away,train
677,2021-05-08__Sheffield United__vs__Crystal Palace,2021-05-08,2021,Crystal Palace,Sheffield Utd,Away,train
678,2021-05-08__Leeds United__vs__Tottenham Hotspur,2021-05-08,2021,Leeds United,Tottenham,Home,train
679,2021-05-08__Liverpool__vs__Southampton,2021-05-08,2021,Liverpool,Southampton,Home,train
680,2021-05-08__Manchester City__vs__Chelsea,2021-05-08,2021,Manchester City,Chelsea,Home,train
681,2021-05-08__Sheffield United__vs__Crystal Palace,2021-05-08,2021,Sheffield United,Crystal Palace,Home,train
682,2021-05-08__Liverpool__vs__Southampton,2021-05-08,2021,Southampton,Liverpool,Away,train
683,2021-05-08__Leeds United__vs__Tottenham Hotspur,2021-05-08,2021,Tottenham Hotspur,Leeds United,Away,train
684,2021-05-09__Arsenal__vs__West Bromwich Albion,2021-05-09,2021,Arsenal,West Brom,Home,train
685,2021-05-09__Aston Villa__vs__Manchester United,2021-05-09,2021,Aston Villa,Manchester Utd,Home,train
686,2021-05-09__Wolverhampton Wanderers__vs__Brighton And Hove Albion,2021-05-09,2021,Brighton And Hove Albion,Wolves,Away,train
687,2021-05-09__West Ham United__vs__Everton,2021-05-09,2021,Everton,West Ham,Away,train
688,2021-05-09__Aston Villa__vs__Manchester United,2021-05-09,2021,Manchester United,Aston Villa,Away,train
689,2021-05-09__Arsenal__vs__West Bromwich Albion,2021-05-09,2021,West Bromwich Albion,Arsenal,Away,train
690,2021-05-09__West Ham United__vs__Everton,2021-05-09,2021,West Ham United,Everton,Home,train
691,2021-05-09__Wolverhampton Wanderers__vs__Brighton And Hove Albion,2021-05-09,2021,Wolverhampton Wanderers,Brighton,Home,train
692,2021-05-10__Fulham__vs__Burnley,2021-05-10,2021,Burnley,Fulham,Away,train
693,2021-05-10__Fulham__vs__Burnley,2021-05-10,2021,Fulham,Burnley,Home,train
694,2021-05-11__Southampton__vs__Crystal Palace,2021-05-11,2021,Crystal Palace,Southampton,Away,train
695,2021-05-11__Manchester United__vs__Leicester City,2021-05-11,2021,Leicester City,Manchester Utd,Away,train
696,2021-05-11__Manchester United__vs__Leicester City,2021-05-11,2021,Manchester United,Leicester City,Home,train
697,2021-05-11__Southampton__vs__Crystal Palace,2021-05-11,2021,Southampton,Crystal Palace,Home,train
698,2021-05-12__Chelsea__vs__Arsenal,2021-05-12,2021,Arsenal,Chelsea,Away,train
699,2021-05-12__Chelsea__vs__Arsenal,2021-05-12,2021,Chelsea,Arsenal,Home,train
700,2021-05-13__Aston Villa__vs__Everton,2021-05-13,2021,Aston Villa,Everton,Home,train
701,2021-05-13__Aston Villa__vs__Everton,2021-05-13,2021,Everton,Aston Villa,Away,train
702,2021-05-13__Manchester United__vs__Liverpool,2021-05-13,2021,Liverpool,Manchester Utd,Away,train
703,2021-05-13__Manchester United__vs__Liverpool,2021-05-13,2021,Manchester United,Liverpool,Home,train
704,2021-05-14__Newcastle United__vs__Manchester City,2021-05-14,2021,Manchester City,Newcastle Utd,Away,train
705,2021-05-14__Newcastle United__vs__Manchester City,2021-05-14,2021,Newcastle United,Manchester City,Home,train
706,2021-05-15__Brighton And Hove Albion__vs__West Ham United,2021-05-15,2021,Brighton And Hove Albion,West Ham,Home,train
707,2021-05-15__Burnley__vs__Leeds United,2021-05-15,2021,Burnley,Leeds United,Home,train
708,2021-05-15__Southampton__vs__Fulham,2021-05-15,2021,Fulham,Southampton,Away,train
709,2021-05-15__Burnley__vs__Leeds United,2021-05-15,2021,Leeds United,Burnley,Away,train
710,2021-05-15__Southampton__vs__Fulham,2021-05-15,2021,Southampton,Fulham,Home,train
711,2021-05-15__Brighton And Hove Albion__vs__West Ham United,2021-05-15,2021,West Ham United,Brighton,Away,train
712,2021-05-16__Crystal Palace__vs__Aston Villa,2021-05-16,2021,Aston Villa,Crystal Palace,Away,train
713,2021-05-16__Crystal Palace__vs__Aston Villa,2021-05-16,2021,Crystal Palace,Aston Villa,Home,train
714,2021-05-16__Everton__vs__Sheffield United,2021-05-16,2021,Everton,Sheffield Utd,Home,train
715,2021-05-16__West Bromwich Albion__vs__Liverpool,2021-05-16,2021,Liverpool,West Brom,Away,train
716,2021-05-16__Everton__vs__Sheffield United,2021-05-16,2021,Sheffield United,Everton,Away,train
717,2021-05-16__Tottenham Hotspur__vs__Wolverhampton Wanderers,2021-05-16,2021,Tottenham Hotspur,Wolves,Home,train
718,2021-05-16__West Bromwich Albion__vs__Liverpool,2021-05-16,2021,West Bromwich Albion,Liverpool,Home,train
719,2021-05-16__Tottenham Hotspur__vs__Wolverhampton Wanderers,2021-05-16,2021,Wolverhampton Wanderers,Tottenham,Away,train
720,2021-05-18__Brighton And Hove Albion__vs__Manchester City,2021-05-18,2021,Brighton And Hove Albion,Manchester City,Home,train
721,2021-05-18__Chelsea__vs__Leicester City,2021-05-18,2021,Chelsea,Leicester City,Home,train
722,2021-05-18__Manchester United__vs__Fulham,2021-05-18,2021,Fulham,Manchester Utd,Away,train
723,2021-05-18__Southampton__vs__Leeds United,2021-05-18,2021,Leeds United,Southampton,Away,train
724,2021-05-18__Chelsea__vs__Leicester City,2021-05-18,2021,Leicester City,Chelsea,Away,train
725,2021-05-18__Brighton And Hove Albion__vs__Manchester City,2021-05-18,2021,Manchester City,Brighton,Away,train
726,2021-05-18__Manchester United__vs__Fulham,2021-05-18,2021,Manchester United,Fulham,Home,train
727,2021-05-18__Southampton__vs__Leeds United,2021-05-18,2021,Southampton,Leeds United,Home,train
728,2021-05-19__Crystal Palace__vs__Arsenal,2021-05-19,2021,Arsenal,Crystal Palace,Away,train
729,2021-05-19__Tottenham Hotspur__vs__Aston Villa,2021-05-19,2021,Aston Villa,Tottenham,Away,train
730,2021-05-19__Burnley__vs__Liverpool,2021-05-19,2021,Burnley,Liverpool,Home,train
731,2021-05-19__Crystal Palace__vs__Arsenal,2021-05-19,2021,Crystal Palace,Arsenal,Home,train
732,2021-05-19__Everton__vs__Wolverhampton Wanderers,2021-05-19,2021,Everton,Wolves,Home,train
733,2021-05-19__Burnley__vs__Liverpool,2021-05-19,2021,Liverpool,Burnley,Away,train
734,2021-05-19__Newcastle United__vs__Sheffield United,2021-05-19,2021,Newcastle United,Sheffield Utd,Home,train
735,2021-05-19__Newcastle United__vs__Sheffield United,2021-05-19,2021,Sheffield United,Newcastle Utd,Away,train
736,2021-05-19__Tottenham Hotspur__vs__Aston Villa,2021-05-19,2021,Tottenham Hotspur,Aston Villa,Home,train
737,2021-05-19__West Bromwich Albion__vs__West Ham United,2021-05-19,2021,West Bromwich Albion,West Ham,Home,train
738,2021-05-19__West Bromwich Albion__vs__West Ham United,2021-05-19,2021,West Ham United,West Brom,Away,train
739,2021-05-19__Everton__vs__Wolverhampton Wanderers,2021-05-19,2021,Wolverhampton Wanderers,Everton,Away,train
740,2021-05-23__Arsenal__vs__Brighton And Hove Albion,2021-05-23,2021,Arsenal,Brighton,Home,train
741,2021-05-23__Aston Villa__vs__Chelsea,2021-05-23,2021,Aston Villa,Chelsea,Home,train
742,2021-05-23__Arsenal__vs__Brighton And Hove Albion,2021-05-23,2021,Brighton And Hove Albion,Arsenal,Away,train
743,2021-05-23__Sheffield United__vs__Burnley,2021-05-23,2021,Burnley,Sheffield Utd,Away,train
744,2021-05-23__Aston Villa__vs__Chelsea,2021-05-23,2021,Chelsea,Aston Villa,Away,train
745,2021-05-23__Liverpool__vs__Crystal Palace,2021-05-23,2021,Crystal Palace,Liverpool,Away,train
746,2021-05-23__Manchester City__vs__Everton,2021-05-23,2021,Everton,Manchester City,Away,train
747,2021-05-23__Fulham__vs__Newcastle United,2021-05-23,2021,Fulham,Newcastle Utd,Home,train
748,2021-05-23__Leeds United__vs__West Bromwich Albion,2021-05-23,2021,Leeds United,West Brom,Home,train
749,2021-05-23__Leicester City__vs__Tottenham Hotspur,2021-05-23,2021,Leicester City,Tottenham,Home,train
750,2021-05-23__Liverpool__vs__Crystal Palace,2021-05-23,2021,Liverpool,Crystal Palace,Home,train
751,2021-05-23__Manchester City__vs__Everton,2021-05-23,2021,Manchester City,Everton,Home,train
752,2021-05-23__Wolverhampton Wanderers__vs__Manchester United,2021-05-23,2021,Manchester United,Wolves,Away,train
753,2021-05-23__Fulham__vs__Newcastle United,2021-05-23,2021,Newcastle United,Fulham,Away,train
754,2021-05-23__Sheffield United__vs__Burnley,2021-05-23,2021,Sheffield United,Burnley,Home,train
755,2021-05-23__West Ham United__vs__Southampton,2021-05-23,2021,Southampton,West Ham,Away,train
756,2021-05-23__Leicester City__vs__Tottenham Hotspur,2021-05-23,2021,Tottenham Hotspur,Leicester City,Away,train
757,2021-05-23__Leeds United__vs__West Bromwich Albion,2021-05-23,2021,West Bromwich Albion,Leeds United,Away,train
758,2021-05-23__West Ham United__vs__Southampton,2021-05-23,2021,West Ham United,Southampton,Home,train
759,2021-05-23__Wolverhampton Wanderers__vs__Manchester United,2021-05-23,2021,Wolverhampton Wanderers,Manchester Utd,Home,train
760,2021-08-13__Brentford__vs__Arsenal,2021-08-13,2022,Arsenal,Brentford,Away,train
761,2021-08-13__Brentford__vs__Arsenal,2021-08-13,2022,Brentford,Arsenal,Home,train
762,2021-08-14__Watford__vs__Aston Villa,2021-08-14,2022,Aston Villa,Watford,Away,train
763,2021-08-14__Burnley__vs__Brighton And Hove Albion,2021-08-14,2022,Brighton And Hove Albion,Burnley,Away,train
764,2021-08-14__Burnley__vs__Brighton And Hove Albion,2021-08-14,2022,Burnley,Brighton,Home,train
765,2021-08-14__Chelsea__vs__Crystal Palace,2021-08-14,2022,Chelsea,Crystal Palace,Home,train
766,2021-08-14__Chelsea__vs__Crystal Palace,2021-08-14,2022,Crystal Palace,Chelsea,Away,train
767,2021-08-14__Everton__vs__Southampton,2021-08-14,2022,Everton,Southampton,Home,train
768,2021-08-14__Manchester United__vs__Leeds United,2021-08-14,2022,Leeds United,Manchester Utd,Away,train
769,2021-08-14__Leicester City__vs__Wolverhampton Wanderers,2021-08-14,2022,Leicester City,Wolves,Home,train
770,2021-08-14__Norwich City__vs__Liverpool,2021-08-14,2022,Liverpool,Norwich City,Away,train
771,2021-08-14__Manchester United__vs__Leeds United,2021-08-14,2022,Manchester United,Leeds United,Home,train
772,2021-08-14__Norwich City__vs__Liverpool,2021-08-14,2022,Norwich City,Liverpool,Home,train
773,2021-08-14__Everton__vs__Southampton,2021-08-14,2022,Southampton,Everton,Away,train
774,2021-08-14__Watford__vs__Aston Villa,2021-08-14,2022,Watford,Aston Villa,Home,train
775,2021-08-14__Leicester City__vs__Wolverhampton Wanderers,2021-08-14,2022,Wolverhampton Wanderers,Leicester City,Away,train
776,2021-08-15__Tottenham Hotspur__vs__Manchester City,2021-08-15,2022,Manchester City,Tottenham,Away,train
777,2021-08-15__Newcastle United__vs__West Ham United,2021-08-15,2022,Newcastle United,West Ham,Home,train
778,2021-08-15__Tottenham Hotspur__vs__Manchester City,2021-08-15,2022,Tottenham Hotspur,Manchester City,Home,train
779,2021-08-15__Newcastle United__vs__West Ham United,2021-08-15,2022,West Ham United,Newcastle Utd,Away,train
780,2021-08-21__Aston Villa__vs__Newcastle United,2021-08-21,2022,Aston Villa,Newcastle Utd,Home,train
781,2021-08-21__Crystal Palace__vs__Brentford,2021-08-21,2022,Brentford,Crystal Palace,Away,train
782,2021-08-21__Brighton And Hove Albion__vs__Watford,2021-08-21,2022,Brighton And Hove Albion,Watford,Home,train
783,2021-08-21__Liverpool__vs__Burnley,2021-08-21,2022,Burnley,Liverpool,Away,train
784,2021-08-21__Crystal Palace__vs__Brentford,2021-08-21,2022,Crystal Palace,Brentford,Home,train
785,2021-08-21__Leeds United__vs__Everton,2021-08-21,2022,Everton,Leeds United,Away,train
786,2021-08-21__Leeds United__vs__Everton,2021-08-21,2022,Leeds United,Everton,Home,train
787,2021-08-21__Liverpool__vs__Burnley,2021-08-21,2022,Liverpool,Burnley,Home,train
788,2021-08-21__Manchester City__vs__Norwich City,2021-08-21,2022,Manchester City,Norwich City,Home,train
789,2021-08-21__Aston Villa__vs__Newcastle United,2021-08-21,2022,Newcastle United,Aston Villa,Away,train
790,2021-08-21__Manchester City__vs__Norwich City,2021-08-21,2022,Norwich City,Manchester City,Away,train
791,2021-08-21__Brighton And Hove Albion__vs__Watford,2021-08-21,2022,Watford,Brighton,Away,train
792,2021-08-22__Arsenal__vs__Chelsea,2021-08-22,2022,Arsenal,Chelsea,Home,train
793,2021-08-22__Arsenal__vs__Chelsea,2021-08-22,2022,Chelsea,Arsenal,Away,train
794,2021-08-22__Southampton__vs__Manchester United,2021-08-22,2022,Manchester United,Southampton,Away,train
795,2021-08-22__Southampton__vs__Manchester United,2021-08-22,2022,Southampton,Manchester Utd,Home,train
796,2021-08-22__Wolverhampton Wanderers__vs__Tottenham Hotspur,2021-08-22,2022,Tottenham Hotspur,Wolves,Away,train
797,2021-08-22__Wolverhampton Wanderers__vs__Tottenham Hotspur,2021-08-22,2022,Wolverhampton Wanderers,Tottenham,Home,train
798,2021-08-23__West Ham United__vs__Leicester City,2021-08-23,2022,Leicester City,West Ham,Away,train
799,2021-08-23__West Ham United__vs__Leicester City,2021-08-23,2022,West Ham United,Leicester City,Home,train
800,2021-08-28__Manchester City__vs__Arsenal,2021-08-28,2022,Arsenal,Manchester City,Away,train
801,2021-08-28__Aston Villa__vs__Brentford,2021-08-28,2022,Aston Villa,Brentford,Home,train
802,2021-08-28__Aston Villa__vs__Brentford,2021-08-28,2022,Brentford,Aston Villa,Away,train
803,2021-08-28__Brighton And Hove Albion__vs__Everton,2021-08-28,2022,Brighton And Hove Albion,Everton,Home,train
804,2021-08-28__Liverpool__vs__Chelsea,2021-08-28,2022,Chelsea,Liverpool,Away,train
805,2021-08-28__West Ham United__vs__Crystal Palace,2021-08-28,2022,Crystal Palace,West Ham,Away,train
806,2021-08-28__Brighton And Hove Albion__vs__Everton,2021-08-28,2022,Everton,Brighton,Away,train
807,2021-08-28__Norwich City__vs__Leicester City,2021-08-28,2022,Leicester City,Norwich City,Away,train
808,2021-08-28__Liverpool__vs__Chelsea,2021-08-28,2022,Liverpool,Chelsea,Home,train
809,2021-08-28__Manchester City__vs__Arsenal,2021-08-28,2022,Manchester City,Arsenal,Home,train
810,2021-08-28__Newcastle United__vs__Southampton,2021-08-28,2022,Newcastle United,Southampton,Home,train
811,2021-08-28__Norwich City__vs__Leicester City,2021-08-28,2022,Norwich City,Leicester City,Home,train
812,2021-08-28__Newcastle United__vs__Southampton,2021-08-28,2022,Southampton,Newcastle Utd,Away,train
813,2021-08-28__West Ham United__vs__Crystal Palace,2021-08-28,2022,West Ham United,Crystal Palace,Home,train
814,2021-08-29__Burnley__vs__Leeds United,2021-08-29,2022,Burnley,Leeds United,Home,train
815,2021-08-29__Burnley__vs__Leeds United,2021-08-29,2022,Leeds United,Burnley,Away,train
816,2021-08-29__Wolverhampton Wanderers__vs__Manchester United,2021-08-29,2022,Manchester United,Wolves,Away,train
817,2021-08-29__Tottenham Hotspur__vs__Watford,2021-08-29,2022,Tottenham Hotspur,Watford,Home,train
818,2021-08-29__Tottenham Hotspur__vs__Watford,2021-08-29,2022,Watford,Tottenham,Away,train
819,2021-08-29__Wolverhampton Wanderers__vs__Manchester United,2021-08-29,2022,Wolverhampton Wanderers,Manchester Utd,Home,train
820,2021-09-11__Arsenal__vs__Norwich City,2021-09-11,2022,Arsenal,Norwich City,Home,train
821,2021-09-11__Chelsea__vs__Aston Villa,2021-09-11,2022,Aston Villa,Chelsea,Away,train
822,2021-09-11__Brentford__vs__Brighton And Hove Albion,2021-09-11,2022,Brentford,Brighton,Home,train
823,2021-09-11__Brentford__vs__Brighton And Hove Albion,2021-09-11,2022,Brighton And Hove Albion,Brentford,Away,train
824,2021-09-11__Chelsea__vs__Aston Villa,2021-09-11,2022,Chelsea,Aston Villa,Home,train
825,2021-09-11__Crystal Palace__vs__Tottenham Hotspur,2021-09-11,2022,Crystal Palace,Tottenham,Home,train
826,2021-09-11__Leicester City__vs__Manchester City,2021-09-11,2022,Leicester City,Manchester City,Home,train
827,2021-09-11__Leicester City__vs__Manchester City,2021-09-11,2022,Manchester City,Leicester City,Away,train
828,2021-09-11__Manchester United__vs__Newcastle United,2021-09-11,2022,Manchester United,Newcastle Utd,Home,train
829,2021-09-11__Manchester United__vs__Newcastle United,2021-09-11,2022,Newcastle United,Manchester Utd,Away,train
830,2021-09-11__Arsenal__vs__Norwich City,2021-09-11,2022,Norwich City,Arsenal,Away,train
831,2021-09-11__Southampton__vs__West Ham United,2021-09-11,2022,Southampton,West Ham,Home,train
832,2021-09-11__Crystal Palace__vs__Tottenham Hotspur,2021-09-11,2022,Tottenham Hotspur,Crystal Palace,Away,train
833,2021-09-11__Watford__vs__Wolverhampton Wanderers,2021-09-11,2022,Watford,Wolves,Home,train
834,2021-09-11__Southampton__vs__West Ham United,2021-09-11,2022,West Ham United,Southampton,Away,train
835,2021-09-11__Watford__vs__Wolverhampton Wanderers,2021-09-11,2022,Wolverhampton Wanderers,Watford,Away,train
836,2021-09-12__Leeds United__vs__Liverpool,2021-09-12,2022,Leeds United,Liverpool,Home,train
837,2021-09-12__Leeds United__vs__Liverpool,2021-09-12,2022,Liverpool,Leeds United,Away,train
838,2021-09-13__Everton__vs__Burnley,2021-09-13,2022,Burnley,Everton,Away,train
839,2021-09-13__Everton__vs__Burnley,2021-09-13,2022,Everton,Burnley,Home,train
840,2021-09-17__Newcastle United__vs__Leeds United,2021-09-17,2022,Leeds United,Newcastle Utd,Away,train
841,2021-09-17__Newcastle United__vs__Leeds United,2021-09-17,2022,Newcastle United,Leeds United,Home,train
842,2021-09-18__Burnley__vs__Arsenal,2021-09-18,2022,Arsenal,Burnley,Away,train
843,2021-09-18__Aston Villa__vs__Everton,2021-09-18,2022,Aston Villa,Everton,Home,train
844,2021-09-18__Wolverhampton Wanderers__vs__Brentford,2021-09-18,2022,Brentford,Wolves,Away,train
845,2021-09-18__Burnley__vs__Arsenal,2021-09-18,2022,Burnley,Arsenal,Home,train
846,2021-09-18__Liverpool__vs__Crystal Palace,2021-09-18,2022,Crystal Palace,Liverpool,Away,train
847,2021-09-18__Aston Villa__vs__Everton,2021-09-18,2022,Everton,Aston Villa,Away,train
848,2021-09-18__Liverpool__vs__Crystal Palace,2021-09-18,2022,Liverpool,Crystal Palace,Home,train
849,2021-09-18__Manchester City__vs__Southampton,2021-09-18,2022,Manchester City,Southampton,Home,train
850,2021-09-18__Norwich City__vs__Watford,2021-09-18,2022,Norwich City,Watford,Home,train
851,2021-09-18__Manchester City__vs__Southampton,2021-09-18,2022,Southampton,Manchester City,Away,train
852,2021-09-18__Norwich City__vs__Watford,2021-09-18,2022,Watford,Norwich City,Away,train
853,2021-09-18__Wolverhampton Wanderers__vs__Brentford,2021-09-18,2022,Wolverhampton Wanderers,Brentford,Home,train
854,2021-09-19__Brighton And Hove Albion__vs__Leicester City,2021-09-19,2022,Brighton And Hove Albion,Leicester City,Home,train
855,2021-09-19__Tottenham Hotspur__vs__Chelsea,2021-09-19,2022,Chelsea,Tottenham,Away,train
856,2021-09-19__Brighton And Hove Albion__vs__Leicester City,2021-09-19,2022,Leicester City,Brighton,Away,train
857,2021-09-19__West Ham United__vs__Manchester United,2021-09-19,2022,Manchester United,West Ham,Away,train
858,2021-09-19__Tottenham Hotspur__vs__Chelsea,2021-09-19,2022,Tottenham Hotspur,Chelsea,Home,train
859,2021-09-19__West Ham United__vs__Manchester United,2021-09-19,2022,West Ham United,Manchester Utd,Home,train
860,2021-09-25__Manchester United__vs__Aston Villa,2021-09-25,2022,Aston Villa,Manchester Utd,Away,train
861,2021-09-25__Brentford__vs__Liverpool,2021-09-25,2022,Brentford,Liverpool,Home,train
862,2021-09-25__Leicester City__vs__Burnley,2021-09-25,2022,Burnley,Leicester City,Away,train
863,2021-09-25__Chelsea__vs__Manchester City,2021-09-25,2022,Chelsea,Manchester City,Home,train
864,2021-09-25__Everton__vs__Norwich City,2021-09-25,2022,Everton,Norwich City,Home,train
865,2021-09-25__Leeds United__vs__West Ham United,2021-09-25,2022,Leeds United,West Ham,Home,train
866,2021-09-25__Leicester City__vs__Burnley,2021-09-25,2022,Leicester City,Burnley,Home,train
867,2021-09-25__Brentford__vs__Liverpool,2021-09-25,2022,Liverpool,Brentford,Away,train
868,2021-09-25__Chelsea__vs__Manchester City,2021-09-25,2022,Manchester City,Chelsea,Away,train
869,2021-09-25__Manchester United__vs__Aston Villa,2021-09-25,2022,Manchester United,Aston Villa,Home,train
870,2021-09-25__Watford__vs__Newcastle United,2021-09-25,2022,Newcastle United,Watford,Away,train
871,2021-09-25__Everton__vs__Norwich City,2021-09-25,2022,Norwich City,Everton,Away,train
872,2021-09-25__Watford__vs__Newcastle United,2021-09-25,2022,Watford,Newcastle Utd,Home,train
873,2021-09-25__Leeds United__vs__West Ham United,2021-09-25,2022,West Ham United,Leeds United,Away,train
874,2021-09-26__Arsenal__vs__Tottenham Hotspur,2021-09-26,2022,Arsenal,Tottenham,Home,train
875,2021-09-26__Southampton__vs__Wolverhampton Wanderers,2021-09-26,2022,Southampton,Wolves,Home,train
876,2021-09-26__Arsenal__vs__Tottenham Hotspur,2021-09-26,2022,Tottenham Hotspur,Arsenal,Away,train
877,2021-09-26__Southampton__vs__Wolverhampton Wanderers,2021-09-26,2022,Wolverhampton Wanderers,Southampton,Away,train
878,2021-09-27__Crystal Palace__vs__Brighton And Hove Albion,2021-09-27,2022,Brighton And Hove Albion,Crystal Palace,Away,train
879,2021-09-27__Crystal Palace__vs__Brighton And Hove Albion,2021-09-27,2022,Crystal Palace,Brighton,Home,train
880,2021-10-02__Brighton And Hove Albion__vs__Arsenal,2021-10-02,2022,Arsenal,Brighton,Away,train
881,2021-10-02__Brighton And Hove Albion__vs__Arsenal,2021-10-02,2022,Brighton And Hove Albion,Arsenal,Home,train
882,2021-10-02__Burnley__vs__Norwich City,2021-10-02,2022,Burnley,Norwich City,Home,train
883,2021-10-02__Chelsea__vs__Southampton,2021-10-02,2022,Chelsea,Southampton,Home,train
884,2021-10-02__Manchester United__vs__Everton,2021-10-02,2022,Everton,Manchester Utd,Away,train
885,2021-10-02__Leeds United__vs__Watford,2021-10-02,2022,Leeds United,Watford,Home,train
886,2021-10-02__Manchester United__vs__Everton,2021-10-02,2022,Manchester United,Everton,Home,train
887,2021-10-02__Wolverhampton Wanderers__vs__Newcastle United,2021-10-02,2022,Newcastle United,Wolves,Away,train
888,2021-10-02__Burnley__vs__Norwich City,2021-10-02,2022,Norwich City,Burnley,Away,train
889,2021-10-02__Chelsea__vs__Southampton,2021-10-02,2022,Southampton,Chelsea,Away,train
890,2021-10-02__Leeds United__vs__Watford,2021-10-02,2022,Watford,Leeds United,Away,train
891,2021-10-02__Wolverhampton Wanderers__vs__Newcastle United,2021-10-02,2022,Wolverhampton Wanderers,Newcastle Utd,Home,train
892,2021-10-03__Tottenham Hotspur__vs__Aston Villa,2021-10-03,2022,Aston Villa,Tottenham,Away,train
893,2021-10-03__West Ham United__vs__Brentford,2021-10-03,2022,Brentford,West Ham,Away,train
894,2021-10-03__Crystal Palace__vs__Leicester City,2021-10-03,2022,Crystal Palace,Leicester City,Home,train
895,2021-10-03__Crystal Palace__vs__Leicester City,2021-10-03,2022,Leicester City,Crystal Palace,Away,train
896,2021-10-03__Liverpool__vs__Manchester City,2021-10-03,2022,Liverpool,Manchester City,Home,train
897,2021-10-03__Liverpool__vs__Manchester City,2021-10-03,2022,Manchester City,Liverpool,Away,train
898,2021-10-03__Tottenham Hotspur__vs__Aston Villa,2021-10-03,2022,Tottenham Hotspur,Aston Villa,Home,train
899,2021-10-03__West Ham United__vs__Brentford,2021-10-03,2022,West Ham United,Brentford,Home,train
900,2021-10-16__Aston Villa__vs__Wolverhampton Wanderers,2021-10-16,2022,Aston Villa,Wolves,Home,train
901,2021-10-16__Brentford__vs__Chelsea,2021-10-16,2022,Brentford,Chelsea,Home,train
902,2021-10-16__Norwich City__vs__Brighton And Hove Albion,2021-10-16,2022,Brighton And Hove Albion,Norwich City,Away,train
903,2021-10-16__Manchester City__vs__Burnley,2021-10-16,2022,Burnley,Manchester City,Away,train
904,2021-10-16__Brentford__vs__Chelsea,2021-10-16,2022,Chelsea,Brentford,Away,train
905,2021-10-16__Southampton__vs__Leeds United,2021-10-16,2022,Leeds United,Southampton,Away,train
906,2021-10-16__Leicester City__vs__Manchester United,2021-10-16,2022,Leicester City,Manchester Utd,Home,train
907,2021-10-16__Watford__vs__Liverpool,2021-10-16,2022,Liverpool,Watford,Away,train
908,2021-10-16__Manchester City__vs__Burnley,2021-10-16,2022,Manchester City,Burnley,Home,train
909,2021-10-16__Leicester City__vs__Manchester United,2021-10-16,2022,Manchester United,Leicester City,Away,train
910,2021-10-16__Norwich City__vs__Brighton And Hove Albion,2021-10-16,2022,Norwich City,Brighton,Home,train
911,2021-10-16__Southampton__vs__Leeds United,2021-10-16,2022,Southampton,Leeds United,Home,train
912,2021-10-16__Watford__vs__Liverpool,2021-10-16,2022,Watford,Liverpool,Home,train
913,2021-10-16__Aston Villa__vs__Wolverhampton Wanderers,2021-10-16,2022,Wolverhampton Wanderers,Aston Villa,Away,train
914,2021-10-17__Everton__vs__West Ham United,2021-10-17,2022,Everton,West Ham,Home,train
915,2021-10-17__Newcastle United__vs__Tottenham Hotspur,2021-10-17,2022,Newcastle United,Tottenham,Home,train
916,2021-10-17__Newcastle United__vs__Tottenham Hotspur,2021-10-17,2022,Tottenham Hotspur,Newcastle Utd,Away,train
917,2021-10-17__Everton__vs__West Ham United,2021-10-17,2022,West Ham United,Everton,Away,train
918,2021-10-18__Arsenal__vs__Crystal Palace,2021-10-18,2022,Arsenal,Crystal Palace,Home,train
919,2021-10-18__Arsenal__vs__Crystal Palace,2021-10-18,2022,Crystal Palace,Arsenal,Away,train
920,2021-10-22__Arsenal__vs__Aston Villa,2021-10-22,2022,Arsenal,Aston Villa,Home,train
921,2021-10-22__Arsenal__vs__Aston Villa,2021-10-22,2022,Aston Villa,Arsenal,Away,train
922,2021-10-23__Brighton And Hove Albion__vs__Manchester City,2021-10-23,2022,Brighton And Hove Albion,Manchester City,Home,train
923,2021-10-23__Southampton__vs__Burnley,2021-10-23,2022,Burnley,Southampton,Away,train
924,2021-10-23__Chelsea__vs__Norwich City,2021-10-23,2022,Chelsea,Norwich City,Home,train
925,2021-10-23__Crystal Palace__vs__Newcastle United,2021-10-23,2022,Crystal Palace,Newcastle Utd,Home,train
926,2021-10-23__Everton__vs__Watford,2021-10-23,2022,Everton,Watford,Home,train
927,2021-10-23__Leeds United__vs__Wolverhampton Wanderers,2021-10-23,2022,Leeds United,Wolves,Home,train
928,2021-10-23__Brighton And Hove Albion__vs__Manchester City,2021-10-23,2022,Manchester City,Brighton,Away,train
929,2021-10-23__Crystal Palace__vs__Newcastle United,2021-10-23,2022,Newcastle United,Crystal Palace,Away,train
930,2021-10-23__Chelsea__vs__Norwich City,2021-10-23,2022,Norwich City,Chelsea,Away,train
931,2021-10-23__Southampton__vs__Burnley,2021-10-23,2022,Southampton,Burnley,Home,train
932,2021-10-23__Everton__vs__Watford,2021-10-23,2022,Watford,Everton,Away,train
933,2021-10-23__Leeds United__vs__Wolverhampton Wanderers,2021-10-23,2022,Wolverhampton Wanderers,Leeds United,Away,train
934,2021-10-24__Brentford__vs__Leicester City,2021-10-24,2022,Brentford,Leicester City,Home,train
935,2021-10-24__Brentford__vs__Leicester City,2021-10-24,2022,Leicester City,Brentford,Away,train
936,2021-10-24__Manchester United__vs__Liverpool,2021-10-24,2022,Liverpool,Manchester Utd,Away,train
937,2021-10-24__Manchester United__vs__Liverpool,2021-10-24,2022,Manchester United,Liverpool,Home,train
938,2021-10-24__West Ham United__vs__Tottenham Hotspur,2021-10-24,2022,Tottenham Hotspur,West Ham,Away,train
939,2021-10-24__West Ham United__vs__Tottenham Hotspur,2021-10-24,2022,West Ham United,Tottenham,Home,train
940,2021-10-30__Leicester City__vs__Arsenal,2021-10-30,2022,Arsenal,Leicester City,Away,train
941,2021-10-30__Burnley__vs__Brentford,2021-10-30,2022,Brentford,Burnley,Away,train
942,2021-10-30__Liverpool__vs__Brighton And Hove Albion,2021-10-30,2022,Brighton And Hove Albion,Liverpool,Away,train
943,2021-10-30__Burnley__vs__Brentford,2021-10-30,2022,Burnley,Brentford,Home,train
944,2021-10-30__Newcastle United__vs__Chelsea,2021-10-30,2022,Chelsea,Newcastle Utd,Away,train
945,2021-10-30__Manchester City__vs__Crystal Palace,2021-10-30,2022,Crystal Palace,Manchester City,Away,train
946,2021-10-30__Leicester City__vs__Arsenal,2021-10-30,2022,Leicester City,Arsenal,Home,train
947,2021-10-30__Liverpool__vs__Brighton And Hove Albion,2021-10-30,2022,Liverpool,Brighton,Home,train
948,2021-10-30__Manchester City__vs__Crystal Palace,2021-10-30,2022,Manchester City,Crystal Palace,Home,train
949,2021-10-30__Tottenham Hotspur__vs__Manchester United,2021-10-30,2022,Manchester United,Tottenham,Away,train
950,2021-10-30__Newcastle United__vs__Chelsea,2021-10-30,2022,Newcastle United,Chelsea,Home,train
951,2021-10-30__Watford__vs__Southampton,2021-10-30,2022,Southampton,Watford,Away,train
952,2021-10-30__Tottenham Hotspur__vs__Manchester United,2021-10-30,2022,Tottenham Hotspur,Manchester Utd,Home,train
953,2021-10-30__Watford__vs__Southampton,2021-10-30,2022,Watford,Southampton,Home,train
954,2021-10-31__Aston Villa__vs__West Ham United,2021-10-31,2022,Aston Villa,West Ham,Home,train
955,2021-10-31__Norwich City__vs__Leeds United,2021-10-31,2022,Leeds United,Norwich City,Away,train
956,2021-10-31__Norwich City__vs__Leeds United,2021-10-31,2022,Norwich City,Leeds United,Home,train
957,2021-10-31__Aston Villa__vs__West Ham United,2021-10-31,2022,West Ham United,Aston Villa,Away,train
958,2021-11-01__Wolverhampton Wanderers__vs__Everton,2021-11-01,2022,Everton,Wolves,Away,train
959,2021-11-01__Wolverhampton Wanderers__vs__Everton,2021-11-01,2022,Wolverhampton Wanderers,Everton,Home,train
960,2021-11-05__Southampton__vs__Aston Villa,2021-11-05,2022,Aston Villa,Southampton,Away,train
961,2021-11-05__Southampton__vs__Aston Villa,2021-11-05,2022,Southampton,Aston Villa,Home,train
962,2021-11-06__Brentford__vs__Norwich City,2021-11-06,2022,Brentford,Norwich City,Home,train
963,2021-11-06__Brighton And Hove Albion__vs__Newcastle United,2021-11-06,2022,Brighton And Hove Albion,Newcastle Utd,Home,train
964,2021-11-06__Chelsea__vs__Burnley,2021-11-06,2022,Burnley,Chelsea,Away,train
965,2021-11-06__Chelsea__vs__Burnley,2021-11-06,2022,Chelsea,Burnley,Home,train
966,2021-11-06__Crystal Palace__vs__Wolverhampton Wanderers,2021-11-06,2022,Crystal Palace,Wolves,Home,train
967,2021-11-06__Manchester United__vs__Manchester City,2021-11-06,2022,Manchester City,Manchester Utd,Away,train
968,2021-11-06__Manchester United__vs__Manchester City,2021-11-06,2022,Manchester United,Manchester City,Home,train
969,2021-11-06__Brighton And Hove Albion__vs__Newcastle United,2021-11-06,2022,Newcastle United,Brighton,Away,train
970,2021-11-06__Brentford__vs__Norwich City,2021-11-06,2022,Norwich City,Brentford,Away,train
971,2021-11-06__Crystal Palace__vs__Wolverhampton Wanderers,2021-11-06,2022,Wolverhampton Wanderers,Crystal Palace,Away,train
972,2021-11-07__Arsenal__vs__Watford,2021-11-07,2022,Arsenal,Watford,Home,train
973,2021-11-07__Everton__vs__Tottenham Hotspur,2021-11-07,2022,Everton,Tottenham,Home,train
974,2021-11-07__Leeds United__vs__Leicester City,2021-11-07,2022,Leeds United,Leicester City,Home,train
975,2021-11-07__Leeds United__vs__Leicester City,2021-11-07,2022,Leicester City,Leeds United,Away,train
976,2021-11-07__West Ham United__vs__Liverpool,2021-11-07,2022,Liverpool,West Ham,Away,train
977,2021-11-07__Everton__vs__Tottenham Hotspur,2021-11-07,2022,Tottenham Hotspur,Everton,Away,train
978,2021-11-07__Arsenal__vs__Watford,2021-11-07,2022,Watford,Arsenal,Away,train
979,2021-11-07__West Ham United__vs__Liverpool,2021-11-07,2022,West Ham United,Liverpool,Home,train
980,2021-11-20__Liverpool__vs__Arsenal,2021-11-20,2022,Arsenal,Liverpool,Away,train
981,2021-11-20__Aston Villa__vs__Brighton And Hove Albion,2021-11-20,2022,Aston Villa,Brighton,Home,train
982,2021-11-20__Newcastle United__vs__Brentford,2021-11-20,2022,Brentford,Newcastle Utd,Away,train
983,2021-11-20__Aston Villa__vs__Brighton And Hove Albion,2021-11-20,2022,Brighton And Hove Albion,Aston Villa,Away,train
984,2021-11-20__Burnley__vs__Crystal Palace,2021-11-20,2022,Burnley,Crystal Palace,Home,train
985,2021-11-20__Leicester City__vs__Chelsea,2021-11-20,2022,Chelsea,Leicester City,Away,train
986,2021-11-20__Burnley__vs__Crystal Palace,2021-11-20,2022,Crystal Palace,Burnley,Away,train
987,2021-11-20__Leicester City__vs__Chelsea,2021-11-20,2022,Leicester City,Chelsea,Home,train
988,2021-11-20__Liverpool__vs__Arsenal,2021-11-20,2022,Liverpool,Arsenal,Home,train
989,2021-11-20__Watford__vs__Manchester United,2021-11-20,2022,Manchester United,Watford,Away,train
990,2021-11-20__Newcastle United__vs__Brentford,2021-11-20,2022,Newcastle United,Brentford,Home,train
991,2021-11-20__Norwich City__vs__Southampton,2021-11-20,2022,Norwich City,Southampton,Home,train
992,2021-11-20__Norwich City__vs__Southampton,2021-11-20,2022,Southampton,Norwich City,Away,train
993,2021-11-20__Watford__vs__Manchester United,2021-11-20,2022,Watford,Manchester Utd,Home,train
994,2021-11-20__Wolverhampton Wanderers__vs__West Ham United,2021-11-20,2022,West Ham United,Wolves,Away,train
995,2021-11-20__Wolverhampton Wanderers__vs__West Ham United,2021-11-20,2022,Wolverhampton Wanderers,West Ham,Home,train
996,2021-11-21__Manchester City__vs__Everton,2021-11-21,2022,Everton,Manchester City,Away,train
997,2021-11-21__Tottenham Hotspur__vs__Leeds United,2021-11-21,2022,Leeds United,Tottenham,Away,train
998,2021-11-21__Manchester City__vs__Everton,2021-11-21,2022,Manchester City,Everton,Home,train
999,2021-11-21__Tottenham Hotspur__vs__Leeds United,2021-11-21,2022,Tottenham Hotspur,Leeds United,Home,train
1000,2021-11-27__Arsenal__vs__Newcastle United,2021-11-27,2022,Arsenal,Newcastle Utd,Home,train
1001,2021-11-27__Crystal Palace__vs__Aston Villa,2021-11-27,2022,Aston Villa,Crystal Palace,Away,train
1002,2021-11-27__Brighton And Hove Albion__vs__Leeds United,2021-11-27,2022,Brighton And Hove Albion,Leeds United,Home,train
1003,2021-11-27__Crystal Palace__vs__Aston Villa,2021-11-27,2022,Crystal Palace,Aston Villa,Home,train
1004,2021-11-27__Brighton And Hove Albion__vs__Leeds United,2021-11-27,2022,Leeds United,Brighton,Away,train
1005,2021-11-27__Liverpool__vs__Southampton,2021-11-27,2022,Liverpool,Southampton,Home,train
1006,2021-11-27__Arsenal__vs__Newcastle United,2021-11-27,2022,Newcastle United,Arsenal,Away,train
1007,2021-11-27__Norwich City__vs__Wolverhampton Wanderers,2021-11-27,2022,Norwich City,Wolves,Home,train
1008,2021-11-27__Liverpool__vs__Southampton,2021-11-27,2022,Southampton,Liverpool,Away,train
1009,2021-11-27__Norwich City__vs__Wolverhampton Wanderers,2021-11-27,2022,Wolverhampton Wanderers,Norwich City,Away,train
1010,2021-11-28__Brentford__vs__Everton,2021-11-28,2022,Brentford,Everton,Home,train
1011,2021-11-28__Chelsea__vs__Manchester United,2021-11-28,2022,Chelsea,Manchester Utd,Home,train
1012,2021-11-28__Brentford__vs__Everton,2021-11-28,2022,Everton,Brentford,Away,train
1013,2021-11-28__Leicester City__vs__Watford,2021-11-28,2022,Leicester City,Watford,Home,train
1014,2021-11-28__Manchester City__vs__West Ham United,2021-11-28,2022,Manchester City,West Ham,Home,train
1015,2021-11-28__Chelsea__vs__Manchester United,2021-11-28,2022,Manchester United,Chelsea,Away,train
1016,2021-11-28__Leicester City__vs__Watford,2021-11-28,2022,Watford,Leicester City,Away,train
1017,2021-11-28__Manchester City__vs__West Ham United,2021-11-28,2022,West Ham United,Manchester City,Away,train
1018,2021-11-30__Leeds United__vs__Crystal Palace,2021-11-30,2022,Crystal Palace,Leeds United,Away,train
1019,2021-11-30__Leeds United__vs__Crystal Palace,2021-11-30,2022,Leeds United,Crystal Palace,Home,train
1020,2021-11-30__Newcastle United__vs__Norwich City,2021-11-30,2022,Newcastle United,Norwich City,Home,train
1021,2021-11-30__Newcastle United__vs__Norwich City,2021-11-30,2022,Norwich City,Newcastle Utd,Away,train
1022,2021-12-01__Aston Villa__vs__Manchester City,2021-12-01,2022,Aston Villa,Manchester City,Home,train
1023,2021-12-01__West Ham United__vs__Brighton And Hove Albion,2021-12-01,2022,Brighton And Hove Albion,West Ham,Away,train
1024,2021-12-01__Wolverhampton Wanderers__vs__Burnley,2021-12-01,2022,Burnley,Wolves,Away,train
1025,2021-12-01__Watford__vs__Chelsea,2021-12-01,2022,Chelsea,Watford,Away,train
1026,2021-12-01__Everton__vs__Liverpool,2021-12-01,2022,Everton,Liverpool,Home,train
1027,2021-12-01__Southampton__vs__Leicester City,2021-12-01,2022,Leicester City,Southampton,Away,train
1028,2021-12-01__Everton__vs__Liverpool,2021-12-01,2022,Liverpool,Everton,Away,train
1029,2021-12-01__Aston Villa__vs__Manchester City,2021-12-01,2022,Manchester City,Aston Villa,Away,train
1030,2021-12-01__Southampton__vs__Leicester City,2021-12-01,2022,Southampton,Leicester City,Home,train
1031,2021-12-01__Watford__vs__Chelsea,2021-12-01,2022,Watford,Chelsea,Home,train
1032,2021-12-01__West Ham United__vs__Brighton And Hove Albion,2021-12-01,2022,West Ham United,Brighton,Home,train
1033,2021-12-01__Wolverhampton Wanderers__vs__Burnley,2021-12-01,2022,Wolverhampton Wanderers,Burnley,Home,train
1034,2021-12-02__Manchester United__vs__Arsenal,2021-12-02,2022,Arsenal,Manchester Utd,Away,train
1035,2021-12-02__Tottenham Hotspur__vs__Brentford,2021-12-02,2022,Brentford,Tottenham,Away,train
1036,2021-12-02__Manchester United__vs__Arsenal,2021-12-02,2022,Manchester United,Arsenal,Home,train
1037,2021-12-02__Tottenham Hotspur__vs__Brentford,2021-12-02,2022,Tottenham Hotspur,Brentford,Home,train
1038,2021-12-04__Southampton__vs__Brighton And Hove Albion,2021-12-04,2022,Brighton And Hove Albion,Southampton,Away,train
1039,2021-12-04__Newcastle United__vs__Burnley,2021-12-04,2022,Burnley,Newcastle Utd,Away,train
1040,2021-12-04__West Ham United__vs__Chelsea,2021-12-04,2022,Chelsea,West Ham,Away,train
1041,2021-12-04__Wolverhampton Wanderers__vs__Liverpool,2021-12-04,2022,Liverpool,Wolves,Away,train
1042,2021-12-04__Watford__vs__Manchester City,2021-12-04,2022,Manchester City,Watford,Away,train
1043,2021-12-04__Newcastle United__vs__Burnley,2021-12-04,2022,Newcastle United,Burnley,Home,train
1044,2021-12-04__Southampton__vs__Brighton And Hove Albion,2021-12-04,2022,Southampton,Brighton,Home,train
1045,2021-12-04__Watford__vs__Manchester City,2021-12-04,2022,Watford,Manchester City,Home,train
1046,2021-12-04__West Ham United__vs__Chelsea,2021-12-04,2022,West Ham United,Chelsea,Home,train
1047,2021-12-04__Wolverhampton Wanderers__vs__Liverpool,2021-12-04,2022,Wolverhampton Wanderers,Liverpool,Home,train
1048,2021-12-05__Aston Villa__vs__Leicester City,2021-12-05,2022,Aston Villa,Leicester City,Home,train
1049,2021-12-05__Leeds United__vs__Brentford,2021-12-05,2022,Brentford,Leeds United,Away,train
1050,2021-12-05__Manchester United__vs__Crystal Palace,2021-12-05,2022,Crystal Palace,Manchester Utd,Away,train
1051,2021-12-05__Leeds United__vs__Brentford,2021-12-05,2022,Leeds United,Brentford,Home,train
1052,2021-12-05__Aston Villa__vs__Leicester City,2021-12-05,2022,Leicester City,Aston Villa,Away,train
1053,2021-12-05__Manchester United__vs__Crystal Palace,2021-12-05,2022,Manchester United,Crystal Palace,Home,train
1054,2021-12-05__Tottenham Hotspur__vs__Norwich City,2021-12-05,2022,Norwich City,Tottenham,Away,train
1055,2021-12-05__Tottenham Hotspur__vs__Norwich City,2021-12-05,2022,Tottenham Hotspur,Norwich City,Home,train
1056,2021-12-06__Everton__vs__Arsenal,2021-12-06,2022,Arsenal,Everton,Away,train
1057,2021-12-06__Everton__vs__Arsenal,2021-12-06,2022,Everton,Arsenal,Home,train
1058,2021-12-10__Brentford__vs__Watford,2021-12-10,2022,Brentford,Watford,Home,train
1059,2021-12-10__Brentford__vs__Watford,2021-12-10,2022,Watford,Brentford,Away,train
1060,2021-12-11__Arsenal__vs__Southampton,2021-12-11,2022,Arsenal,Southampton,Home,train
1061,2021-12-11__Liverpool__vs__Aston Villa,2021-12-11,2022,Aston Villa,Liverpool,Away,train
1062,2021-12-11__Chelsea__vs__Leeds United,2021-12-11,2022,Chelsea,Leeds United,Home,train
1063,2021-12-11__Chelsea__vs__Leeds United,2021-12-11,2022,Leeds United,Chelsea,Away,train
1064,2021-12-11__Liverpool__vs__Aston Villa,2021-12-11,2022,Liverpool,Aston Villa,Home,train
1065,2021-12-11__Manchester City__vs__Wolverhampton Wanderers,2021-12-11,2022,Manchester City,Wolves,Home,train
1066,2021-12-11__Norwich City__vs__Manchester United,2021-12-11,2022,Manchester United,Norwich City,Away,train
1067,2021-12-11__Norwich City__vs__Manchester United,2021-12-11,2022,Norwich City,Manchester Utd,Home,train
1068,2021-12-11__Arsenal__vs__Southampton,2021-12-11,2022,Southampton,Arsenal,Away,train
1069,2021-12-11__Manchester City__vs__Wolverhampton Wanderers,2021-12-11,2022,Wolverhampton Wanderers,Manchester City,Away,train
1070,2021-12-12__Burnley__vs__West Ham United,2021-12-12,2022,Burnley,West Ham,Home,train
1071,2021-12-12__Crystal Palace__vs__Everton,2021-12-12,2022,Crystal Palace,Everton,Home,train
1072,2021-12-12__Crystal Palace__vs__Everton,2021-12-12,2022,Everton,Crystal Palace,Away,train
1073,2021-12-12__Leicester City__vs__Newcastle United,2021-12-12,2022,Leicester City,Newcastle Utd,Home,train
1074,2021-12-12__Leicester City__vs__Newcastle United,2021-12-12,2022,Newcastle United,Leicester City,Away,train
1075,2021-12-12__Burnley__vs__West Ham United,2021-12-12,2022,West Ham United,Burnley,Away,train
1076,2021-12-14__Norwich City__vs__Aston Villa,2021-12-14,2022,Aston Villa,Norwich City,Away,train
1077,2021-12-14__Manchester City__vs__Leeds United,2021-12-14,2022,Leeds United,Manchester City,Away,train
1078,2021-12-14__Manchester City__vs__Leeds United,2021-12-14,2022,Manchester City,Leeds United,Home,train
1079,2021-12-14__Norwich City__vs__Aston Villa,2021-12-14,2022,Norwich City,Aston Villa,Home,train
1080,2021-12-15__Arsenal__vs__West Ham United,2021-12-15,2022,Arsenal,West Ham,Home,train
1081,2021-12-15__Brighton And Hove Albion__vs__Wolverhampton Wanderers,2021-12-15,2022,Brighton And Hove Albion,Wolves,Home,train
1082,2021-12-15__Crystal Palace__vs__Southampton,2021-12-15,2022,Crystal Palace,Southampton,Home,train
1083,2021-12-15__Crystal Palace__vs__Southampton,2021-12-15,2022,Southampton,Crystal Palace,Away,train
1084,2021-12-15__Arsenal__vs__West Ham United,2021-12-15,2022,West Ham United,Arsenal,Away,train
1085,2021-12-15__Brighton And Hove Albion__vs__Wolverhampton Wanderers,2021-12-15,2022,Wolverhampton Wanderers,Brighton,Away,train
1086,2021-12-16__Chelsea__vs__Everton,2021-12-16,2022,Chelsea,Everton,Home,train
1087,2021-12-16__Chelsea__vs__Everton,2021-12-16,2022,Everton,Chelsea,Away,train
1088,2021-12-16__Liverpool__vs__Newcastle United,2021-12-16,2022,Liverpool,Newcastle Utd,Home,train
1089,2021-12-16__Liverpool__vs__Newcastle United,2021-12-16,2022,Newcastle United,Liverpool,Away,train
1090,2021-12-18__Leeds United__vs__Arsenal,2021-12-18,2022,Arsenal,Leeds United,Away,train
1091,2021-12-18__Leeds United__vs__Arsenal,2021-12-18,2022,Leeds United,Arsenal,Home,train
1092,2021-12-19__Wolverhampton Wanderers__vs__Chelsea,2021-12-19,2022,Chelsea,Wolves,Away,train
1093,2021-12-19__Tottenham Hotspur__vs__Liverpool,2021-12-19,2022,Liverpool,Tottenham,Away,train
1094,2021-12-19__Newcastle United__vs__Manchester City,2021-12-19,2022,Manchester City,Newcastle Utd,Away,train
1095,2021-12-19__Newcastle United__vs__Manchester City,2021-12-19,2022,Newcastle United,Manchester City,Home,train
1096,2021-12-19__Tottenham Hotspur__vs__Liverpool,2021-12-19,2022,Tottenham Hotspur,Liverpool,Home,train
1097,2021-12-19__Wolverhampton Wanderers__vs__Chelsea,2021-12-19,2022,Wolverhampton Wanderers,Chelsea,Home,train
1098,2021-12-26__Norwich City__vs__Arsenal,2021-12-26,2022,Arsenal,Norwich City,Away,train
1099,2021-12-26__Aston Villa__vs__Chelsea,2021-12-26,2022,Aston Villa,Chelsea,Home,train
1100,2021-12-26__Brighton And Hove Albion__vs__Brentford,2021-12-26,2022,Brentford,Brighton,Away,train
1101,2021-12-26__Brighton And Hove Albion__vs__Brentford,2021-12-26,2022,Brighton And Hove Albion,Brentford,Home,train
1102,2021-12-26__Aston Villa__vs__Chelsea,2021-12-26,2022,Chelsea,Aston Villa,Away,train
1103,2021-12-26__Tottenham Hotspur__vs__Crystal Palace,2021-12-26,2022,Crystal Palace,Tottenham,Away,train
1104,2021-12-26__Manchester City__vs__Leicester City,2021-12-26,2022,Leicester City,Manchester City,Away,train
1105,2021-12-26__Manchester City__vs__Leicester City,2021-12-26,2022,Manchester City,Leicester City,Home,train
1106,2021-12-26__Norwich City__vs__Arsenal,2021-12-26,2022,Norwich City,Arsenal,Home,train
1107,2021-12-26__West Ham United__vs__Southampton,2021-12-26,2022,Southampton,West Ham,Away,train
1108,2021-12-26__Tottenham Hotspur__vs__Crystal Palace,2021-12-26,2022,Tottenham Hotspur,Crystal Palace,Home,train
1109,2021-12-26__West Ham United__vs__Southampton,2021-12-26,2022,West Ham United,Southampton,Home,train
1110,2021-12-27__Newcastle United__vs__Manchester United,2021-12-27,2022,Manchester United,Newcastle Utd,Away,train
1111,2021-12-27__Newcastle United__vs__Manchester United,2021-12-27,2022,Newcastle United,Manchester Utd,Home,train
1112,2021-12-28__Crystal Palace__vs__Norwich City,2021-12-28,2022,Crystal Palace,Norwich City,Home,train
1113,2021-12-28__Leicester City__vs__Liverpool,2021-12-28,2022,Leicester City,Liverpool,Home,train
1114,2021-12-28__Leicester City__vs__Liverpool,2021-12-28,2022,Liverpool,Leicester City,Away,train
1115,2021-12-28__Crystal Palace__vs__Norwich City,2021-12-28,2022,Norwich City,Crystal Palace,Away,train
1116,2021-12-28__Southampton__vs__Tottenham Hotspur,2021-12-28,2022,Southampton,Tottenham,Home,train
1117,2021-12-28__Southampton__vs__Tottenham Hotspur,2021-12-28,2022,Tottenham Hotspur,Southampton,Away,train
1118,2021-12-28__Watford__vs__West Ham United,2021-12-28,2022,Watford,West Ham,Home,train
1119,2021-12-28__Watford__vs__West Ham United,2021-12-28,2022,West Ham United,Watford,Away,train
1120,2021-12-29__Brentford__vs__Manchester City,2021-12-29,2022,Brentford,Manchester City,Home,train
1121,2021-12-29__Chelsea__vs__Brighton And Hove Albion,2021-12-29,2022,Brighton And Hove Albion,Chelsea,Away,train
1122,2021-12-29__Chelsea__vs__Brighton And Hove Albion,2021-12-29,2022,Chelsea,Brighton,Home,train
1123,2021-12-29__Brentford__vs__Manchester City,2021-12-29,2022,Manchester City,Brentford,Away,train
1124,2021-12-30__Manchester United__vs__Burnley,2021-12-30,2022,Burnley,Manchester Utd,Away,train
1125,2021-12-30__Manchester United__vs__Burnley,2021-12-30,2022,Manchester United,Burnley,Home,train
1126,2022-01-01__Arsenal__vs__Manchester City,2022-01-01,2022,Arsenal,Manchester City,Home,train
1127,2022-01-01__Crystal Palace__vs__West Ham United,2022-01-01,2022,Crystal Palace,West Ham,Home,train
1128,2022-01-01__Arsenal__vs__Manchester City,2022-01-01,2022,Manchester City,Arsenal,Away,train
1129,2022-01-01__Watford__vs__Tottenham Hotspur,2022-01-01,2022,Tottenham Hotspur,Watford,Away,train
1130,2022-01-01__Watford__vs__Tottenham Hotspur,2022-01-01,2022,Watford,Tottenham,Home,train
1131,2022-01-01__Crystal Palace__vs__West Ham United,2022-01-01,2022,West Ham United,Crystal Palace,Away,train
1132,2022-01-02__Brentford__vs__Aston Villa,2022-01-02,2022,Aston Villa,Brentford,Away,train
1133,2022-01-02__Brentford__vs__Aston Villa,2022-01-02,2022,Brentford,Aston Villa,Home,train
1134,2022-01-02__Everton__vs__Brighton And Hove Albion,2022-01-02,2022,Brighton And Hove Albion,Everton,Away,train
1135,2022-01-02__Leeds United__vs__Burnley,2022-01-02,2022,Burnley,Leeds United,Away,train
1136,2022-01-02__Chelsea__vs__Liverpool,2022-01-02,2022,Chelsea,Liverpool,Home,train
1137,2022-01-02__Everton__vs__Brighton And Hove Albion,2022-01-02,2022,Everton,Brighton,Home,train
1138,2022-01-02__Leeds United__vs__Burnley,2022-01-02,2022,Leeds United,Burnley,Home,train
1139,2022-01-02__Chelsea__vs__Liverpool,2022-01-02,2022,Liverpool,Chelsea,Away,train
1140,2022-01-03__Manchester United__vs__Wolverhampton Wanderers,2022-01-03,2022,Manchester United,Wolves,Home,train
1141,2022-01-03__Manchester United__vs__Wolverhampton Wanderers,2022-01-03,2022,Wolverhampton Wanderers,Manchester Utd,Away,train
1142,2022-01-11__Southampton__vs__Brentford,2022-01-11,2022,Brentford,Southampton,Away,train
1143,2022-01-11__Southampton__vs__Brentford,2022-01-11,2022,Southampton,Brentford,Home,train
1144,2022-01-12__West Ham United__vs__Norwich City,2022-01-12,2022,Norwich City,West Ham,Away,train
1145,2022-01-12__West Ham United__vs__Norwich City,2022-01-12,2022,West Ham United,Norwich City,Home,train
1146,2022-01-14__Brighton And Hove Albion__vs__Crystal Palace,2022-01-14,2022,Brighton And Hove Albion,Crystal Palace,Home,train
1147,2022-01-14__Brighton And Hove Albion__vs__Crystal Palace,2022-01-14,2022,Crystal Palace,Brighton,Away,train
1148,2022-01-15__Aston Villa__vs__Manchester United,2022-01-15,2022,Aston Villa,Manchester Utd,Home,train
1149,2022-01-15__Manchester City__vs__Chelsea,2022-01-15,2022,Chelsea,Manchester City,Away,train
1150,2022-01-15__Norwich City__vs__Everton,2022-01-15,2022,Everton,Norwich City,Away,train
1151,2022-01-15__Manchester City__vs__Chelsea,2022-01-15,2022,Manchester City,Chelsea,Home,train
1152,2022-01-15__Aston Villa__vs__Manchester United,2022-01-15,2022,Manchester United,Aston Villa,Away,train
1153,2022-01-15__Newcastle United__vs__Watford,2022-01-15,2022,Newcastle United,Watford,Home,train
1154,2022-01-15__Norwich City__vs__Everton,2022-01-15,2022,Norwich City,Everton,Home,train
1155,2022-01-15__Wolverhampton Wanderers__vs__Southampton,2022-01-15,2022,Southampton,Wolves,Away,train
1156,2022-01-15__Newcastle United__vs__Watford,2022-01-15,2022,Watford,Newcastle Utd,Away,train
1157,2022-01-15__Wolverhampton Wanderers__vs__Southampton,2022-01-15,2022,Wolverhampton Wanderers,Southampton,Home,train
1158,2022-01-16__Liverpool__vs__Brentford,2022-01-16,2022,Brentford,Liverpool,Away,train
1159,2022-01-16__West Ham United__vs__Leeds United,2022-01-16,2022,Leeds United,West Ham,Away,train
1160,2022-01-16__Liverpool__vs__Brentford,2022-01-16,2022,Liverpool,Brentford,Home,train
1161,2022-01-16__West Ham United__vs__Leeds United,2022-01-16,2022,West Ham United,Leeds United,Home,train
1162,2022-01-18__Brighton And Hove Albion__vs__Chelsea,2022-01-18,2022,Brighton And Hove Albion,Chelsea,Home,train
1163,2022-01-18__Brighton And Hove Albion__vs__Chelsea,2022-01-18,2022,Chelsea,Brighton,Away,train
1164,2022-01-19__Brentford__vs__Manchester United,2022-01-19,2022,Brentford,Manchester Utd,Home,train
1165,2022-01-19__Leicester City__vs__Tottenham Hotspur,2022-01-19,2022,Leicester City,Tottenham,Home,train
1166,2022-01-19__Brentford__vs__Manchester United,2022-01-19,2022,Manchester United,Brentford,Away,train
1167,2022-01-19__Leicester City__vs__Tottenham Hotspur,2022-01-19,2022,Tottenham Hotspur,Leicester City,Away,train
1168,2022-01-21__Watford__vs__Norwich City,2022-01-21,2022,Norwich City,Watford,Away,train
1169,2022-01-21__Watford__vs__Norwich City,2022-01-21,2022,Watford,Norwich City,Home,train
1170,2022-01-22__Everton__vs__Aston Villa,2022-01-22,2022,Aston Villa,Everton,Away,train
1171,2022-01-22__Brentford__vs__Wolverhampton Wanderers,2022-01-22,2022,Brentford,Wolves,Home,train
1172,2022-01-22__Everton__vs__Aston Villa,2022-01-22,2022,Everton,Aston Villa,Home,train
1173,2022-01-22__Leeds United__vs__Newcastle United,2022-01-22,2022,Leeds United,Newcastle Utd,Home,train
1174,2022-01-22__Southampton__vs__Manchester City,2022-01-22,2022,Manchester City,Southampton,Away,train
1175,2022-01-22__Manchester United__vs__West Ham United,2022-01-22,2022,Manchester United,West Ham,Home,train
1176,2022-01-22__Leeds United__vs__Newcastle United,2022-01-22,2022,Newcastle United,Leeds United,Away,train
1177,2022-01-22__Southampton__vs__Manchester City,2022-01-22,2022,Southampton,Manchester City,Home,train
1178,2022-01-22__Manchester United__vs__West Ham United,2022-01-22,2022,West Ham United,Manchester Utd,Away,train
1179,2022-01-22__Brentford__vs__Wolverhampton Wanderers,2022-01-22,2022,Wolverhampton Wanderers,Brentford,Away,train
1180,2022-01-23__Arsenal__vs__Burnley,2022-01-23,2022,Arsenal,Burnley,Home,train
1181,2022-01-23__Leicester City__vs__Brighton And Hove Albion,2022-01-23,2022,Brighton And Hove Albion,Leicester City,Away,train
1182,2022-01-23__Arsenal__vs__Burnley,2022-01-23,2022,Burnley,Arsenal,Away,train
1183,2022-01-23__Chelsea__vs__Tottenham Hotspur,2022-01-23,2022,Chelsea,Tottenham,Home,train
1184,2022-01-23__Crystal Palace__vs__Liverpool,2022-01-23,2022,Crystal Palace,Liverpool,Home,train
1185,2022-01-23__Leicester City__vs__Brighton And Hove Albion,2022-01-23,2022,Leicester City,Brighton,Home,train
1186,2022-01-23__Crystal Palace__vs__Liverpool,2022-01-23,2022,Liverpool,Crystal Palace,Away,train
1187,2022-01-23__Chelsea__vs__Tottenham Hotspur,2022-01-23,2022,Tottenham Hotspur,Chelsea,Away,train
1188,2022-02-05__Burnley__vs__Watford,2022-02-05,2022,Burnley,Watford,Home,train
1189,2022-02-05__Burnley__vs__Watford,2022-02-05,2022,Watford,Burnley,Away,train
1190,2022-02-08__Burnley__vs__Manchester United,2022-02-08,2022,Burnley,Manchester Utd,Home,train
1191,2022-02-08__Newcastle United__vs__Everton,2022-02-08,2022,Everton,Newcastle Utd,Away,train
1192,2022-02-08__Burnley__vs__Manchester United,2022-02-08,2022,Manchester United,Burnley,Away,train
1193,2022-02-08__Newcastle United__vs__Everton,2022-02-08,2022,Newcastle United,Everton,Home,train
1194,2022-02-08__West Ham United__vs__Watford,2022-02-08,2022,Watford,West Ham,Away,train
1195,2022-02-08__West Ham United__vs__Watford,2022-02-08,2022,West Ham United,Watford,Home,train
1196,2022-02-09__Aston Villa__vs__Leeds United,2022-02-09,2022,Aston Villa,Leeds United,Home,train
1197,2022-02-09__Manchester City__vs__Brentford,2022-02-09,2022,Brentford,Manchester City,Away,train
1198,2022-02-09__Norwich City__vs__Crystal Palace,2022-02-09,2022,Crystal Palace,Norwich City,Away,train
1199,2022-02-09__Aston Villa__vs__Leeds United,2022-02-09,2022,Leeds United,Aston Villa,Away,train
1200,2022-02-09__Manchester City__vs__Brentford,2022-02-09,2022,Manchester City,Brentford,Home,train
1201,2022-02-09__Norwich City__vs__Crystal Palace,2022-02-09,2022,Norwich City,Crystal Palace,Home,train
1202,2022-02-09__Tottenham Hotspur__vs__Southampton,2022-02-09,2022,Southampton,Tottenham,Away,train
1203,2022-02-09__Tottenham Hotspur__vs__Southampton,2022-02-09,2022,Tottenham Hotspur,Southampton,Home,train
1204,2022-02-10__Wolverhampton Wanderers__vs__Arsenal,2022-02-10,2022,Arsenal,Wolves,Away,train
1205,2022-02-10__Liverpool__vs__Leicester City,2022-02-10,2022,Leicester City,Liverpool,Away,train
1206,2022-02-10__Liverpool__vs__Leicester City,2022-02-10,2022,Liverpool,Leicester City,Home,train
1207,2022-02-10__Wolverhampton Wanderers__vs__Arsenal,2022-02-10,2022,Wolverhampton Wanderers,Arsenal,Home,train
1208,2022-02-12__Brentford__vs__Crystal Palace,2022-02-12,2022,Brentford,Crystal Palace,Home,train
1209,2022-02-12__Watford__vs__Brighton And Hove Albion,2022-02-12,2022,Brighton And Hove Albion,Watford,Away,train
1210,2022-02-12__Brentford__vs__Crystal Palace,2022-02-12,2022,Crystal Palace,Brentford,Away,train
1211,2022-02-12__Everton__vs__Leeds United,2022-02-12,2022,Everton,Leeds United,Home,train
1212,2022-02-12__Everton__vs__Leeds United,2022-02-12,2022,Leeds United,Everton,Away,train
1213,2022-02-12__Norwich City__vs__Manchester City,2022-02-12,2022,Manchester City,Norwich City,Away,train
1214,2022-02-12__Manchester United__vs__Southampton,2022-02-12,2022,Manchester United,Southampton,Home,train
1215,2022-02-12__Norwich City__vs__Manchester City,2022-02-12,2022,Norwich City,Manchester City,Home,train
1216,2022-02-12__Manchester United__vs__Southampton,2022-02-12,2022,Southampton,Manchester Utd,Away,train
1217,2022-02-12__Watford__vs__Brighton And Hove Albion,2022-02-12,2022,Watford,Brighton,Home,train
1218,2022-02-13__Newcastle United__vs__Aston Villa,2022-02-13,2022,Aston Villa,Newcastle Utd,Away,train
1219,2022-02-13__Burnley__vs__Liverpool,2022-02-13,2022,Burnley,Liverpool,Home,train
1220,2022-02-13__Leicester City__vs__West Ham United,2022-02-13,2022,Leicester City,West Ham,Home,train
1221,2022-02-13__Burnley__vs__Liverpool,2022-02-13,2022,Liverpool,Burnley,Away,train
1222,2022-02-13__Newcastle United__vs__Aston Villa,2022-02-13,2022,Newcastle United,Aston Villa,Home,train
1223,2022-02-13__Tottenham Hotspur__vs__Wolverhampton Wanderers,2022-02-13,2022,Tottenham Hotspur,Wolves,Home,train
1224,2022-02-13__Leicester City__vs__West Ham United,2022-02-13,2022,West Ham United,Leicester City,Away,train
1225,2022-02-13__Tottenham Hotspur__vs__Wolverhampton Wanderers,2022-02-13,2022,Wolverhampton Wanderers,Tottenham,Away,train
1226,2022-02-15__Manchester United__vs__Brighton And Hove Albion,2022-02-15,2022,Brighton And Hove Albion,Manchester Utd,Away,train
1227,2022-02-15__Manchester United__vs__Brighton And Hove Albion,2022-02-15,2022,Manchester United,Brighton,Home,train
1228,2022-02-19__Arsenal__vs__Brentford,2022-02-19,2022,Arsenal,Brentford,Home,train
1229,2022-02-19__Aston Villa__vs__Watford,2022-02-19,2022,Aston Villa,Watford,Home,train
1230,2022-02-19__Arsenal__vs__Brentford,2022-02-19,2022,Brentford,Arsenal,Away,train
1231,2022-02-19__Brighton And Hove Albion__vs__Burnley,2022-02-19,2022,Brighton And Hove Albion,Burnley,Home,train
1232,2022-02-19__Brighton And Hove Albion__vs__Burnley,2022-02-19,2022,Burnley,Brighton,Away,train
1233,2022-02-19__Crystal Palace__vs__Chelsea,2022-02-19,2022,Chelsea,Crystal Palace,Away,train
1234,2022-02-19__Crystal Palace__vs__Chelsea,2022-02-19,2022,Crystal Palace,Chelsea,Home,train
1235,2022-02-19__Southampton__vs__Everton,2022-02-19,2022,Everton,Southampton,Away,train
1236,2022-02-19__Liverpool__vs__Norwich City,2022-02-19,2022,Liverpool,Norwich City,Home,train
1237,2022-02-19__Manchester City__vs__Tottenham Hotspur,2022-02-19,2022,Manchester City,Tottenham,Home,train
1238,2022-02-19__West Ham United__vs__Newcastle United,2022-02-19,2022,Newcastle United,West Ham,Away,train
1239,2022-02-19__Liverpool__vs__Norwich City,2022-02-19,2022,Norwich City,Liverpool,Away,train
1240,2022-02-19__Southampton__vs__Everton,2022-02-19,2022,Southampton,Everton,Home,train
1241,2022-02-19__Manchester City__vs__Tottenham Hotspur,2022-02-19,2022,Tottenham Hotspur,Manchester City,Away,train
1242,2022-02-19__Aston Villa__vs__Watford,2022-02-19,2022,Watford,Aston Villa,Away,train
1243,2022-02-19__West Ham United__vs__Newcastle United,2022-02-19,2022,West Ham United,Newcastle Utd,Home,train
1244,2022-02-20__Leeds United__vs__Manchester United,2022-02-20,2022,Leeds United,Manchester Utd,Home,train
1245,2022-02-20__Wolverhampton Wanderers__vs__Leicester City,2022-02-20,2022,Leicester City,Wolves,Away,train
1246,2022-02-20__Leeds United__vs__Manchester United,2022-02-20,2022,Manchester United,Leeds United,Away,train
1247,2022-02-20__Wolverhampton Wanderers__vs__Leicester City,2022-02-20,2022,Wolverhampton Wanderers,Leicester City,Home,train
1248,2022-02-23__Burnley__vs__Tottenham Hotspur,2022-02-23,2022,Burnley,Tottenham,Home,train
1249,2022-02-23__Watford__vs__Crystal Palace,2022-02-23,2022,Crystal Palace,Watford,Away,train
1250,2022-02-23__Liverpool__vs__Leeds United,2022-02-23,2022,Leeds United,Liverpool,Away,train
1251,2022-02-23__Liverpool__vs__Leeds United,2022-02-23,2022,Liverpool,Leeds United,Home,train
1252,2022-02-23__Burnley__vs__Tottenham Hotspur,2022-02-23,2022,Tottenham Hotspur,Burnley,Away,train
1253,2022-02-23__Watford__vs__Crystal Palace,2022-02-23,2022,Watford,Crystal Palace,Home,train
1254,2022-02-24__Arsenal__vs__Wolverhampton Wanderers,2022-02-24,2022,Arsenal,Wolves,Home,train
1255,2022-02-24__Arsenal__vs__Wolverhampton Wanderers,2022-02-24,2022,Wolverhampton Wanderers,Arsenal,Away,train
1256,2022-02-25__Southampton__vs__Norwich City,2022-02-25,2022,Norwich City,Southampton,Away,train
1257,2022-02-25__Southampton__vs__Norwich City,2022-02-25,2022,Southampton,Norwich City,Home,train
1258,2022-02-26__Brighton And Hove Albion__vs__Aston Villa,2022-02-26,2022,Aston Villa,Brighton,Away,train
1259,2022-02-26__Brentford__vs__Newcastle United,2022-02-26,2022,Brentford,Newcastle Utd,Home,train
1260,2022-02-26__Brighton And Hove Albion__vs__Aston Villa,2022-02-26,2022,Brighton And Hove Albion,Aston Villa,Home,train
1261,2022-02-26__Crystal Palace__vs__Burnley,2022-02-26,2022,Burnley,Crystal Palace,Away,train
1262,2022-02-26__Crystal Palace__vs__Burnley,2022-02-26,2022,Crystal Palace,Burnley,Home,train
1263,2022-02-26__Everton__vs__Manchester City,2022-02-26,2022,Everton,Manchester City,Home,train
1264,2022-02-26__Leeds United__vs__Tottenham Hotspur,2022-02-26,2022,Leeds United,Tottenham,Home,train
1265,2022-02-26__Everton__vs__Manchester City,2022-02-26,2022,Manchester City,Everton,Away,train
1266,2022-02-26__Manchester United__vs__Watford,2022-02-26,2022,Manchester United,Watford,Home,train
1267,2022-02-26__Brentford__vs__Newcastle United,2022-02-26,2022,Newcastle United,Brentford,Away,train
1268,2022-02-26__Leeds United__vs__Tottenham Hotspur,2022-02-26,2022,Tottenham Hotspur,Leeds United,Away,train
1269,2022-02-26__Manchester United__vs__Watford,2022-02-26,2022,Watford,Manchester Utd,Away,train
1270,2022-02-27__West Ham United__vs__Wolverhampton Wanderers,2022-02-27,2022,West Ham United,Wolves,Home,train
1271,2022-02-27__West Ham United__vs__Wolverhampton Wanderers,2022-02-27,2022,Wolverhampton Wanderers,West Ham,Away,train
1272,2022-03-01__Burnley__vs__Leicester City,2022-03-01,2022,Burnley,Leicester City,Home,train
1273,2022-03-01__Burnley__vs__Leicester City,2022-03-01,2022,Leicester City,Burnley,Away,train
1274,2022-03-05__Aston Villa__vs__Southampton,2022-03-05,2022,Aston Villa,Southampton,Home,train
1275,2022-03-05__Norwich City__vs__Brentford,2022-03-05,2022,Brentford,Norwich City,Away,train
1276,2022-03-05__Newcastle United__vs__Brighton And Hove Albion,2022-03-05,2022,Brighton And Hove Albion,Newcastle Utd,Away,train
1277,2022-03-05__Burnley__vs__Chelsea,2022-03-05,2022,Burnley,Chelsea,Home,train
1278,2022-03-05__Burnley__vs__Chelsea,2022-03-05,2022,Chelsea,Burnley,Away,train
1279,2022-03-05__Wolverhampton Wanderers__vs__Crystal Palace,2022-03-05,2022,Crystal Palace,Wolves,Away,train
1280,2022-03-05__Leicester City__vs__Leeds United,2022-03-05,2022,Leeds United,Leicester City,Away,train
1281,2022-03-05__Leicester City__vs__Leeds United,2022-03-05,2022,Leicester City,Leeds United,Home,train
1282,2022-03-05__Liverpool__vs__West Ham United,2022-03-05,2022,Liverpool,West Ham,Home,train
1283,2022-03-05__Newcastle United__vs__Brighton And Hove Albion,2022-03-05,2022,Newcastle United,Brighton,Home,train
1284,2022-03-05__Norwich City__vs__Brentford,2022-03-05,2022,Norwich City,Brentford,Home,train
1285,2022-03-05__Aston Villa__vs__Southampton,2022-03-05,2022,Southampton,Aston Villa,Away,train
1286,2022-03-05__Liverpool__vs__West Ham United,2022-03-05,2022,West Ham United,Liverpool,Away,train
1287,2022-03-05__Wolverhampton Wanderers__vs__Crystal Palace,2022-03-05,2022,Wolverhampton Wanderers,Crystal Palace,Home,train
1288,2022-03-06__Watford__vs__Arsenal,2022-03-06,2022,Arsenal,Watford,Away,train
1289,2022-03-06__Manchester City__vs__Manchester United,2022-03-06,2022,Manchester City,Manchester Utd,Home,train
1290,2022-03-06__Manchester City__vs__Manchester United,2022-03-06,2022,Manchester United,Manchester City,Away,train
1291,2022-03-06__Watford__vs__Arsenal,2022-03-06,2022,Watford,Arsenal,Home,train
1292,2022-03-07__Tottenham Hotspur__vs__Everton,2022-03-07,2022,Everton,Tottenham,Away,train
1293,2022-03-07__Tottenham Hotspur__vs__Everton,2022-03-07,2022,Tottenham Hotspur,Everton,Home,train
1294,2022-03-10__Leeds United__vs__Aston Villa,2022-03-10,2022,Aston Villa,Leeds United,Away,train
1295,2022-03-10__Norwich City__vs__Chelsea,2022-03-10,2022,Chelsea,Norwich City,Away,train
1296,2022-03-10__Leeds United__vs__Aston Villa,2022-03-10,2022,Leeds United,Aston Villa,Home,train
1297,2022-03-10__Southampton__vs__Newcastle United,2022-03-10,2022,Newcastle United,Southampton,Away,train
1298,2022-03-10__Norwich City__vs__Chelsea,2022-03-10,2022,Norwich City,Chelsea,Home,train
1299,2022-03-10__Southampton__vs__Newcastle United,2022-03-10,2022,Southampton,Newcastle Utd,Home,train
1300,2022-03-10__Wolverhampton Wanderers__vs__Watford,2022-03-10,2022,Watford,Wolves,Away,train
1301,2022-03-10__Wolverhampton Wanderers__vs__Watford,2022-03-10,2022,Wolverhampton Wanderers,Watford,Home,train
1302,2022-03-12__Brentford__vs__Burnley,2022-03-12,2022,Brentford,Burnley,Home,train
1303,2022-03-12__Brighton And Hove Albion__vs__Liverpool,2022-03-12,2022,Brighton And Hove Albion,Liverpool,Home,train
1304,2022-03-12__Brentford__vs__Burnley,2022-03-12,2022,Burnley,Brentford,Away,train
1305,2022-03-12__Brighton And Hove Albion__vs__Liverpool,2022-03-12,2022,Liverpool,Brighton,Away,train
1306,2022-03-12__Manchester United__vs__Tottenham Hotspur,2022-03-12,2022,Manchester United,Tottenham,Home,train
1307,2022-03-12__Manchester United__vs__Tottenham Hotspur,2022-03-12,2022,Tottenham Hotspur,Manchester Utd,Away,train
1308,2022-03-13__Arsenal__vs__Leicester City,2022-03-13,2022,Arsenal,Leicester City,Home,train
1309,2022-03-13__West Ham United__vs__Aston Villa,2022-03-13,2022,Aston Villa,West Ham,Away,train
1310,2022-03-13__Chelsea__vs__Newcastle United,2022-03-13,2022,Chelsea,Newcastle Utd,Home,train
1311,2022-03-13__Everton__vs__Wolverhampton Wanderers,2022-03-13,2022,Everton,Wolves,Home,train
1312,2022-03-13__Leeds United__vs__Norwich City,2022-03-13,2022,Leeds United,Norwich City,Home,train
1313,2022-03-13__Arsenal__vs__Leicester City,2022-03-13,2022,Leicester City,Arsenal,Away,train
1314,2022-03-13__Chelsea__vs__Newcastle United,2022-03-13,2022,Newcastle United,Chelsea,Away,train
1315,2022-03-13__Leeds United__vs__Norwich City,2022-03-13,2022,Norwich City,Leeds United,Away,train
1316,2022-03-13__Southampton__vs__Watford,2022-03-13,2022,Southampton,Watford,Home,train
1317,2022-03-13__Southampton__vs__Watford,2022-03-13,2022,Watford,Southampton,Away,train
1318,2022-03-13__West Ham United__vs__Aston Villa,2022-03-13,2022,West Ham United,Aston Villa,Home,train
1319,2022-03-13__Everton__vs__Wolverhampton Wanderers,2022-03-13,2022,Wolverhampton Wanderers,Everton,Away,train
1320,2022-03-14__Crystal Palace__vs__Manchester City,2022-03-14,2022,Crystal Palace,Manchester City,Home,train
1321,2022-03-14__Crystal Palace__vs__Manchester City,2022-03-14,2022,Manchester City,Crystal Palace,Away,train
1322,2022-03-16__Arsenal__vs__Liverpool,2022-03-16,2022,Arsenal,Liverpool,Home,train
1323,2022-03-16__Brighton And Hove Albion__vs__Tottenham Hotspur,2022-03-16,2022,Brighton And Hove Albion,Tottenham,Home,train
1324,2022-03-16__Arsenal__vs__Liverpool,2022-03-16,2022,Liverpool,Arsenal,Away,train
1325,2022-03-16__Brighton And Hove Albion__vs__Tottenham Hotspur,2022-03-16,2022,Tottenham Hotspur,Brighton,Away,train
1326,2022-03-17__Everton__vs__Newcastle United,2022-03-17,2022,Everton,Newcastle Utd,Home,train
1327,2022-03-17__Everton__vs__Newcastle United,2022-03-17,2022,Newcastle United,Everton,Away,train
1328,2022-03-18__Wolverhampton Wanderers__vs__Leeds United,2022-03-18,2022,Leeds United,Wolves,Away,train
1329,2022-03-18__Wolverhampton Wanderers__vs__Leeds United,2022-03-18,2022,Wolverhampton Wanderers,Leeds United,Home,train
1330,2022-03-19__Aston Villa__vs__Arsenal,2022-03-19,2022,Arsenal,Aston Villa,Away,train
1331,2022-03-19__Aston Villa__vs__Arsenal,2022-03-19,2022,Aston Villa,Arsenal,Home,train
1332,2022-03-20__Leicester City__vs__Brentford,2022-03-20,2022,Brentford,Leicester City,Away,train
1333,2022-03-20__Leicester City__vs__Brentford,2022-03-20,2022,Leicester City,Brentford,Home,train
1334,2022-03-20__Tottenham Hotspur__vs__West Ham United,2022-03-20,2022,Tottenham Hotspur,West Ham,Home,train
1335,2022-03-20__Tottenham Hotspur__vs__West Ham United,2022-03-20,2022,West Ham United,Tottenham,Away,train
1336,2022-04-02__Wolverhampton Wanderers__vs__Aston Villa,2022-04-02,2022,Aston Villa,Wolves,Away,train
1337,2022-04-02__Chelsea__vs__Brentford,2022-04-02,2022,Brentford,Chelsea,Away,train
1338,2022-04-02__Brighton And Hove Albion__vs__Norwich City,2022-04-02,2022,Brighton And Hove Albion,Norwich City,Home,train
1339,2022-04-02__Burnley__vs__Manchester City,2022-04-02,2022,Burnley,Manchester City,Home,train
1340,2022-04-02__Chelsea__vs__Brentford,2022-04-02,2022,Chelsea,Brentford,Home,train
1341,2022-04-02__Leeds United__vs__Southampton,2022-04-02,2022,Leeds United,Southampton,Home,train
1342,2022-04-02__Manchester United__vs__Leicester City,2022-04-02,2022,Leicester City,Manchester Utd,Away,train
1343,2022-04-02__Liverpool__vs__Watford,2022-04-02,2022,Liverpool,Watford,Home,train
1344,2022-04-02__Burnley__vs__Manchester City,2022-04-02,2022,Manchester City,Burnley,Away,train
1345,2022-04-02__Manchester United__vs__Leicester City,2022-04-02,2022,Manchester United,Leicester City,Home,train
1346,2022-04-02__Brighton And Hove Albion__vs__Norwich City,2022-04-02,2022,Norwich City,Brighton,Away,train
1347,2022-04-02__Leeds United__vs__Southampton,2022-04-02,2022,Southampton,Leeds United,Away,train
1348,2022-04-02__Liverpool__vs__Watford,2022-04-02,2022,Watford,Liverpool,Away,train
1349,2022-04-02__Wolverhampton Wanderers__vs__Aston Villa,2022-04-02,2022,Wolverhampton Wanderers,Aston Villa,Home,train
1350,2022-04-03__West Ham United__vs__Everton,2022-04-03,2022,Everton,West Ham,Away,train
1351,2022-04-03__Tottenham Hotspur__vs__Newcastle United,2022-04-03,2022,Newcastle United,Tottenham,Away,train
1352,2022-04-03__Tottenham Hotspur__vs__Newcastle United,2022-04-03,2022,Tottenham Hotspur,Newcastle Utd,Home,train
1353,2022-04-03__West Ham United__vs__Everton,2022-04-03,2022,West Ham United,Everton,Home,train
1354,2022-04-04__Crystal Palace__vs__Arsenal,2022-04-04,2022,Arsenal,Crystal Palace,Away,train
1355,2022-04-04__Crystal Palace__vs__Arsenal,2022-04-04,2022,Crystal Palace,Arsenal,Home,train
1356,2022-04-06__Burnley__vs__Everton,2022-04-06,2022,Burnley,Everton,Home,train
1357,2022-04-06__Burnley__vs__Everton,2022-04-06,2022,Everton,Burnley,Away,train
1358,2022-04-08__Newcastle United__vs__Wolverhampton Wanderers,2022-04-08,2022,Newcastle United,Wolves,Home,train
1359,2022-04-08__Newcastle United__vs__Wolverhampton Wanderers,2022-04-08,2022,Wolverhampton Wanderers,Newcastle Utd,Away,train
1360,2022-04-09__Arsenal__vs__Brighton And Hove Albion,2022-04-09,2022,Arsenal,Brighton,Home,train
1361,2022-04-09__Aston Villa__vs__Tottenham Hotspur,2022-04-09,2022,Aston Villa,Tottenham,Home,train
1362,2022-04-09__Arsenal__vs__Brighton And Hove Albion,2022-04-09,2022,Brighton And Hove Albion,Arsenal,Away,train
1363,2022-04-09__Southampton__vs__Chelsea,2022-04-09,2022,Chelsea,Southampton,Away,train
1364,2022-04-09__Everton__vs__Manchester United,2022-04-09,2022,Everton,Manchester Utd,Home,train
1365,2022-04-09__Watford__vs__Leeds United,2022-04-09,2022,Leeds United,Watford,Away,train
1366,2022-04-09__Everton__vs__Manchester United,2022-04-09,2022,Manchester United,Everton,Away,train
1367,2022-04-09__Southampton__vs__Chelsea,2022-04-09,2022,Southampton,Chelsea,Home,train
1368,2022-04-09__Aston Villa__vs__Tottenham Hotspur,2022-04-09,2022,Tottenham Hotspur,Aston Villa,Away,train
1369,2022-04-09__Watford__vs__Leeds United,2022-04-09,2022,Watford,Leeds United,Home,train
1370,2022-04-10__Brentford__vs__West Ham United,2022-04-10,2022,Brentford,West Ham,Home,train
1371,2022-04-10__Norwich City__vs__Burnley,2022-04-10,2022,Burnley,Norwich City,Away,train
1372,2022-04-10__Leicester City__vs__Crystal Palace,2022-04-10,2022,Crystal Palace,Leicester City,Away,train
1373,2022-04-10__Leicester City__vs__Crystal Palace,2022-04-10,2022,Leicester City,Crystal Palace,Home,train
1374,2022-04-10__Manchester City__vs__Liverpool,2022-04-10,2022,Liverpool,Manchester City,Away,train
1375,2022-04-10__Manchester City__vs__Liverpool,2022-04-10,2022,Manchester City,Liverpool,Home,train
1376,2022-04-10__Norwich City__vs__Burnley,2022-04-10,2022,Norwich City,Burnley,Home,train
1377,2022-04-10__Brentford__vs__West Ham United,2022-04-10,2022,West Ham United,Brentford,Away,train
1378,2022-04-16__Southampton__vs__Arsenal,2022-04-16,2022,Arsenal,Southampton,Away,train
1379,2022-04-16__Watford__vs__Brentford,2022-04-16,2022,Brentford,Watford,Away,train
1380,2022-04-16__Tottenham Hotspur__vs__Brighton And Hove Albion,2022-04-16,2022,Brighton And Hove Albion,Tottenham,Away,train
1381,2022-04-16__Manchester United__vs__Norwich City,2022-04-16,2022,Manchester United,Norwich City,Home,train
1382,2022-04-16__Manchester United__vs__Norwich City,2022-04-16,2022,Norwich City,Manchester Utd,Away,train
1383,2022-04-16__Southampton__vs__Arsenal,2022-04-16,2022,Southampton,Arsenal,Home,train
1384,2022-04-16__Tottenham Hotspur__vs__Brighton And Hove Albion,2022-04-16,2022,Tottenham Hotspur,Brighton,Home,train
1385,2022-04-16__Watford__vs__Brentford,2022-04-16,2022,Watford,Brentford,Home,train
1386,2022-04-17__West Ham United__vs__Burnley,2022-04-17,2022,Burnley,West Ham,Away,train
1387,2022-04-17__Newcastle United__vs__Leicester City,2022-04-17,2022,Leicester City,Newcastle Utd,Away,train
1388,2022-04-17__Newcastle United__vs__Leicester City,2022-04-17,2022,Newcastle United,Leicester City,Home,train
1389,2022-04-17__West Ham United__vs__Burnley,2022-04-17,2022,West Ham United,Burnley,Home,train
1390,2022-04-19__Liverpool__vs__Manchester United,2022-04-19,2022,Liverpool,Manchester Utd,Home,train
1391,2022-04-19__Liverpool__vs__Manchester United,2022-04-19,2022,Manchester United,Liverpool,Away,train
1392,2022-04-20__Chelsea__vs__Arsenal,2022-04-20,2022,Arsenal,Chelsea,Away,train
1393,2022-04-20__Manchester City__vs__Brighton And Hove Albion,2022-04-20,2022,Brighton And Hove Albion,Manchester City,Away,train
1394,2022-04-20__Chelsea__vs__Arsenal,2022-04-20,2022,Chelsea,Arsenal,Home,train
1395,2022-04-20__Newcastle United__vs__Crystal Palace,2022-04-20,2022,Crystal Palace,Newcastle Utd,Away,train
1396,2022-04-20__Everton__vs__Leicester City,2022-04-20,2022,Everton,Leicester City,Home,train
1397,2022-04-20__Everton__vs__Leicester City,2022-04-20,2022,Leicester City,Everton,Away,train
1398,2022-04-20__Manchester City__vs__Brighton And Hove Albion,2022-04-20,2022,Manchester City,Brighton,Home,train
1399,2022-04-20__Newcastle United__vs__Crystal Palace,2022-04-20,2022,Newcastle United,Crystal Palace,Home,train
1400,2022-04-21__Burnley__vs__Southampton,2022-04-21,2022,Burnley,Southampton,Home,train
1401,2022-04-21__Burnley__vs__Southampton,2022-04-21,2022,Southampton,Burnley,Away,train
1402,2022-04-23__Arsenal__vs__Manchester United,2022-04-23,2022,Arsenal,Manchester Utd,Home,train
1403,2022-04-23__Leicester City__vs__Aston Villa,2022-04-23,2022,Aston Villa,Leicester City,Away,train
1404,2022-04-23__Brentford__vs__Tottenham Hotspur,2022-04-23,2022,Brentford,Tottenham,Home,train
1405,2022-04-23__Leicester City__vs__Aston Villa,2022-04-23,2022,Leicester City,Aston Villa,Home,train
1406,2022-04-23__Manchester City__vs__Watford,2022-04-23,2022,Manchester City,Watford,Home,train
1407,2022-04-23__Arsenal__vs__Manchester United,2022-04-23,2022,Manchester United,Arsenal,Away,train
1408,2022-04-23__Norwich City__vs__Newcastle United,2022-04-23,2022,Newcastle United,Norwich City,Away,train
1409,2022-04-23__Norwich City__vs__Newcastle United,2022-04-23,2022,Norwich City,Newcastle Utd,Home,train
1410,2022-04-23__Brentford__vs__Tottenham Hotspur,2022-04-23,2022,Tottenham Hotspur,Brentford,Away,train
1411,2022-04-23__Manchester City__vs__Watford,2022-04-23,2022,Watford,Manchester City,Away,train
1412,2022-04-24__Brighton And Hove Albion__vs__Southampton,2022-04-24,2022,Brighton And Hove Albion,Southampton,Home,train
1413,2022-04-24__Burnley__vs__Wolverhampton Wanderers,2022-04-24,2022,Burnley,Wolves,Home,train
1414,2022-04-24__Chelsea__vs__West Ham United,2022-04-24,2022,Chelsea,West Ham,Home,train
1415,2022-04-24__Liverpool__vs__Everton,2022-04-24,2022,Everton,Liverpool,Away,train
1416,2022-04-24__Liverpool__vs__Everton,2022-04-24,2022,Liverpool,Everton,Home,train
1417,2022-04-24__Brighton And Hove Albion__vs__Southampton,2022-04-24,2022,Southampton,Brighton,Away,train
1418,2022-04-24__Chelsea__vs__West Ham United,2022-04-24,2022,West Ham United,Chelsea,Away,train
1419,2022-04-24__Burnley__vs__Wolverhampton Wanderers,2022-04-24,2022,Wolverhampton Wanderers,Burnley,Away,train
1420,2022-04-25__Crystal Palace__vs__Leeds United,2022-04-25,2022,Crystal Palace,Leeds United,Home,train
1421,2022-04-25__Crystal Palace__vs__Leeds United,2022-04-25,2022,Leeds United,Crystal Palace,Away,train
1422,2022-04-28__Manchester United__vs__Chelsea,2022-04-28,2022,Chelsea,Manchester Utd,Away,train
1423,2022-04-28__Manchester United__vs__Chelsea,2022-04-28,2022,Manchester United,Chelsea,Home,train
1424,2022-04-30__Aston Villa__vs__Norwich City,2022-04-30,2022,Aston Villa,Norwich City,Home,train
1425,2022-04-30__Wolverhampton Wanderers__vs__Brighton And Hove Albion,2022-04-30,2022,Brighton And Hove Albion,Wolves,Away,train
1426,2022-04-30__Watford__vs__Burnley,2022-04-30,2022,Burnley,Watford,Away,train
1427,2022-04-30__Southampton__vs__Crystal Palace,2022-04-30,2022,Crystal Palace,Southampton,Away,train
1428,2022-04-30__Leeds United__vs__Manchester City,2022-04-30,2022,Leeds United,Manchester City,Home,train
1429,2022-04-30__Newcastle United__vs__Liverpool,2022-04-30,2022,Liverpool,Newcastle Utd,Away,train
1430,2022-04-30__Leeds United__vs__Manchester City,2022-04-30,2022,Manchester City,Leeds United,Away,train
1431,2022-04-30__Newcastle United__vs__Liverpool,2022-04-30,2022,Newcastle United,Liverpool,Home,train
1432,2022-04-30__Aston Villa__vs__Norwich City,2022-04-30,2022,Norwich City,Aston Villa,Away,train
1433,2022-04-30__Southampton__vs__Crystal Palace,2022-04-30,2022,Southampton,Crystal Palace,Home,train
1434,2022-04-30__Watford__vs__Burnley,2022-04-30,2022,Watford,Burnley,Home,train
1435,2022-04-30__Wolverhampton Wanderers__vs__Brighton And Hove Albion,2022-04-30,2022,Wolverhampton Wanderers,Brighton,Home,train
1436,2022-05-01__West Ham United__vs__Arsenal,2022-05-01,2022,Arsenal,West Ham,Away,train
1437,2022-05-01__Everton__vs__Chelsea,2022-05-01,2022,Chelsea,Everton,Away,train
1438,2022-05-01__Everton__vs__Chelsea,2022-05-01,2022,Everton,Chelsea,Home,train
1439,2022-05-01__Tottenham Hotspur__vs__Leicester City,2022-05-01,2022,Leicester City,Tottenham,Away,train
1440,2022-05-01__Tottenham Hotspur__vs__Leicester City,2022-05-01,2022,Tottenham Hotspur,Leicester City,Home,train
1441,2022-05-01__West Ham United__vs__Arsenal,2022-05-01,2022,West Ham United,Arsenal,Home,train
1442,2022-05-02__Manchester United__vs__Brentford,2022-05-02,2022,Brentford,Manchester Utd,Away,train
1443,2022-05-02__Manchester United__vs__Brentford,2022-05-02,2022,Manchester United,Brentford,Home,train
1444,2022-05-07__Burnley__vs__Aston Villa,2022-05-07,2022,Aston Villa,Burnley,Away,train
1445,2022-05-07__Brentford__vs__Southampton,2022-05-07,2022,Brentford,Southampton,Home,train
1446,2022-05-07__Brighton And Hove Albion__vs__Manchester United,2022-05-07,2022,Brighton And Hove Albion,Manchester Utd,Home,train
1447,2022-05-07__Burnley__vs__Aston Villa,2022-05-07,2022,Burnley,Aston Villa,Home,train
1448,2022-05-07__Chelsea__vs__Wolverhampton Wanderers,2022-05-07,2022,Chelsea,Wolves,Home,train
1449,2022-05-07__Crystal Palace__vs__Watford,2022-05-07,2022,Crystal Palace,Watford,Home,train
1450,2022-05-07__Liverpool__vs__Tottenham Hotspur,2022-05-07,2022,Liverpool,Tottenham,Home,train
1451,2022-05-07__Brighton And Hove Albion__vs__Manchester United,2022-05-07,2022,Manchester United,Brighton,Away,train
1452,2022-05-07__Brentford__vs__Southampton,2022-05-07,2022,Southampton,Brentford,Away,train
1453,2022-05-07__Liverpool__vs__Tottenham Hotspur,2022-05-07,2022,Tottenham Hotspur,Liverpool,Away,train
1454,2022-05-07__Crystal Palace__vs__Watford,2022-05-07,2022,Watford,Crystal Palace,Away,train
1455,2022-05-07__Chelsea__vs__Wolverhampton Wanderers,2022-05-07,2022,Wolverhampton Wanderers,Chelsea,Away,train
1456,2022-05-08__Arsenal__vs__Leeds United,2022-05-08,2022,Arsenal,Leeds United,Home,train
1457,2022-05-08__Leicester City__vs__Everton,2022-05-08,2022,Everton,Leicester City,Away,train
1458,2022-05-08__Arsenal__vs__Leeds United,2022-05-08,2022,Leeds United,Arsenal,Away,train
1459,2022-05-08__Leicester City__vs__Everton,2022-05-08,2022,Leicester City,Everton,Home,train
1460,2022-05-08__Manchester City__vs__Newcastle United,2022-05-08,2022,Manchester City,Newcastle Utd,Home,train
1461,2022-05-08__Manchester City__vs__Newcastle United,2022-05-08,2022,Newcastle United,Manchester City,Away,train
1462,2022-05-08__Norwich City__vs__West Ham United,2022-05-08,2022,Norwich City,West Ham,Home,train
1463,2022-05-08__Norwich City__vs__West Ham United,2022-05-08,2022,West Ham United,Norwich City,Away,train
1464,2022-05-10__Aston Villa__vs__Liverpool,2022-05-10,2022,Aston Villa,Liverpool,Home,train
1465,2022-05-10__Aston Villa__vs__Liverpool,2022-05-10,2022,Liverpool,Aston Villa,Away,train
1466,2022-05-11__Leeds United__vs__Chelsea,2022-05-11,2022,Chelsea,Leeds United,Away,train
1467,2022-05-11__Watford__vs__Everton,2022-05-11,2022,Everton,Watford,Away,train
1468,2022-05-11__Leeds United__vs__Chelsea,2022-05-11,2022,Leeds United,Chelsea,Home,train
1469,2022-05-11__Leicester City__vs__Norwich City,2022-05-11,2022,Leicester City,Norwich City,Home,train
1470,2022-05-11__Wolverhampton Wanderers__vs__Manchester City,2022-05-11,2022,Manchester City,Wolves,Away,train
1471,2022-05-11__Leicester City__vs__Norwich City,2022-05-11,2022,Norwich City,Leicester City,Away,train
1472,2022-05-11__Watford__vs__Everton,2022-05-11,2022,Watford,Everton,Home,train
1473,2022-05-11__Wolverhampton Wanderers__vs__Manchester City,2022-05-11,2022,Wolverhampton Wanderers,Manchester City,Home,train
1474,2022-05-12__Tottenham Hotspur__vs__Arsenal,2022-05-12,2022,Arsenal,Tottenham,Away,train
1475,2022-05-12__Tottenham Hotspur__vs__Arsenal,2022-05-12,2022,Tottenham Hotspur,Arsenal,Home,train
1476,2022-05-15__Aston Villa__vs__Crystal Palace,2022-05-15,2022,Aston Villa,Crystal Palace,Home,train
1477,2022-05-15__Everton__vs__Brentford,2022-05-15,2022,Brentford,Everton,Away,train
1478,2022-05-15__Leeds United__vs__Brighton And Hove Albion,2022-05-15,2022,Brighton And Hove Albion,Leeds United,Away,train
1479,2022-05-15__Tottenham Hotspur__vs__Burnley,2022-05-15,2022,Burnley,Tottenham,Away,train
1480,2022-05-15__Aston Villa__vs__Crystal Palace,2022-05-15,2022,Crystal Palace,Aston Villa,Away,train
1481,2022-05-15__Everton__vs__Brentford,2022-05-15,2022,Everton,Brentford,Home,train
1482,2022-05-15__Leeds United__vs__Brighton And Hove Albion,2022-05-15,2022,Leeds United,Brighton,Home,train
1483,2022-05-15__Watford__vs__Leicester City,2022-05-15,2022,Leicester City,Watford,Away,train
1484,2022-05-15__West Ham United__vs__Manchester City,2022-05-15,2022,Manchester City,West Ham,Away,train
1485,2022-05-15__Wolverhampton Wanderers__vs__Norwich City,2022-05-15,2022,Norwich City,Wolves,Away,train
1486,2022-05-15__Tottenham Hotspur__vs__Burnley,2022-05-15,2022,Tottenham Hotspur,Burnley,Home,train
1487,2022-05-15__Watford__vs__Leicester City,2022-05-15,2022,Watford,Leicester City,Home,train
1488,2022-05-15__West Ham United__vs__Manchester City,2022-05-15,2022,West Ham United,Manchester City,Home,train
1489,2022-05-15__Wolverhampton Wanderers__vs__Norwich City,2022-05-15,2022,Wolverhampton Wanderers,Norwich City,Home,train
1490,2022-05-16__Newcastle United__vs__Arsenal,2022-05-16,2022,Arsenal,Newcastle Utd,Away,train
1491,2022-05-16__Newcastle United__vs__Arsenal,2022-05-16,2022,Newcastle United,Arsenal,Home,train
1492,2022-05-17__Southampton__vs__Liverpool,2022-05-17,2022,Liverpool,Southampton,Away,train
1493,2022-05-17__Southampton__vs__Liverpool,2022-05-17,2022,Southampton,Liverpool,Home,train
1494,2022-05-19__Aston Villa__vs__Burnley,2022-05-19,2022,Aston Villa,Burnley,Home,train
1495,2022-05-19__Aston Villa__vs__Burnley,2022-05-19,2022,Burnley,Aston Villa,Away,train
1496,2022-05-19__Chelsea__vs__Leicester City,2022-05-19,2022,Chelsea,Leicester City,Home,train
1497,2022-05-19__Everton__vs__Crystal Palace,2022-05-19,2022,Crystal Palace,Everton,Away,train
1498,2022-05-19__Everton__vs__Crystal Palace,2022-05-19,2022,Everton,Crystal Palace,Home,train
1499,2022-05-19__Chelsea__vs__Leicester City,2022-05-19,2022,Leicester City,Chelsea,Away,train
1500,2022-05-22__Arsenal__vs__Everton,2022-05-22,2022,Arsenal,Everton,Home,train
1501,2022-05-22__Manchester City__vs__Aston Villa,2022-05-22,2022,Aston Villa,Manchester City,Away,train
1502,2022-05-22__Brentford__vs__Leeds United,2022-05-22,2022,Brentford,Leeds United,Home,train
1503,2022-05-22__Brighton And Hove Albion__vs__West Ham United,2022-05-22,2022,Brighton And Hove Albion,West Ham,Home,train
1504,2022-05-22__Burnley__vs__Newcastle United,2022-05-22,2022,Burnley,Newcastle Utd,Home,train
1505,2022-05-22__Chelsea__vs__Watford,2022-05-22,2022,Chelsea,Watford,Home,train
1506,2022-05-22__Crystal Palace__vs__Manchester United,2022-05-22,2022,Crystal Palace,Manchester Utd,Home,train
1507,2022-05-22__Arsenal__vs__Everton,2022-05-22,2022,Everton,Arsenal,Away,train
1508,2022-05-22__Brentford__vs__Leeds United,2022-05-22,2022,Leeds United,Brentford,Away,train
1509,2022-05-22__Leicester City__vs__Southampton,2022-05-22,2022,Leicester City,Southampton,Home,train
1510,2022-05-22__Liverpool__vs__Wolverhampton Wanderers,2022-05-22,2022,Liverpool,Wolves,Home,train
1511,2022-05-22__Manchester City__vs__Aston Villa,2022-05-22,2022,Manchester City,Aston Villa,Home,train
1512,2022-05-22__Crystal Palace__vs__Manchester United,2022-05-22,2022,Manchester United,Crystal Palace,Away,train
1513,2022-05-22__Burnley__vs__Newcastle United,2022-05-22,2022,Newcastle United,Burnley,Away,train
1514,2022-05-22__Norwich City__vs__Tottenham Hotspur,2022-05-22,2022,Norwich City,Tottenham,Home,train
1515,2022-05-22__Leicester City__vs__Southampton,2022-05-22,2022,Southampton,Leicester City,Away,train
1516,2022-05-22__Norwich City__vs__Tottenham Hotspur,2022-05-22,2022,Tottenham Hotspur,Norwich City,Away,train
1517,2022-05-22__Chelsea__vs__Watford,2022-05-22,2022,Watford,Chelsea,Away,train
1518,2022-05-22__Brighton And Hove Albion__vs__West Ham United,2022-05-22,2022,West Ham United,Brighton,Away,train
1519,2022-05-22__Liverpool__vs__Wolverhampton Wanderers,2022-05-22,2022,Wolverhampton Wanderers,Liverpool,Away,train
1520,2022-08-05__Crystal Palace__vs__Arsenal,2022-08-05,2023,Arsenal,Crystal Palace,Away,train
1521,2022-08-05__Crystal Palace__vs__Arsenal,2022-08-05,2023,Crystal Palace,Arsenal,Home,train
1522,2022-08-06__Bournemouth__vs__Aston Villa,2022-08-06,2023,Aston Villa,Bournemouth,Away,train
1523,2022-08-06__Bournemouth__vs__Aston Villa,2022-08-06,2023,Bournemouth,Aston Villa,Home,train
1524,2022-08-06__Everton__vs__Chelsea,2022-08-06,2023,Chelsea,Everton,Away,train
1525,2022-08-06__Everton__vs__Chelsea,2022-08-06,2023,Everton,Chelsea,Home,train
1526,2022-08-06__Fulham__vs__Liverpool,2022-08-06,2023,Fulham,Liverpool,Home,train
1527,2022-08-06__Leeds United__vs__Wolverhampton Wanderers,2022-08-06,2023,Leeds United,Wolves,Home,train
1528,2022-08-06__Fulham__vs__Liverpool,2022-08-06,2023,Liverpool,Fulham,Away,train
1529,2022-08-06__Newcastle United__vs__Nottingham Forest,2022-08-06,2023,Newcastle United,Nott'ham Forest,Home,train
1530,2022-08-06__Newcastle United__vs__Nottingham Forest,2022-08-06,2023,Nottingham Forest,Newcastle Utd,Away,train
1531,2022-08-06__Tottenham Hotspur__vs__Southampton,2022-08-06,2023,Southampton,Tottenham,Away,train
1532,2022-08-06__Tottenham Hotspur__vs__Southampton,2022-08-06,2023,Tottenham Hotspur,Southampton,Home,train
1533,2022-08-06__Leeds United__vs__Wolverhampton Wanderers,2022-08-06,2023,Wolverhampton Wanderers,Leeds United,Away,train
1534,2022-08-07__Leicester City__vs__Brentford,2022-08-07,2023,Brentford,Leicester City,Away,train
1535,2022-08-07__Manchester United__vs__Brighton And Hove Albion,2022-08-07,2023,Brighton And Hove Albion,Manchester Utd,Away,train
1536,2022-08-07__Leicester City__vs__Brentford,2022-08-07,2023,Leicester City,Brentford,Home,train
1537,2022-08-07__West Ham United__vs__Manchester City,2022-08-07,2023,Manchester City,West Ham,Away,train
1538,2022-08-07__Manchester United__vs__Brighton And Hove Albion,2022-08-07,2023,Manchester United,Brighton,Home,train
1539,2022-08-07__West Ham United__vs__Manchester City,2022-08-07,2023,West Ham United,Manchester City,Home,train
1540,2022-08-13__Arsenal__vs__Leicester City,2022-08-13,2023,Arsenal,Leicester City,Home,train
1541,2022-08-13__Aston Villa__vs__Everton,2022-08-13,2023,Aston Villa,Everton,Home,train
1542,2022-08-13__Manchester City__vs__Bournemouth,2022-08-13,2023,Bournemouth,Manchester City,Away,train
1543,2022-08-13__Brentford__vs__Manchester United,2022-08-13,2023,Brentford,Manchester Utd,Home,train
1544,2022-08-13__Brighton And Hove Albion__vs__Newcastle United,2022-08-13,2023,Brighton And Hove Albion,Newcastle Utd,Home,train
1545,2022-08-13__Aston Villa__vs__Everton,2022-08-13,2023,Everton,Aston Villa,Away,train
1546,2022-08-13__Wolverhampton Wanderers__vs__Fulham,2022-08-13,2023,Fulham,Wolves,Away,train
1547,2022-08-13__Southampton__vs__Leeds United,2022-08-13,2023,Leeds United,Southampton,Away,train
1548,2022-08-13__Arsenal__vs__Leicester City,2022-08-13,2023,Leicester City,Arsenal,Away,train
1549,2022-08-13__Manchester City__vs__Bournemouth,2022-08-13,2023,Manchester City,Bournemouth,Home,train
1550,2022-08-13__Brentford__vs__Manchester United,2022-08-13,2023,Manchester United,Brentford,Away,train
1551,2022-08-13__Brighton And Hove Albion__vs__Newcastle United,2022-08-13,2023,Newcastle United,Brighton,Away,train
1552,2022-08-13__Southampton__vs__Leeds United,2022-08-13,2023,Southampton,Leeds United,Home,train
1553,2022-08-13__Wolverhampton Wanderers__vs__Fulham,2022-08-13,2023,Wolverhampton Wanderers,Fulham,Home,train
1554,2022-08-14__Chelsea__vs__Tottenham Hotspur,2022-08-14,2023,Chelsea,Tottenham,Home,train
1555,2022-08-14__Nottingham Forest__vs__West Ham United,2022-08-14,2023,Nottingham Forest,West Ham,Home,train
1556,2022-08-14__Chelsea__vs__Tottenham Hotspur,2022-08-14,2023,Tottenham Hotspur,Chelsea,Away,train
1557,2022-08-14__Nottingham Forest__vs__West Ham United,2022-08-14,2023,West Ham United,Nott'ham Forest,Away,train
1558,2022-08-15__Liverpool__vs__Crystal Palace,2022-08-15,2023,Crystal Palace,Liverpool,Away,train
1559,2022-08-15__Liverpool__vs__Crystal Palace,2022-08-15,2023,Liverpool,Crystal Palace,Home,train
1560,2022-08-20__Bournemouth__vs__Arsenal,2022-08-20,2023,Arsenal,Bournemouth,Away,train
1561,2022-08-20__Crystal Palace__vs__Aston Villa,2022-08-20,2023,Aston Villa,Crystal Palace,Away,train
1562,2022-08-20__Bournemouth__vs__Arsenal,2022-08-20,2023,Bournemouth,Arsenal,Home,train
1563,2022-08-20__Fulham__vs__Brentford,2022-08-20,2023,Brentford,Fulham,Away,train
1564,2022-08-20__Crystal Palace__vs__Aston Villa,2022-08-20,2023,Crystal Palace,Aston Villa,Home,train
1565,2022-08-20__Everton__vs__Nottingham Forest,2022-08-20,2023,Everton,Nott'ham Forest,Home,train
1566,2022-08-20__Fulham__vs__Brentford,2022-08-20,2023,Fulham,Brentford,Home,train
1567,2022-08-20__Leicester City__vs__Southampton,2022-08-20,2023,Leicester City,Southampton,Home,train
1568,2022-08-20__Everton__vs__Nottingham Forest,2022-08-20,2023,Nottingham Forest,Everton,Away,train
1569,2022-08-20__Leicester City__vs__Southampton,2022-08-20,2023,Southampton,Leicester City,Away,train
1570,2022-08-20__Tottenham Hotspur__vs__Wolverhampton Wanderers,2022-08-20,2023,Tottenham Hotspur,Wolves,Home,train
1571,2022-08-20__Tottenham Hotspur__vs__Wolverhampton Wanderers,2022-08-20,2023,Wolverhampton Wanderers,Tottenham,Away,train
1572,2022-08-21__West Ham United__vs__Brighton And Hove Albion,2022-08-21,2023,Brighton And Hove Albion,West Ham,Away,train
1573,2022-08-21__Leeds United__vs__Chelsea,2022-08-21,2023,Chelsea,Leeds United,Away,train
1574,2022-08-21__Leeds United__vs__Chelsea,2022-08-21,2023,Leeds United,Chelsea,Home,train
1575,2022-08-21__Newcastle United__vs__Manchester City,2022-08-21,2023,Manchester City,Newcastle Utd,Away,train
1576,2022-08-21__Newcastle United__vs__Manchester City,2022-08-21,2023,Newcastle United,Manchester City,Home,train
1577,2022-08-21__West Ham United__vs__Brighton And Hove Albion,2022-08-21,2023,West Ham United,Brighton,Home,train
1578,2022-08-22__Manchester United__vs__Liverpool,2022-08-22,2023,Liverpool,Manchester Utd,Away,train
1579,2022-08-22__Manchester United__vs__Liverpool,2022-08-22,2023,Manchester United,Liverpool,Home,train
1580,2022-08-27__Arsenal__vs__Fulham,2022-08-27,2023,Arsenal,Fulham,Home,train
1581,2022-08-27__Liverpool__vs__Bournemouth,2022-08-27,2023,Bournemouth,Liverpool,Away,train
1582,2022-08-27__Brentford__vs__Everton,2022-08-27,2023,Brentford,Everton,Home,train
1583,2022-08-27__Brighton And Hove Albion__vs__Leeds United,2022-08-27,2023,Brighton And Hove Albion,Leeds United,Home,train
1584,2022-08-27__Chelsea__vs__Leicester City,2022-08-27,2023,Chelsea,Leicester City,Home,train
1585,2022-08-27__Manchester City__vs__Crystal Palace,2022-08-27,2023,Crystal Palace,Manchester City,Away,train
1586,2022-08-27__Brentford__vs__Everton,2022-08-27,2023,Everton,Brentford,Away,train
1587,2022-08-27__Arsenal__vs__Fulham,2022-08-27,2023,Fulham,Arsenal,Away,train
1588,2022-08-27__Brighton And Hove Albion__vs__Leeds United,2022-08-27,2023,Leeds United,Brighton,Away,train
1589,2022-08-27__Chelsea__vs__Leicester City,2022-08-27,2023,Leicester City,Chelsea,Away,train
1590,2022-08-27__Liverpool__vs__Bournemouth,2022-08-27,2023,Liverpool,Bournemouth,Home,train
1591,2022-08-27__Manchester City__vs__Crystal Palace,2022-08-27,2023,Manchester City,Crystal Palace,Home,train
1592,2022-08-27__Southampton__vs__Manchester United,2022-08-27,2023,Manchester United,Southampton,Away,train
1593,2022-08-27__Southampton__vs__Manchester United,2022-08-27,2023,Southampton,Manchester Utd,Home,train
1594,2022-08-28__Aston Villa__vs__West Ham United,2022-08-28,2023,Aston Villa,West Ham,Home,train
1595,2022-08-28__Wolverhampton Wanderers__vs__Newcastle United,2022-08-28,2023,Newcastle United,Wolves,Away,train
1596,2022-08-28__Nottingham Forest__vs__Tottenham Hotspur,2022-08-28,2023,Nottingham Forest,Tottenham,Home,train
1597,2022-08-28__Nottingham Forest__vs__Tottenham Hotspur,2022-08-28,2023,Tottenham Hotspur,Nott'ham Forest,Away,train
1598,2022-08-28__Aston Villa__vs__West Ham United,2022-08-28,2023,West Ham United,Aston Villa,Away,train
1599,2022-08-28__Wolverhampton Wanderers__vs__Newcastle United,2022-08-28,2023,Wolverhampton Wanderers,Newcastle Utd,Home,train
1600,2022-08-30__Crystal Palace__vs__Brentford,2022-08-30,2023,Brentford,Crystal Palace,Away,train
1601,2022-08-30__Fulham__vs__Brighton And Hove Albion,2022-08-30,2023,Brighton And Hove Albion,Fulham,Away,train
1602,2022-08-30__Southampton__vs__Chelsea,2022-08-30,2023,Chelsea,Southampton,Away,train
1603,2022-08-30__Crystal Palace__vs__Brentford,2022-08-30,2023,Crystal Palace,Brentford,Home,train
1604,2022-08-30__Leeds United__vs__Everton,2022-08-30,2023,Everton,Leeds United,Away,train
1605,2022-08-30__Fulham__vs__Brighton And Hove Albion,2022-08-30,2023,Fulham,Brighton,Home,train
1606,2022-08-30__Leeds United__vs__Everton,2022-08-30,2023,Leeds United,Everton,Home,train
1607,2022-08-30__Southampton__vs__Chelsea,2022-08-30,2023,Southampton,Chelsea,Home,train
1608,2022-08-31__Arsenal__vs__Aston Villa,2022-08-31,2023,Arsenal,Aston Villa,Home,train
1609,2022-08-31__Arsenal__vs__Aston Villa,2022-08-31,2023,Aston Villa,Arsenal,Away,train
1610,2022-08-31__Bournemouth__vs__Wolverhampton Wanderers,2022-08-31,2023,Bournemouth,Wolves,Home,train
1611,2022-08-31__Liverpool__vs__Newcastle United,2022-08-31,2023,Liverpool,Newcastle Utd,Home,train
1612,2022-08-31__Manchester City__vs__Nottingham Forest,2022-08-31,2023,Manchester City,Nott'ham Forest,Home,train
1613,2022-08-31__Liverpool__vs__Newcastle United,2022-08-31,2023,Newcastle United,Liverpool,Away,train
1614,2022-08-31__Manchester City__vs__Nottingham Forest,2022-08-31,2023,Nottingham Forest,Manchester City,Away,train
1615,2022-08-31__West Ham United__vs__Tottenham Hotspur,2022-08-31,2023,Tottenham Hotspur,West Ham,Away,train
1616,2022-08-31__West Ham United__vs__Tottenham Hotspur,2022-08-31,2023,West Ham United,Tottenham,Home,train
1617,2022-08-31__Bournemouth__vs__Wolverhampton Wanderers,2022-08-31,2023,Wolverhampton Wanderers,Bournemouth,Away,train
1618,2022-09-01__Leicester City__vs__Manchester United,2022-09-01,2023,Leicester City,Manchester Utd,Home,train
1619,2022-09-01__Leicester City__vs__Manchester United,2022-09-01,2023,Manchester United,Leicester City,Away,train
1620,2022-09-03__Aston Villa__vs__Manchester City,2022-09-03,2023,Aston Villa,Manchester City,Home,train
1621,2022-09-03__Nottingham Forest__vs__Bournemouth,2022-09-03,2023,Bournemouth,Nott'ham Forest,Away,train
1622,2022-09-03__Brentford__vs__Leeds United,2022-09-03,2023,Brentford,Leeds United,Home,train
1623,2022-09-03__Chelsea__vs__West Ham United,2022-09-03,2023,Chelsea,West Ham,Home,train
1624,2022-09-03__Newcastle United__vs__Crystal Palace,2022-09-03,2023,Crystal Palace,Newcastle Utd,Away,train
1625,2022-09-03__Everton__vs__Liverpool,2022-09-03,2023,Everton,Liverpool,Home,train
1626,2022-09-03__Tottenham Hotspur__vs__Fulham,2022-09-03,2023,Fulham,Tottenham,Away,train
1627,2022-09-03__Brentford__vs__Leeds United,2022-09-03,2023,Leeds United,Brentford,Away,train
1628,2022-09-03__Everton__vs__Liverpool,2022-09-03,2023,Liverpool,Everton,Away,train
1629,2022-09-03__Aston Villa__vs__Manchester City,2022-09-03,2023,Manchester City,Aston Villa,Away,train
1630,2022-09-03__Newcastle United__vs__Crystal Palace,2022-09-03,2023,Newcastle United,Crystal Palace,Home,train
1631,2022-09-03__Nottingham Forest__vs__Bournemouth,2022-09-03,2023,Nottingham Forest,Bournemouth,Home,train
1632,2022-09-03__Wolverhampton Wanderers__vs__Southampton,2022-09-03,2023,Southampton,Wolves,Away,train
1633,2022-09-03__Tottenham Hotspur__vs__Fulham,2022-09-03,2023,Tottenham Hotspur,Fulham,Home,train
1634,2022-09-03__Chelsea__vs__West Ham United,2022-09-03,2023,West Ham United,Chelsea,Away,train
1635,2022-09-03__Wolverhampton Wanderers__vs__Southampton,2022-09-03,2023,Wolverhampton Wanderers,Southampton,Home,train
1636,2022-09-04__Manchester United__vs__Arsenal,2022-09-04,2023,Arsenal,Manchester Utd,Away,train
1637,2022-09-04__Brighton And Hove Albion__vs__Leicester City,2022-09-04,2023,Brighton And Hove Albion,Leicester City,Home,train
1638,2022-09-04__Brighton And Hove Albion__vs__Leicester City,2022-09-04,2023,Leicester City,Brighton,Away,train
1639,2022-09-04__Manchester United__vs__Arsenal,2022-09-04,2023,Manchester United,Arsenal,Home,train
1640,2022-09-16__Aston Villa__vs__Southampton,2022-09-16,2023,Aston Villa,Southampton,Home,train
1641,2022-09-16__Nottingham Forest__vs__Fulham,2022-09-16,2023,Fulham,Nott'ham Forest,Away,train
1642,2022-09-16__Nottingham Forest__vs__Fulham,2022-09-16,2023,Nottingham Forest,Fulham,Home,train
1643,2022-09-16__Aston Villa__vs__Southampton,2022-09-16,2023,Southampton,Aston Villa,Away,train
1644,2022-09-17__Newcastle United__vs__Bournemouth,2022-09-17,2023,Bournemouth,Newcastle Utd,Away,train
1645,2022-09-17__Tottenham Hotspur__vs__Leicester City,2022-09-17,2023,Leicester City,Tottenham,Away,train
1646,2022-09-17__Wolverhampton Wanderers__vs__Manchester City,2022-09-17,2023,Manchester City,Wolves,Away,train
1647,2022-09-17__Newcastle United__vs__Bournemouth,2022-09-17,2023,Newcastle United,Bournemouth,Home,train
1648,2022-09-17__Tottenham Hotspur__vs__Leicester City,2022-09-17,2023,Tottenham Hotspur,Leicester City,Home,train
1649,2022-09-17__Wolverhampton Wanderers__vs__Manchester City,2022-09-17,2023,Wolverhampton Wanderers,Manchester City,Home,train
1650,2022-09-18__Brentford__vs__Arsenal,2022-09-18,2023,Arsenal,Brentford,Away,train
1651,2022-09-18__Brentford__vs__Arsenal,2022-09-18,2023,Brentford,Arsenal,Home,train
1652,2022-09-18__Everton__vs__West Ham United,2022-09-18,2023,Everton,West Ham,Home,train
1653,2022-09-18__Everton__vs__West Ham United,2022-09-18,2023,West Ham United,Everton,Away,train
1654,2022-10-01__Arsenal__vs__Tottenham Hotspur,2022-10-01,2023,Arsenal,Tottenham,Home,train
1655,2022-10-01__Bournemouth__vs__Brentford,2022-10-01,2023,Bournemouth,Brentford,Home,train
1656,2022-10-01__Bournemouth__vs__Brentford,2022-10-01,2023,Brentford,Bournemouth,Away,train
1657,2022-10-01__Liverpool__vs__Brighton And Hove Albion,2022-10-01,2023,Brighton And Hove Albion,Liverpool,Away,train
1658,2022-10-01__Crystal Palace__vs__Chelsea,2022-10-01,2023,Chelsea,Crystal Palace,Away,train
1659,2022-10-01__Crystal Palace__vs__Chelsea,2022-10-01,2023,Crystal Palace,Chelsea,Home,train
1660,2022-10-01__Southampton__vs__Everton,2022-10-01,2023,Everton,Southampton,Away,train
1661,2022-10-01__Fulham__vs__Newcastle United,2022-10-01,2023,Fulham,Newcastle Utd,Home,train
1662,2022-10-01__Liverpool__vs__Brighton And Hove Albion,2022-10-01,2023,Liverpool,Brighton,Home,train
1663,2022-10-01__Fulham__vs__Newcastle United,2022-10-01,2023,Newcastle United,Fulham,Away,train
1664,2022-10-01__Southampton__vs__Everton,2022-10-01,2023,Southampton,Everton,Home,train
1665,2022-10-01__Arsenal__vs__Tottenham Hotspur,2022-10-01,2023,Tottenham Hotspur,Arsenal,Away,train
1666,2022-10-01__West Ham United__vs__Wolverhampton Wanderers,2022-10-01,2023,West Ham United,Wolves,Home,train
1667,2022-10-01__West Ham United__vs__Wolverhampton Wanderers,2022-10-01,2023,Wolverhampton Wanderers,West Ham,Away,train
1668,2022-10-02__Leeds United__vs__Aston Villa,2022-10-02,2023,Aston Villa,Leeds United,Away,train
1669,2022-10-02__Leeds United__vs__Aston Villa,2022-10-02,2023,Leeds United,Aston Villa,Home,train
1670,2022-10-02__Manchester City__vs__Manchester United,2022-10-02,2023,Manchester City,Manchester Utd,Home,train
1671,2022-10-02__Manchester City__vs__Manchester United,2022-10-02,2023,Manchester United,Manchester City,Away,train
1672,2022-10-03__Leicester City__vs__Nottingham Forest,2022-10-03,2023,Leicester City,Nott'ham Forest,Home,train
1673,2022-10-03__Leicester City__vs__Nottingham Forest,2022-10-03,2023,Nottingham Forest,Leicester City,Away,train
1674,2022-10-08__Bournemouth__vs__Leicester City,2022-10-08,2023,Bournemouth,Leicester City,Home,train
1675,2022-10-08__Newcastle United__vs__Brentford,2022-10-08,2023,Brentford,Newcastle Utd,Away,train
1676,2022-10-08__Brighton And Hove Albion__vs__Tottenham Hotspur,2022-10-08,2023,Brighton And Hove Albion,Tottenham,Home,train
1677,2022-10-08__Chelsea__vs__Wolverhampton Wanderers,2022-10-08,2023,Chelsea,Wolves,Home,train
1678,2022-10-08__Bournemouth__vs__Leicester City,2022-10-08,2023,Leicester City,Bournemouth,Away,train
1679,2022-10-08__Manchester City__vs__Southampton,2022-10-08,2023,Manchester City,Southampton,Home,train
1680,2022-10-08__Newcastle United__vs__Brentford,2022-10-08,2023,Newcastle United,Brentford,Home,train
1681,2022-10-08__Manchester City__vs__Southampton,2022-10-08,2023,Southampton,Manchester City,Away,train
1682,2022-10-08__Brighton And Hove Albion__vs__Tottenham Hotspur,2022-10-08,2023,Tottenham Hotspur,Brighton,Away,train
1683,2022-10-08__Chelsea__vs__Wolverhampton Wanderers,2022-10-08,2023,Wolverhampton Wanderers,Chelsea,Away,train
1684,2022-10-09__Arsenal__vs__Liverpool,2022-10-09,2023,Arsenal,Liverpool,Home,train
1685,2022-10-09__Crystal Palace__vs__Leeds United,2022-10-09,2023,Crystal Palace,Leeds United,Home,train
1686,2022-10-09__Everton__vs__Manchester United,2022-10-09,2023,Everton,Manchester Utd,Home,train
1687,2022-10-09__West Ham United__vs__Fulham,2022-10-09,2023,Fulham,West Ham,Away,train
1688,2022-10-09__Crystal Palace__vs__Leeds United,2022-10-09,2023,Leeds United,Crystal Palace,Away,train
1689,2022-10-09__Arsenal__vs__Liverpool,2022-10-09,2023,Liverpool,Arsenal,Away,train
1690,2022-10-09__Everton__vs__Manchester United,2022-10-09,2023,Manchester United,Everton,Away,train
1691,2022-10-09__West Ham United__vs__Fulham,2022-10-09,2023,West Ham United,Fulham,Home,train
1692,2022-10-10__Nottingham Forest__vs__Aston Villa,2022-10-10,2023,Aston Villa,Nott'ham Forest,Away,train
1693,2022-10-10__Nottingham Forest__vs__Aston Villa,2022-10-10,2023,Nottingham Forest,Aston Villa,Home,train
1694,2022-10-14__Brentford__vs__Brighton And Hove Albion,2022-10-14,2023,Brentford,Brighton,Home,train
1695,2022-10-14__Brentford__vs__Brighton And Hove Albion,2022-10-14,2023,Brighton And Hove Albion,Brentford,Away,train
1696,2022-10-15__Fulham__vs__Bournemouth,2022-10-15,2023,Bournemouth,Fulham,Away,train
1697,2022-10-15__Leicester City__vs__Crystal Palace,2022-10-15,2023,Crystal Palace,Leicester City,Away,train
1698,2022-10-15__Tottenham Hotspur__vs__Everton,2022-10-15,2023,Everton,Tottenham,Away,train
1699,2022-10-15__Fulham__vs__Bournemouth,2022-10-15,2023,Fulham,Bournemouth,Home,train
1700,2022-10-15__Leicester City__vs__Crystal Palace,2022-10-15,2023,Leicester City,Crystal Palace,Home,train
1701,2022-10-15__Wolverhampton Wanderers__vs__Nottingham Forest,2022-10-15,2023,Nottingham Forest,Wolves,Away,train
1702,2022-10-15__Tottenham Hotspur__vs__Everton,2022-10-15,2023,Tottenham Hotspur,Everton,Home,train
1703,2022-10-15__Wolverhampton Wanderers__vs__Nottingham Forest,2022-10-15,2023,Wolverhampton Wanderers,Nott'ham Forest,Home,train
1704,2022-10-16__Leeds United__vs__Arsenal,2022-10-16,2023,Arsenal,Leeds United,Away,train
1705,2022-10-16__Aston Villa__vs__Chelsea,2022-10-16,2023,Aston Villa,Chelsea,Home,train
1706,2022-10-16__Aston Villa__vs__Chelsea,2022-10-16,2023,Chelsea,Aston Villa,Away,train
1707,2022-10-16__Leeds United__vs__Arsenal,2022-10-16,2023,Leeds United,Arsenal,Home,train
1708,2022-10-16__Liverpool__vs__Manchester City,2022-10-16,2023,Liverpool,Manchester City,Home,train
1709,2022-10-16__Liverpool__vs__Manchester City,2022-10-16,2023,Manchester City,Liverpool,Away,train
1710,2022-10-16__Manchester United__vs__Newcastle United,2022-10-16,2023,Manchester United,Newcastle Utd,Home,train
1711,2022-10-16__Manchester United__vs__Newcastle United,2022-10-16,2023,Newcastle United,Manchester Utd,Away,train
1712,2022-10-16__Southampton__vs__West Ham United,2022-10-16,2023,Southampton,West Ham,Home,train
1713,2022-10-16__Southampton__vs__West Ham United,2022-10-16,2023,West Ham United,Southampton,Away,train
1714,2022-10-18__Brighton And Hove Albion__vs__Nottingham Forest,2022-10-18,2023,Brighton And Hove Albion,Nott'ham Forest,Home,train
1715,2022-10-18__Crystal Palace__vs__Wolverhampton Wanderers,2022-10-18,2023,Crystal Palace,Wolves,Home,train
1716,2022-10-18__Brighton And Hove Albion__vs__Nottingham Forest,2022-10-18,2023,Nottingham Forest,Brighton,Away,train
1717,2022-10-18__Crystal Palace__vs__Wolverhampton Wanderers,2022-10-18,2023,Wolverhampton Wanderers,Crystal Palace,Away,train
1718,2022-10-19__Bournemouth__vs__Southampton,2022-10-19,2023,Bournemouth,Southampton,Home,train
1719,2022-10-19__Brentford__vs__Chelsea,2022-10-19,2023,Brentford,Chelsea,Home,train
1720,2022-10-19__Brentford__vs__Chelsea,2022-10-19,2023,Chelsea,Brentford,Away,train
1721,2022-10-19__Newcastle United__vs__Everton,2022-10-19,2023,Everton,Newcastle Utd,Away,train
1722,2022-10-19__Liverpool__vs__West Ham United,2022-10-19,2023,Liverpool,West Ham,Home,train
1723,2022-10-19__Manchester United__vs__Tottenham Hotspur,2022-10-19,2023,Manchester United,Tottenham,Home,train
1724,2022-10-19__Newcastle United__vs__Everton,2022-10-19,2023,Newcastle United,Everton,Home,train
1725,2022-10-19__Bournemouth__vs__Southampton,2022-10-19,2023,Southampton,Bournemouth,Away,train
1726,2022-10-19__Manchester United__vs__Tottenham Hotspur,2022-10-19,2023,Tottenham Hotspur,Manchester Utd,Away,train
1727,2022-10-19__Liverpool__vs__West Ham United,2022-10-19,2023,West Ham United,Liverpool,Away,train
1728,2022-10-20__Fulham__vs__Aston Villa,2022-10-20,2023,Aston Villa,Fulham,Away,train
1729,2022-10-20__Fulham__vs__Aston Villa,2022-10-20,2023,Fulham,Aston Villa,Home,train
1730,2022-10-20__Leicester City__vs__Leeds United,2022-10-20,2023,Leeds United,Leicester City,Away,train
1731,2022-10-20__Leicester City__vs__Leeds United,2022-10-20,2023,Leicester City,Leeds United,Home,train
1732,2022-10-22__Manchester City__vs__Brighton And Hove Albion,2022-10-22,2023,Brighton And Hove Albion,Manchester City,Away,train
1733,2022-10-22__Chelsea__vs__Manchester United,2022-10-22,2023,Chelsea,Manchester Utd,Home,train
1734,2022-10-22__Everton__vs__Crystal Palace,2022-10-22,2023,Crystal Palace,Everton,Away,train
1735,2022-10-22__Everton__vs__Crystal Palace,2022-10-22,2023,Everton,Crystal Palace,Home,train
1736,2022-10-22__Nottingham Forest__vs__Liverpool,2022-10-22,2023,Liverpool,Nott'ham Forest,Away,train
1737,2022-10-22__Manchester City__vs__Brighton And Hove Albion,2022-10-22,2023,Manchester City,Brighton,Home,train
1738,2022-10-22__Chelsea__vs__Manchester United,2022-10-22,2023,Manchester United,Chelsea,Away,train
1739,2022-10-22__Nottingham Forest__vs__Liverpool,2022-10-22,2023,Nottingham Forest,Liverpool,Home,train
1740,2022-10-23__Southampton__vs__Arsenal,2022-10-23,2023,Arsenal,Southampton,Away,train
1741,2022-10-23__Aston Villa__vs__Brentford,2022-10-23,2023,Aston Villa,Brentford,Home,train
1742,2022-10-23__Aston Villa__vs__Brentford,2022-10-23,2023,Brentford,Aston Villa,Away,train
1743,2022-10-23__Leeds United__vs__Fulham,2022-10-23,2023,Fulham,Leeds United,Away,train
1744,2022-10-23__Leeds United__vs__Fulham,2022-10-23,2023,Leeds United,Fulham,Home,train
1745,2022-10-23__Wolverhampton Wanderers__vs__Leicester City,2022-10-23,2023,Leicester City,Wolves,Away,train
1746,2022-10-23__Tottenham Hotspur__vs__Newcastle United,2022-10-23,2023,Newcastle United,Tottenham,Away,train
1747,2022-10-23__Southampton__vs__Arsenal,2022-10-23,2023,Southampton,Arsenal,Home,train
1748,2022-10-23__Tottenham Hotspur__vs__Newcastle United,2022-10-23,2023,Tottenham Hotspur,Newcastle Utd,Home,train
1749,2022-10-23__Wolverhampton Wanderers__vs__Leicester City,2022-10-23,2023,Wolverhampton Wanderers,Leicester City,Home,train
1750,2022-10-24__West Ham United__vs__Bournemouth,2022-10-24,2023,Bournemouth,West Ham,Away,train
1751,2022-10-24__West Ham United__vs__Bournemouth,2022-10-24,2023,West Ham United,Bournemouth,Home,train
1752,2022-10-29__Newcastle United__vs__Aston Villa,2022-10-29,2023,Aston Villa,Newcastle Utd,Away,train
1753,2022-10-29__Bournemouth__vs__Tottenham Hotspur,2022-10-29,2023,Bournemouth,Tottenham,Home,train
1754,2022-10-29__Brentford__vs__Wolverhampton Wanderers,2022-10-29,2023,Brentford,Wolves,Home,train
1755,2022-10-29__Brighton And Hove Albion__vs__Chelsea,2022-10-29,2023,Brighton And Hove Albion,Chelsea,Home,train
1756,2022-10-29__Brighton And Hove Albion__vs__Chelsea,2022-10-29,2023,Chelsea,Brighton,Away,train
1757,2022-10-29__Crystal Palace__vs__Southampton,2022-10-29,2023,Crystal Palace,Southampton,Home,train
1758,2022-10-29__Fulham__vs__Everton,2022-10-29,2023,Everton,Fulham,Away,train
1759,2022-10-29__Fulham__vs__Everton,2022-10-29,2023,Fulham,Everton,Home,train
1760,2022-10-29__Liverpool__vs__Leeds United,2022-10-29,2023,Leeds United,Liverpool,Away,train
1761,2022-10-29__Leicester City__vs__Manchester City,2022-10-29,2023,Leicester City,Manchester City,Home,train
1762,2022-10-29__Liverpool__vs__Leeds United,2022-10-29,2023,Liverpool,Leeds United,Home,train
1763,2022-10-29__Leicester City__vs__Manchester City,2022-10-29,2023,Manchester City,Leicester City,Away,train
1764,2022-10-29__Newcastle United__vs__Aston Villa,2022-10-29,2023,Newcastle United,Aston Villa,Home,train
1765,2022-10-29__Crystal Palace__vs__Southampton,2022-10-29,2023,Southampton,Crystal Palace,Away,train
1766,2022-10-29__Bournemouth__vs__Tottenham Hotspur,2022-10-29,2023,Tottenham Hotspur,Bournemouth,Away,train
1767,2022-10-29__Brentford__vs__Wolverhampton Wanderers,2022-10-29,2023,Wolverhampton Wanderers,Brentford,Away,train
1768,2022-10-30__Arsenal__vs__Nottingham Forest,2022-10-30,2023,Arsenal,Nott'ham Forest,Home,train
1769,2022-10-30__Manchester United__vs__West Ham United,2022-10-30,2023,Manchester United,West Ham,Home,train
1770,2022-10-30__Arsenal__vs__Nottingham Forest,2022-10-30,2023,Nottingham Forest,Arsenal,Away,train
1771,2022-10-30__Manchester United__vs__West Ham United,2022-10-30,2023,West Ham United,Manchester Utd,Away,train
1772,2022-11-05__Leeds United__vs__Bournemouth,2022-11-05,2023,Bournemouth,Leeds United,Away,train
1773,2022-11-05__Nottingham Forest__vs__Brentford,2022-11-05,2023,Brentford,Nott'ham Forest,Away,train
1774,2022-11-05__Wolverhampton Wanderers__vs__Brighton And Hove Albion,2022-11-05,2023,Brighton And Hove Albion,Wolves,Away,train
1775,2022-11-05__Everton__vs__Leicester City,2022-11-05,2023,Everton,Leicester City,Home,train
1776,2022-11-05__Manchester City__vs__Fulham,2022-11-05,2023,Fulham,Manchester City,Away,train
1777,2022-11-05__Leeds United__vs__Bournemouth,2022-11-05,2023,Leeds United,Bournemouth,Home,train
1778,2022-11-05__Everton__vs__Leicester City,2022-11-05,2023,Leicester City,Everton,Away,train
1779,2022-11-05__Manchester City__vs__Fulham,2022-11-05,2023,Manchester City,Fulham,Home,train
1780,2022-11-05__Nottingham Forest__vs__Brentford,2022-11-05,2023,Nottingham Forest,Brentford,Home,train
1781,2022-11-05__Wolverhampton Wanderers__vs__Brighton And Hove Albion,2022-11-05,2023,Wolverhampton Wanderers,Brighton,Home,train
1782,2022-11-06__Chelsea__vs__Arsenal,2022-11-06,2023,Arsenal,Chelsea,Away,train
1783,2022-11-06__Aston Villa__vs__Manchester United,2022-11-06,2023,Aston Villa,Manchester Utd,Home,train
1784,2022-11-06__Chelsea__vs__Arsenal,2022-11-06,2023,Chelsea,Arsenal,Home,train
1785,2022-11-06__West Ham United__vs__Crystal Palace,2022-11-06,2023,Crystal Palace,West Ham,Away,train
1786,2022-11-06__Tottenham Hotspur__vs__Liverpool,2022-11-06,2023,Liverpool,Tottenham,Away,train
1787,2022-11-06__Aston Villa__vs__Manchester United,2022-11-06,2023,Manchester United,Aston Villa,Away,train
1788,2022-11-06__Southampton__vs__Newcastle United,2022-11-06,2023,Newcastle United,Southampton,Away,train
1789,2022-11-06__Southampton__vs__Newcastle United,2022-11-06,2023,Southampton,Newcastle Utd,Home,train
1790,2022-11-06__Tottenham Hotspur__vs__Liverpool,2022-11-06,2023,Tottenham Hotspur,Liverpool,Home,train
1791,2022-11-06__West Ham United__vs__Crystal Palace,2022-11-06,2023,West Ham United,Crystal Palace,Home,train
1792,2022-11-12__Wolverhampton Wanderers__vs__Arsenal,2022-11-12,2023,Arsenal,Wolves,Away,train
1793,2022-11-12__Bournemouth__vs__Everton,2022-11-12,2023,Bournemouth,Everton,Home,train
1794,2022-11-12__Manchester City__vs__Brentford,2022-11-12,2023,Brentford,Manchester City,Away,train
1795,2022-11-12__Newcastle United__vs__Chelsea,2022-11-12,2023,Chelsea,Newcastle Utd,Away,train
1796,2022-11-12__Nottingham Forest__vs__Crystal Palace,2022-11-12,2023,Crystal Palace,Nott'ham Forest,Away,train
1797,2022-11-12__Bournemouth__vs__Everton,2022-11-12,2023,Everton,Bournemouth,Away,train
1798,2022-11-12__Tottenham Hotspur__vs__Leeds United,2022-11-12,2023,Leeds United,Tottenham,Away,train
1799,2022-11-12__West Ham United__vs__Leicester City,2022-11-12,2023,Leicester City,West Ham,Away,train
1800,2022-11-12__Liverpool__vs__Southampton,2022-11-12,2023,Liverpool,Southampton,Home,train
1801,2022-11-12__Manchester City__vs__Brentford,2022-11-12,2023,Manchester City,Brentford,Home,train
1802,2022-11-12__Newcastle United__vs__Chelsea,2022-11-12,2023,Newcastle United,Chelsea,Home,train
1803,2022-11-12__Nottingham Forest__vs__Crystal Palace,2022-11-12,2023,Nottingham Forest,Crystal Palace,Home,train
1804,2022-11-12__Liverpool__vs__Southampton,2022-11-12,2023,Southampton,Liverpool,Away,train
1805,2022-11-12__Tottenham Hotspur__vs__Leeds United,2022-11-12,2023,Tottenham Hotspur,Leeds United,Home,train
1806,2022-11-12__West Ham United__vs__Leicester City,2022-11-12,2023,West Ham United,Leicester City,Home,train
1807,2022-11-12__Wolverhampton Wanderers__vs__Arsenal,2022-11-12,2023,Wolverhampton Wanderers,Arsenal,Home,train
1808,2022-11-13__Brighton And Hove Albion__vs__Aston Villa,2022-11-13,2023,Aston Villa,Brighton,Away,train
1809,2022-11-13__Brighton And Hove Albion__vs__Aston Villa,2022-11-13,2023,Brighton And Hove Albion,Aston Villa,Home,train
1810,2022-11-13__Fulham__vs__Manchester United,2022-11-13,2023,Fulham,Manchester Utd,Home,train
1811,2022-11-13__Fulham__vs__Manchester United,2022-11-13,2023,Manchester United,Fulham,Away,train
1812,2022-12-26__Arsenal__vs__West Ham United,2022-12-26,2023,Arsenal,West Ham,Home,train
1813,2022-12-26__Aston Villa__vs__Liverpool,2022-12-26,2023,Aston Villa,Liverpool,Home,train
1814,2022-12-26__Brentford__vs__Tottenham Hotspur,2022-12-26,2023,Brentford,Tottenham,Home,train
1815,2022-12-26__Southampton__vs__Brighton And Hove Albion,2022-12-26,2023,Brighton And Hove Albion,Southampton,Away,train
1816,2022-12-26__Crystal Palace__vs__Fulham,2022-12-26,2023,Crystal Palace,Fulham,Home,train
1817,2022-12-26__Everton__vs__Wolverhampton Wanderers,2022-12-26,2023,Everton,Wolves,Home,train
1818,2022-12-26__Crystal Palace__vs__Fulham,2022-12-26,2023,Fulham,Crystal Palace,Away,train
1819,2022-12-26__Leicester City__vs__Newcastle United,2022-12-26,2023,Leicester City,Newcastle Utd,Home,train
1820,2022-12-26__Aston Villa__vs__Liverpool,2022-12-26,2023,Liverpool,Aston Villa,Away,train
1821,2022-12-26__Leicester City__vs__Newcastle United,2022-12-26,2023,Newcastle United,Leicester City,Away,train
1822,2022-12-26__Southampton__vs__Brighton And Hove Albion,2022-12-26,2023,Southampton,Brighton,Home,train
1823,2022-12-26__Brentford__vs__Tottenham Hotspur,2022-12-26,2023,Tottenham Hotspur,Brentford,Away,train
1824,2022-12-26__Arsenal__vs__West Ham United,2022-12-26,2023,West Ham United,Arsenal,Away,train
1825,2022-12-26__Everton__vs__Wolverhampton Wanderers,2022-12-26,2023,Wolverhampton Wanderers,Everton,Away,train
1826,2022-12-27__Chelsea__vs__Bournemouth,2022-12-27,2023,Bournemouth,Chelsea,Away,train
1827,2022-12-27__Chelsea__vs__Bournemouth,2022-12-27,2023,Chelsea,Bournemouth,Home,train
1828,2022-12-27__Manchester United__vs__Nottingham Forest,2022-12-27,2023,Manchester United,Nott'ham Forest,Home,train
1829,2022-12-27__Manchester United__vs__Nottingham Forest,2022-12-27,2023,Nottingham Forest,Manchester Utd,Away,train
1830,2022-12-28__Leeds United__vs__Manchester City,2022-12-28,2023,Leeds United,Manchester City,Home,train
1831,2022-12-28__Leeds United__vs__Manchester City,2022-12-28,2023,Manchester City,Leeds United,Away,train
1832,2022-12-30__West Ham United__vs__Brentford,2022-12-30,2023,Brentford,West Ham,Away,train
1833,2022-12-30__Liverpool__vs__Leicester City,2022-12-30,2023,Leicester City,Liverpool,Away,train
1834,2022-12-30__Liverpool__vs__Leicester City,2022-12-30,2023,Liverpool,Leicester City,Home,train
1835,2022-12-30__West Ham United__vs__Brentford,2022-12-30,2023,West Ham United,Brentford,Home,train
1836,2022-12-31__Brighton And Hove Albion__vs__Arsenal,2022-12-31,2023,Arsenal,Brighton,Away,train
1837,2022-12-31__Bournemouth__vs__Crystal Palace,2022-12-31,2023,Bournemouth,Crystal Palace,Home,train
1838,2022-12-31__Brighton And Hove Albion__vs__Arsenal,2022-12-31,2023,Brighton And Hove Albion,Arsenal,Home,train
1839,2022-12-31__Bournemouth__vs__Crystal Palace,2022-12-31,2023,Crystal Palace,Bournemouth,Away,train
1840,2022-12-31__Manchester City__vs__Everton,2022-12-31,2023,Everton,Manchester City,Away,train
1841,2022-12-31__Fulham__vs__Southampton,2022-12-31,2023,Fulham,Southampton,Home,train
1842,2022-12-31__Newcastle United__vs__Leeds United,2022-12-31,2023,Leeds United,Newcastle Utd,Away,train
1843,2022-12-31__Manchester City__vs__Everton,2022-12-31,2023,Manchester City,Everton,Home,train
1844,2022-12-31__Wolverhampton Wanderers__vs__Manchester United,2022-12-31,2023,Manchester United,Wolves,Away,train
1845,2022-12-31__Newcastle United__vs__Leeds United,2022-12-31,2023,Newcastle United,Leeds United,Home,train
1846,2022-12-31__Fulham__vs__Southampton,2022-12-31,2023,Southampton,Fulham,Away,train
1847,2022-12-31__Wolverhampton Wanderers__vs__Manchester United,2022-12-31,2023,Wolverhampton Wanderers,Manchester Utd,Home,train
1848,2023-01-01__Tottenham Hotspur__vs__Aston Villa,2023-01-01,2023,Aston Villa,Tottenham,Away,train
1849,2023-01-01__Nottingham Forest__vs__Chelsea,2023-01-01,2023,Chelsea,Nott'ham Forest,Away,train
1850,2023-01-01__Nottingham Forest__vs__Chelsea,2023-01-01,2023,Nottingham Forest,Chelsea,Home,train
1851,2023-01-01__Tottenham Hotspur__vs__Aston Villa,2023-01-01,2023,Tottenham Hotspur,Aston Villa,Home,train
1852,2023-01-02__Brentford__vs__Liverpool,2023-01-02,2023,Brentford,Liverpool,Home,train
1853,2023-01-02__Brentford__vs__Liverpool,2023-01-02,2023,Liverpool,Brentford,Away,train
1854,2023-01-03__Arsenal__vs__Newcastle United,2023-01-03,2023,Arsenal,Newcastle Utd,Home,train
1855,2023-01-03__Manchester United__vs__Bournemouth,2023-01-03,2023,Bournemouth,Manchester Utd,Away,train
1856,2023-01-03__Everton__vs__Brighton And Hove Albion,2023-01-03,2023,Brighton And Hove Albion,Everton,Away,train
1857,2023-01-03__Everton__vs__Brighton And Hove Albion,2023-01-03,2023,Everton,Brighton,Home,train
1858,2023-01-03__Leicester City__vs__Fulham,2023-01-03,2023,Fulham,Leicester City,Away,train
1859,2023-01-03__Leicester City__vs__Fulham,2023-01-03,2023,Leicester City,Fulham,Home,train
1860,2023-01-03__Manchester United__vs__Bournemouth,2023-01-03,2023,Manchester United,Bournemouth,Home,train
1861,2023-01-03__Arsenal__vs__Newcastle United,2023-01-03,2023,Newcastle United,Arsenal,Away,train
1862,2023-01-04__Aston Villa__vs__Wolverhampton Wanderers,2023-01-04,2023,Aston Villa,Wolves,Home,train
1863,2023-01-04__Crystal Palace__vs__Tottenham Hotspur,2023-01-04,2023,Crystal Palace,Tottenham,Home,train
1864,2023-01-04__Leeds United__vs__West Ham United,2023-01-04,2023,Leeds United,West Ham,Home,train
1865,2023-01-04__Southampton__vs__Nottingham Forest,2023-01-04,2023,Nottingham Forest,Southampton,Away,train
1866,2023-01-04__Southampton__vs__Nottingham Forest,2023-01-04,2023,Southampton,Nott'ham Forest,Home,train
1867,2023-01-04__Crystal Palace__vs__Tottenham Hotspur,2023-01-04,2023,Tottenham Hotspur,Crystal Palace,Away,train
1868,2023-01-04__Leeds United__vs__West Ham United,2023-01-04,2023,West Ham United,Leeds United,Away,train
1869,2023-01-04__Aston Villa__vs__Wolverhampton Wanderers,2023-01-04,2023,Wolverhampton Wanderers,Aston Villa,Away,train
1870,2023-01-05__Chelsea__vs__Manchester City,2023-01-05,2023,Chelsea,Manchester City,Home,train
1871,2023-01-05__Chelsea__vs__Manchester City,2023-01-05,2023,Manchester City,Chelsea,Away,train
1872,2023-01-12__Fulham__vs__Chelsea,2023-01-12,2023,Chelsea,Fulham,Away,train
1873,2023-01-12__Fulham__vs__Chelsea,2023-01-12,2023,Fulham,Chelsea,Home,train
1874,2023-01-13__Aston Villa__vs__Leeds United,2023-01-13,2023,Aston Villa,Leeds United,Home,train
1875,2023-01-13__Aston Villa__vs__Leeds United,2023-01-13,2023,Leeds United,Aston Villa,Away,train
1876,2023-01-14__Brentford__vs__Bournemouth,2023-01-14,2023,Bournemouth,Brentford,Away,train
1877,2023-01-14__Brentford__vs__Bournemouth,2023-01-14,2023,Brentford,Bournemouth,Home,train
1878,2023-01-14__Brighton And Hove Albion__vs__Liverpool,2023-01-14,2023,Brighton And Hove Albion,Liverpool,Home,train
1879,2023-01-14__Everton__vs__Southampton,2023-01-14,2023,Everton,Southampton,Home,train
1880,2023-01-14__Nottingham Forest__vs__Leicester City,2023-01-14,2023,Leicester City,Nott'ham Forest,Away,train
1881,2023-01-14__Brighton And Hove Albion__vs__Liverpool,2023-01-14,2023,Liverpool,Brighton,Away,train
1882,2023-01-14__Manchester United__vs__Manchester City,2023-01-14,2023,Manchester City,Manchester Utd,Away,train
1883,2023-01-14__Manchester United__vs__Manchester City,2023-01-14,2023,Manchester United,Manchester City,Home,train
1884,2023-01-14__Nottingham Forest__vs__Leicester City,2023-01-14,2023,Nottingham Forest,Leicester City,Home,train
1885,2023-01-14__Everton__vs__Southampton,2023-01-14,2023,Southampton,Everton,Away,train
1886,2023-01-14__Wolverhampton Wanderers__vs__West Ham United,2023-01-14,2023,West Ham United,Wolves,Away,train
1887,2023-01-14__Wolverhampton Wanderers__vs__West Ham United,2023-01-14,2023,Wolverhampton Wanderers,West Ham,Home,train
1888,2023-01-15__Tottenham Hotspur__vs__Arsenal,2023-01-15,2023,Arsenal,Tottenham,Away,train
1889,2023-01-15__Chelsea__vs__Crystal Palace,2023-01-15,2023,Chelsea,Crystal Palace,Home,train
1890,2023-01-15__Chelsea__vs__Crystal Palace,2023-01-15,2023,Crystal Palace,Chelsea,Away,train
1891,2023-01-15__Newcastle United__vs__Fulham,2023-01-15,2023,Fulham,Newcastle Utd,Away,train
1892,2023-01-15__Newcastle United__vs__Fulham,2023-01-15,2023,Newcastle United,Fulham,Home,train
1893,2023-01-15__Tottenham Hotspur__vs__Arsenal,2023-01-15,2023,Tottenham Hotspur,Arsenal,Home,train
1894,2023-01-18__Crystal Palace__vs__Manchester United,2023-01-18,2023,Crystal Palace,Manchester Utd,Home,train
1895,2023-01-18__Crystal Palace__vs__Manchester United,2023-01-18,2023,Manchester United,Crystal Palace,Away,train
1896,2023-01-19__Manchester City__vs__Tottenham Hotspur,2023-01-19,2023,Manchester City,Tottenham,Home,train
1897,2023-01-19__Manchester City__vs__Tottenham Hotspur,2023-01-19,2023,Tottenham Hotspur,Manchester City,Away,train
1898,2023-01-21__Southampton__vs__Aston Villa,2023-01-21,2023,Aston Villa,Southampton,Away,train
1899,2023-01-21__Bournemouth__vs__Nottingham Forest,2023-01-21,2023,Bournemouth,Nott'ham Forest,Home,train
1900,2023-01-21__Leicester City__vs__Brighton And Hove Albion,2023-01-21,2023,Brighton And Hove Albion,Leicester City,Away,train
1901,2023-01-21__Liverpool__vs__Chelsea,2023-01-21,2023,Chelsea,Liverpool,Away,train
1902,2023-01-21__Crystal Palace__vs__Newcastle United,2023-01-21,2023,Crystal Palace,Newcastle Utd,Home,train
1903,2023-01-21__West Ham United__vs__Everton,2023-01-21,2023,Everton,West Ham,Away,train
1904,2023-01-21__Leicester City__vs__Brighton And Hove Albion,2023-01-21,2023,Leicester City,Brighton,Home,train
1905,2023-01-21__Liverpool__vs__Chelsea,2023-01-21,2023,Liverpool,Chelsea,Home,train
1906,2023-01-21__Crystal Palace__vs__Newcastle United,2023-01-21,2023,Newcastle United,Crystal Palace,Away,train
1907,2023-01-21__Bournemouth__vs__Nottingham Forest,2023-01-21,2023,Nottingham Forest,Bournemouth,Away,train
1908,2023-01-21__Southampton__vs__Aston Villa,2023-01-21,2023,Southampton,Aston Villa,Home,train
1909,2023-01-21__West Ham United__vs__Everton,2023-01-21,2023,West Ham United,Everton,Home,train
1910,2023-01-22__Arsenal__vs__Manchester United,2023-01-22,2023,Arsenal,Manchester Utd,Home,train
1911,2023-01-22__Leeds United__vs__Brentford,2023-01-22,2023,Brentford,Leeds United,Away,train
1912,2023-01-22__Leeds United__vs__Brentford,2023-01-22,2023,Leeds United,Brentford,Home,train
1913,2023-01-22__Manchester City__vs__Wolverhampton Wanderers,2023-01-22,2023,Manchester City,Wolves,Home,train
1914,2023-01-22__Arsenal__vs__Manchester United,2023-01-22,2023,Manchester United,Arsenal,Away,train
1915,2023-01-22__Manchester City__vs__Wolverhampton Wanderers,2023-01-22,2023,Wolverhampton Wanderers,Manchester City,Away,train
1916,2023-01-23__Fulham__vs__Tottenham Hotspur,2023-01-23,2023,Fulham,Tottenham,Home,train
1917,2023-01-23__Fulham__vs__Tottenham Hotspur,2023-01-23,2023,Tottenham Hotspur,Fulham,Away,train
1918,2023-02-03__Chelsea__vs__Fulham,2023-02-03,2023,Chelsea,Fulham,Home,train
1919,2023-02-03__Chelsea__vs__Fulham,2023-02-03,2023,Fulham,Chelsea,Away,train
1920,2023-02-04__Everton__vs__Arsenal,2023-02-04,2023,Arsenal,Everton,Away,train
1921,2023-02-04__Aston Villa__vs__Leicester City,2023-02-04,2023,Aston Villa,Leicester City,Home,train
1922,2023-02-04__Brighton And Hove Albion__vs__Bournemouth,2023-02-04,2023,Bournemouth,Brighton,Away,train
1923,2023-02-04__Brentford__vs__Southampton,2023-02-04,2023,Brentford,Southampton,Home,train
1924,2023-02-04__Brighton And Hove Albion__vs__Bournemouth,2023-02-04,2023,Brighton And Hove Albion,Bournemouth,Home,train
1925,2023-02-04__Manchester United__vs__Crystal Palace,2023-02-04,2023,Crystal Palace,Manchester Utd,Away,train
1926,2023-02-04__Everton__vs__Arsenal,2023-02-04,2023,Everton,Arsenal,Home,train
1927,2023-02-04__Aston Villa__vs__Leicester City,2023-02-04,2023,Leicester City,Aston Villa,Away,train
1928,2023-02-04__Wolverhampton Wanderers__vs__Liverpool,2023-02-04,2023,Liverpool,Wolves,Away,train
1929,2023-02-04__Manchester United__vs__Crystal Palace,2023-02-04,2023,Manchester United,Crystal Palace,Home,train
1930,2023-02-04__Newcastle United__vs__West Ham United,2023-02-04,2023,Newcastle United,West Ham,Home,train
1931,2023-02-04__Brentford__vs__Southampton,2023-02-04,2023,Southampton,Brentford,Away,train
1932,2023-02-04__Newcastle United__vs__West Ham United,2023-02-04,2023,West Ham United,Newcastle Utd,Away,train
1933,2023-02-04__Wolverhampton Wanderers__vs__Liverpool,2023-02-04,2023,Wolverhampton Wanderers,Liverpool,Home,train
1934,2023-02-05__Nottingham Forest__vs__Leeds United,2023-02-05,2023,Leeds United,Nott'ham Forest,Away,train
1935,2023-02-05__Tottenham Hotspur__vs__Manchester City,2023-02-05,2023,Manchester City,Tottenham,Away,train
1936,2023-02-05__Nottingham Forest__vs__Leeds United,2023-02-05,2023,Nottingham Forest,Leeds United,Home,train
1937,2023-02-05__Tottenham Hotspur__vs__Manchester City,2023-02-05,2023,Tottenham Hotspur,Manchester City,Home,train
1938,2023-02-08__Manchester United__vs__Leeds United,2023-02-08,2023,Leeds United,Manchester Utd,Away,train
1939,2023-02-08__Manchester United__vs__Leeds United,2023-02-08,2023,Manchester United,Leeds United,Home,train
1940,2023-02-11__Arsenal__vs__Brentford,2023-02-11,2023,Arsenal,Brentford,Home,train
1941,2023-02-11__Bournemouth__vs__Newcastle United,2023-02-11,2023,Bournemouth,Newcastle Utd,Home,train
1942,2023-02-11__Arsenal__vs__Brentford,2023-02-11,2023,Brentford,Arsenal,Away,train
1943,2023-02-11__Crystal Palace__vs__Brighton And Hove Albion,2023-02-11,2023,Brighton And Hove Albion,Crystal Palace,Away,train
1944,2023-02-11__West Ham United__vs__Chelsea,2023-02-11,2023,Chelsea,West Ham,Away,train
1945,2023-02-11__Crystal Palace__vs__Brighton And Hove Albion,2023-02-11,2023,Crystal Palace,Brighton,Home,train
1946,2023-02-11__Fulham__vs__Nottingham Forest,2023-02-11,2023,Fulham,Nott'ham Forest,Home,train
1947,2023-02-11__Leicester City__vs__Tottenham Hotspur,2023-02-11,2023,Leicester City,Tottenham,Home,train
1948,2023-02-11__Bournemouth__vs__Newcastle United,2023-02-11,2023,Newcastle United,Bournemouth,Away,train
1949,2023-02-11__Fulham__vs__Nottingham Forest,2023-02-11,2023,Nottingham Forest,Fulham,Away,train
1950,2023-02-11__Southampton__vs__Wolverhampton Wanderers,2023-02-11,2023,Southampton,Wolves,Home,train
1951,2023-02-11__Leicester City__vs__Tottenham Hotspur,2023-02-11,2023,Tottenham Hotspur,Leicester City,Away,train
1952,2023-02-11__West Ham United__vs__Chelsea,2023-02-11,2023,West Ham United,Chelsea,Home,train
1953,2023-02-11__Southampton__vs__Wolverhampton Wanderers,2023-02-11,2023,Wolverhampton Wanderers,Southampton,Away,train
1954,2023-02-12__Manchester City__vs__Aston Villa,2023-02-12,2023,Aston Villa,Manchester City,Away,train
1955,2023-02-12__Leeds United__vs__Manchester United,2023-02-12,2023,Leeds United,Manchester Utd,Home,train
1956,2023-02-12__Manchester City__vs__Aston Villa,2023-02-12,2023,Manchester City,Aston Villa,Home,train
1957,2023-02-12__Leeds United__vs__Manchester United,2023-02-12,2023,Manchester United,Leeds United,Away,train
1958,2023-02-13__Liverpool__vs__Everton,2023-02-13,2023,Everton,Liverpool,Away,train
1959,2023-02-13__Liverpool__vs__Everton,2023-02-13,2023,Liverpool,Everton,Home,train
1960,2023-02-15__Arsenal__vs__Manchester City,2023-02-15,2023,Arsenal,Manchester City,Home,train
1961,2023-02-15__Arsenal__vs__Manchester City,2023-02-15,2023,Manchester City,Arsenal,Away,train
1962,2023-02-18__Aston Villa__vs__Arsenal,2023-02-18,2023,Arsenal,Aston Villa,Away,train
1963,2023-02-18__Aston Villa__vs__Arsenal,2023-02-18,2023,Aston Villa,Arsenal,Home,train
1964,2023-02-18__Wolverhampton Wanderers__vs__Bournemouth,2023-02-18,2023,Bournemouth,Wolves,Away,train
1965,2023-02-18__Brentford__vs__Crystal Palace,2023-02-18,2023,Brentford,Crystal Palace,Home,train
1966,2023-02-18__Brighton And Hove Albion__vs__Fulham,2023-02-18,2023,Brighton And Hove Albion,Fulham,Home,train
1967,2023-02-18__Chelsea__vs__Southampton,2023-02-18,2023,Chelsea,Southampton,Home,train
1968,2023-02-18__Brentford__vs__Crystal Palace,2023-02-18,2023,Crystal Palace,Brentford,Away,train
1969,2023-02-18__Everton__vs__Leeds United,2023-02-18,2023,Everton,Leeds United,Home,train
1970,2023-02-18__Brighton And Hove Albion__vs__Fulham,2023-02-18,2023,Fulham,Brighton,Away,train
1971,2023-02-18__Everton__vs__Leeds United,2023-02-18,2023,Leeds United,Everton,Away,train
1972,2023-02-18__Newcastle United__vs__Liverpool,2023-02-18,2023,Liverpool,Newcastle Utd,Away,train
1973,2023-02-18__Nottingham Forest__vs__Manchester City,2023-02-18,2023,Manchester City,Nott'ham Forest,Away,train
1974,2023-02-18__Newcastle United__vs__Liverpool,2023-02-18,2023,Newcastle United,Liverpool,Home,train
1975,2023-02-18__Nottingham Forest__vs__Manchester City,2023-02-18,2023,Nottingham Forest,Manchester City,Home,train
1976,2023-02-18__Chelsea__vs__Southampton,2023-02-18,2023,Southampton,Chelsea,Away,train
1977,2023-02-18__Wolverhampton Wanderers__vs__Bournemouth,2023-02-18,2023,Wolverhampton Wanderers,Bournemouth,Home,train
1978,2023-02-19__Manchester United__vs__Leicester City,2023-02-19,2023,Leicester City,Manchester Utd,Away,train
1979,2023-02-19__Manchester United__vs__Leicester City,2023-02-19,2023,Manchester United,Leicester City,Home,train
1980,2023-02-19__Tottenham Hotspur__vs__West Ham United,2023-02-19,2023,Tottenham Hotspur,West Ham,Home,train
1981,2023-02-19__Tottenham Hotspur__vs__West Ham United,2023-02-19,2023,West Ham United,Tottenham,Away,train
1982,2023-02-24__Fulham__vs__Wolverhampton Wanderers,2023-02-24,2023,Fulham,Wolves,Home,train
1983,2023-02-24__Fulham__vs__Wolverhampton Wanderers,2023-02-24,2023,Wolverhampton Wanderers,Fulham,Away,train
1984,2023-02-25__Leicester City__vs__Arsenal,2023-02-25,2023,Arsenal,Leicester City,Away,train
1985,2023-02-25__Everton__vs__Aston Villa,2023-02-25,2023,Aston Villa,Everton,Away,train
1986,2023-02-25__Bournemouth__vs__Manchester City,2023-02-25,2023,Bournemouth,Manchester City,Home,train
1987,2023-02-25__Crystal Palace__vs__Liverpool,2023-02-25,2023,Crystal Palace,Liverpool,Home,train
1988,2023-02-25__Everton__vs__Aston Villa,2023-02-25,2023,Everton,Aston Villa,Home,train
1989,2023-02-25__Leeds United__vs__Southampton,2023-02-25,2023,Leeds United,Southampton,Home,train
1990,2023-02-25__Leicester City__vs__Arsenal,2023-02-25,2023,Leicester City,Arsenal,Home,train
1991,2023-02-25__Crystal Palace__vs__Liverpool,2023-02-25,2023,Liverpool,Crystal Palace,Away,train
1992,2023-02-25__Bournemouth__vs__Manchester City,2023-02-25,2023,Manchester City,Bournemouth,Away,train
1993,2023-02-25__West Ham United__vs__Nottingham Forest,2023-02-25,2023,Nottingham Forest,West Ham,Away,train
1994,2023-02-25__Leeds United__vs__Southampton,2023-02-25,2023,Southampton,Leeds United,Away,train
1995,2023-02-25__West Ham United__vs__Nottingham Forest,2023-02-25,2023,West Ham United,Nott'ham Forest,Home,train
1996,2023-02-26__Tottenham Hotspur__vs__Chelsea,2023-02-26,2023,Chelsea,Tottenham,Away,train
1997,2023-02-26__Tottenham Hotspur__vs__Chelsea,2023-02-26,2023,Tottenham Hotspur,Chelsea,Home,train
1998,2023-03-01__Arsenal__vs__Everton,2023-03-01,2023,Arsenal,Everton,Home,train
1999,2023-03-01__Arsenal__vs__Everton,2023-03-01,2023,Everton,Arsenal,Away,train
2000,2023-03-01__Liverpool__vs__Wolverhampton Wanderers,2023-03-01,2023,Liverpool,Wolves,Home,train
2001,2023-03-01__Liverpool__vs__Wolverhampton Wanderers,2023-03-01,2023,Wolverhampton Wanderers,Liverpool,Away,train
2002,2023-03-04__Arsenal__vs__Bournemouth,2023-03-04,2023,Arsenal,Bournemouth,Home,train
2003,2023-03-04__Aston Villa__vs__Crystal Palace,2023-03-04,2023,Aston Villa,Crystal Palace,Home,train
2004,2023-03-04__Arsenal__vs__Bournemouth,2023-03-04,2023,Bournemouth,Arsenal,Away,train
2005,2023-03-04__Brighton And Hove Albion__vs__West Ham United,2023-03-04,2023,Brighton And Hove Albion,West Ham,Home,train
2006,2023-03-04__Chelsea__vs__Leeds United,2023-03-04,2023,Chelsea,Leeds United,Home,train
2007,2023-03-04__Aston Villa__vs__Crystal Palace,2023-03-04,2023,Crystal Palace,Aston Villa,Away,train
2008,2023-03-04__Chelsea__vs__Leeds United,2023-03-04,2023,Leeds United,Chelsea,Away,train
2009,2023-03-04__Southampton__vs__Leicester City,2023-03-04,2023,Leicester City,Southampton,Away,train
2010,2023-03-04__Manchester City__vs__Newcastle United,2023-03-04,2023,Manchester City,Newcastle Utd,Home,train
2011,2023-03-04__Manchester City__vs__Newcastle United,2023-03-04,2023,Newcastle United,Manchester City,Away,train
2012,2023-03-04__Southampton__vs__Leicester City,2023-03-04,2023,Southampton,Leicester City,Home,train
2013,2023-03-04__Wolverhampton Wanderers__vs__Tottenham Hotspur,2023-03-04,2023,Tottenham Hotspur,Wolves,Away,train
2014,2023-03-04__Brighton And Hove Albion__vs__West Ham United,2023-03-04,2023,West Ham United,Brighton,Away,train
2015,2023-03-04__Wolverhampton Wanderers__vs__Tottenham Hotspur,2023-03-04,2023,Wolverhampton Wanderers,Tottenham,Home,train
2016,2023-03-05__Nottingham Forest__vs__Everton,2023-03-05,2023,Everton,Nott'ham Forest,Away,train
2017,2023-03-05__Liverpool__vs__Manchester United,2023-03-05,2023,Liverpool,Manchester Utd,Home,train
2018,2023-03-05__Liverpool__vs__Manchester United,2023-03-05,2023,Manchester United,Liverpool,Away,train
2019,2023-03-05__Nottingham Forest__vs__Everton,2023-03-05,2023,Nottingham Forest,Everton,Home,train
2020,2023-03-06__Brentford__vs__Fulham,2023-03-06,2023,Brentford,Fulham,Home,train
2021,2023-03-06__Brentford__vs__Fulham,2023-03-06,2023,Fulham,Brentford,Away,train
2022,2023-03-11__Bournemouth__vs__Liverpool,2023-03-11,2023,Bournemouth,Liverpool,Home,train
2023,2023-03-11__Everton__vs__Brentford,2023-03-11,2023,Brentford,Everton,Away,train
2024,2023-03-11__Leeds United__vs__Brighton And Hove Albion,2023-03-11,2023,Brighton And Hove Albion,Leeds United,Away,train
2025,2023-03-11__Leicester City__vs__Chelsea,2023-03-11,2023,Chelsea,Leicester City,Away,train
2026,2023-03-11__Crystal Palace__vs__Manchester City,2023-03-11,2023,Crystal Palace,Manchester City,Home,train
2027,2023-03-11__Everton__vs__Brentford,2023-03-11,2023,Everton,Brentford,Home,train
2028,2023-03-11__Leeds United__vs__Brighton And Hove Albion,2023-03-11,2023,Leeds United,Brighton,Home,train
2029,2023-03-11__Leicester City__vs__Chelsea,2023-03-11,2023,Leicester City,Chelsea,Home,train
2030,2023-03-11__Bournemouth__vs__Liverpool,2023-03-11,2023,Liverpool,Bournemouth,Away,train
2031,2023-03-11__Crystal Palace__vs__Manchester City,2023-03-11,2023,Manchester City,Crystal Palace,Away,train
2032,2023-03-11__Tottenham Hotspur__vs__Nottingham Forest,2023-03-11,2023,Nottingham Forest,Tottenham,Away,train
2033,2023-03-11__Tottenham Hotspur__vs__Nottingham Forest,2023-03-11,2023,Tottenham Hotspur,Nott'ham Forest,Home,train
2034,2023-03-12__Fulham__vs__Arsenal,2023-03-12,2023,Arsenal,Fulham,Away,train
2035,2023-03-12__West Ham United__vs__Aston Villa,2023-03-12,2023,Aston Villa,West Ham,Away,train
2036,2023-03-12__Fulham__vs__Arsenal,2023-03-12,2023,Fulham,Arsenal,Home,train
2037,2023-03-12__Manchester United__vs__Southampton,2023-03-12,2023,Manchester United,Southampton,Home,train
2038,2023-03-12__Newcastle United__vs__Wolverhampton Wanderers,2023-03-12,2023,Newcastle United,Wolves,Home,train
2039,2023-03-12__Manchester United__vs__Southampton,2023-03-12,2023,Southampton,Manchester Utd,Away,train
2040,2023-03-12__West Ham United__vs__Aston Villa,2023-03-12,2023,West Ham United,Aston Villa,Home,train
2041,2023-03-12__Newcastle United__vs__Wolverhampton Wanderers,2023-03-12,2023,Wolverhampton Wanderers,Newcastle Utd,Away,train
2042,2023-03-15__Southampton__vs__Brentford,2023-03-15,2023,Brentford,Southampton,Away,train
2043,2023-03-15__Brighton And Hove Albion__vs__Crystal Palace,2023-03-15,2023,Brighton And Hove Albion,Crystal Palace,Home,train
2044,2023-03-15__Brighton And Hove Albion__vs__Crystal Palace,2023-03-15,2023,Crystal Palace,Brighton,Away,train
2045,2023-03-15__Southampton__vs__Brentford,2023-03-15,2023,Southampton,Brentford,Home,train
2046,2023-03-17__Nottingham Forest__vs__Newcastle United,2023-03-17,2023,Newcastle United,Nott'ham Forest,Away,train
2047,2023-03-17__Nottingham Forest__vs__Newcastle United,2023-03-17,2023,Nottingham Forest,Newcastle Utd,Home,train
2048,2023-03-18__Aston Villa__vs__Bournemouth,2023-03-18,2023,Aston Villa,Bournemouth,Home,train
2049,2023-03-18__Aston Villa__vs__Bournemouth,2023-03-18,2023,Bournemouth,Aston Villa,Away,train
2050,2023-03-18__Brentford__vs__Leicester City,2023-03-18,2023,Brentford,Leicester City,Home,train
2051,2023-03-18__Chelsea__vs__Everton,2023-03-18,2023,Chelsea,Everton,Home,train
2052,2023-03-18__Chelsea__vs__Everton,2023-03-18,2023,Everton,Chelsea,Away,train
2053,2023-03-18__Wolverhampton Wanderers__vs__Leeds United,2023-03-18,2023,Leeds United,Wolves,Away,train
2054,2023-03-18__Brentford__vs__Leicester City,2023-03-18,2023,Leicester City,Brentford,Away,train
2055,2023-03-18__Southampton__vs__Tottenham Hotspur,2023-03-18,2023,Southampton,Tottenham,Home,train
2056,2023-03-18__Southampton__vs__Tottenham Hotspur,2023-03-18,2023,Tottenham Hotspur,Southampton,Away,train
2057,2023-03-18__Wolverhampton Wanderers__vs__Leeds United,2023-03-18,2023,Wolverhampton Wanderers,Leeds United,Home,train
2058,2023-03-19__Arsenal__vs__Crystal Palace,2023-03-19,2023,Arsenal,Crystal Palace,Home,train
2059,2023-03-19__Arsenal__vs__Crystal Palace,2023-03-19,2023,Crystal Palace,Arsenal,Away,train
2060,2023-04-01__Arsenal__vs__Leeds United,2023-04-01,2023,Arsenal,Leeds United,Home,train
2061,2023-04-01__Chelsea__vs__Aston Villa,2023-04-01,2023,Aston Villa,Chelsea,Away,train
2062,2023-04-01__Bournemouth__vs__Fulham,2023-04-01,2023,Bournemouth,Fulham,Home,train
2063,2023-04-01__Brighton And Hove Albion__vs__Brentford,2023-04-01,2023,Brentford,Brighton,Away,train
2064,2023-04-01__Brighton And Hove Albion__vs__Brentford,2023-04-01,2023,Brighton And Hove Albion,Brentford,Home,train
2065,2023-04-01__Chelsea__vs__Aston Villa,2023-04-01,2023,Chelsea,Aston Villa,Home,train
2066,2023-04-01__Crystal Palace__vs__Leicester City,2023-04-01,2023,Crystal Palace,Leicester City,Home,train
2067,2023-04-01__Bournemouth__vs__Fulham,2023-04-01,2023,Fulham,Bournemouth,Away,train
2068,2023-04-01__Arsenal__vs__Leeds United,2023-04-01,2023,Leeds United,Arsenal,Away,train
2069,2023-04-01__Crystal Palace__vs__Leicester City,2023-04-01,2023,Leicester City,Crystal Palace,Away,train
2070,2023-04-01__Manchester City__vs__Liverpool,2023-04-01,2023,Liverpool,Manchester City,Away,train
2071,2023-04-01__Manchester City__vs__Liverpool,2023-04-01,2023,Manchester City,Liverpool,Home,train
2072,2023-04-01__Nottingham Forest__vs__Wolverhampton Wanderers,2023-04-01,2023,Nottingham Forest,Wolves,Home,train
2073,2023-04-01__Nottingham Forest__vs__Wolverhampton Wanderers,2023-04-01,2023,Wolverhampton Wanderers,Nott'ham Forest,Away,train
2074,2023-04-02__Newcastle United__vs__Manchester United,2023-04-02,2023,Manchester United,Newcastle Utd,Away,train
2075,2023-04-02__Newcastle United__vs__Manchester United,2023-04-02,2023,Newcastle United,Manchester Utd,Home,train
2076,2023-04-02__West Ham United__vs__Southampton,2023-04-02,2023,Southampton,West Ham,Away,train
2077,2023-04-02__West Ham United__vs__Southampton,2023-04-02,2023,West Ham United,Southampton,Home,train
2078,2023-04-03__Everton__vs__Tottenham Hotspur,2023-04-03,2023,Everton,Tottenham,Home,train
2079,2023-04-03__Everton__vs__Tottenham Hotspur,2023-04-03,2023,Tottenham Hotspur,Everton,Away,train
2080,2023-04-04__Leicester City__vs__Aston Villa,2023-04-04,2023,Aston Villa,Leicester City,Away,train
2081,2023-04-04__Bournemouth__vs__Brighton And Hove Albion,2023-04-04,2023,Bournemouth,Brighton,Home,train
2082,2023-04-04__Bournemouth__vs__Brighton And Hove Albion,2023-04-04,2023,Brighton And Hove Albion,Bournemouth,Away,train
2083,2023-04-04__Chelsea__vs__Liverpool,2023-04-04,2023,Chelsea,Liverpool,Home,train
2084,2023-04-04__Leeds United__vs__Nottingham Forest,2023-04-04,2023,Leeds United,Nott'ham Forest,Home,train
2085,2023-04-04__Leicester City__vs__Aston Villa,2023-04-04,2023,Leicester City,Aston Villa,Home,train
2086,2023-04-04__Chelsea__vs__Liverpool,2023-04-04,2023,Liverpool,Chelsea,Away,train
2087,2023-04-04__Leeds United__vs__Nottingham Forest,2023-04-04,2023,Nottingham Forest,Leeds United,Away,train
2088,2023-04-05__Manchester United__vs__Brentford,2023-04-05,2023,Brentford,Manchester Utd,Away,train
2089,2023-04-05__Manchester United__vs__Brentford,2023-04-05,2023,Manchester United,Brentford,Home,train
2090,2023-04-05__West Ham United__vs__Newcastle United,2023-04-05,2023,Newcastle United,West Ham,Away,train
2091,2023-04-05__West Ham United__vs__Newcastle United,2023-04-05,2023,West Ham United,Newcastle Utd,Home,train
2092,2023-04-08__Aston Villa__vs__Nottingham Forest,2023-04-08,2023,Aston Villa,Nott'ham Forest,Home,train
2093,2023-04-08__Leicester City__vs__Bournemouth,2023-04-08,2023,Bournemouth,Leicester City,Away,train
2094,2023-04-08__Brentford__vs__Newcastle United,2023-04-08,2023,Brentford,Newcastle Utd,Home,train
2095,2023-04-08__Tottenham Hotspur__vs__Brighton And Hove Albion,2023-04-08,2023,Brighton And Hove Albion,Tottenham,Away,train
2096,2023-04-08__Wolverhampton Wanderers__vs__Chelsea,2023-04-08,2023,Chelsea,Wolves,Away,train
2097,2023-04-08__Manchester United__vs__Everton,2023-04-08,2023,Everton,Manchester Utd,Away,train
2098,2023-04-08__Fulham__vs__West Ham United,2023-04-08,2023,Fulham,West Ham,Home,train
2099,2023-04-08__Leicester City__vs__Bournemouth,2023-04-08,2023,Leicester City,Bournemouth,Home,train
2100,2023-04-08__Southampton__vs__Manchester City,2023-04-08,2023,Manchester City,Southampton,Away,train
2101,2023-04-08__Manchester United__vs__Everton,2023-04-08,2023,Manchester United,Everton,Home,train
2102,2023-04-08__Brentford__vs__Newcastle United,2023-04-08,2023,Newcastle United,Brentford,Away,train
2103,2023-04-08__Aston Villa__vs__Nottingham Forest,2023-04-08,2023,Nottingham Forest,Aston Villa,Away,train
2104,2023-04-08__Southampton__vs__Manchester City,2023-04-08,2023,Southampton,Manchester City,Home,train
2105,2023-04-08__Tottenham Hotspur__vs__Brighton And Hove Albion,2023-04-08,2023,Tottenham Hotspur,Brighton,Home,train
2106,2023-04-08__Fulham__vs__West Ham United,2023-04-08,2023,West Ham United,Fulham,Away,train
2107,2023-04-08__Wolverhampton Wanderers__vs__Chelsea,2023-04-08,2023,Wolverhampton Wanderers,Chelsea,Home,train
2108,2023-04-09__Liverpool__vs__Arsenal,2023-04-09,2023,Arsenal,Liverpool,Away,train
2109,2023-04-09__Leeds United__vs__Crystal Palace,2023-04-09,2023,Crystal Palace,Leeds United,Away,train
2110,2023-04-09__Leeds United__vs__Crystal Palace,2023-04-09,2023,Leeds United,Crystal Palace,Home,train
2111,2023-04-09__Liverpool__vs__Arsenal,2023-04-09,2023,Liverpool,Arsenal,Home,train
2112,2023-04-15__Aston Villa__vs__Newcastle United,2023-04-15,2023,Aston Villa,Newcastle Utd,Home,train
2113,2023-04-15__Tottenham Hotspur__vs__Bournemouth,2023-04-15,2023,Bournemouth,Tottenham,Away,train
2114,2023-04-15__Wolverhampton Wanderers__vs__Brentford,2023-04-15,2023,Brentford,Wolves,Away,train
2115,2023-04-15__Chelsea__vs__Brighton And Hove Albion,2023-04-15,2023,Brighton And Hove Albion,Chelsea,Away,train
2116,2023-04-15__Chelsea__vs__Brighton And Hove Albion,2023-04-15,2023,Chelsea,Brighton,Home,train
2117,2023-04-15__Southampton__vs__Crystal Palace,2023-04-15,2023,Crystal Palace,Southampton,Away,train
2118,2023-04-15__Everton__vs__Fulham,2023-04-15,2023,Everton,Fulham,Home,train
2119,2023-04-15__Everton__vs__Fulham,2023-04-15,2023,Fulham,Everton,Away,train
2120,2023-04-15__Manchester City__vs__Leicester City,2023-04-15,2023,Leicester City,Manchester City,Away,train
2121,2023-04-15__Manchester City__vs__Leicester City,2023-04-15,2023,Manchester City,Leicester City,Home,train
2122,2023-04-15__Aston Villa__vs__Newcastle United,2023-04-15,2023,Newcastle United,Aston Villa,Away,train
2123,2023-04-15__Southampton__vs__Crystal Palace,2023-04-15,2023,Southampton,Crystal Palace,Home,train
2124,2023-04-15__Tottenham Hotspur__vs__Bournemouth,2023-04-15,2023,Tottenham Hotspur,Bournemouth,Home,train
2125,2023-04-15__Wolverhampton Wanderers__vs__Brentford,2023-04-15,2023,Wolverhampton Wanderers,Brentford,Home,train
2126,2023-04-16__West Ham United__vs__Arsenal,2023-04-16,2023,Arsenal,West Ham,Away,train
2127,2023-04-16__Nottingham Forest__vs__Manchester United,2023-04-16,2023,Manchester United,Nott'ham Forest,Away,train
2128,2023-04-16__Nottingham Forest__vs__Manchester United,2023-04-16,2023,Nottingham Forest,Manchester Utd,Home,train
2129,2023-04-16__West Ham United__vs__Arsenal,2023-04-16,2023,West Ham United,Arsenal,Home,train
2130,2023-04-17__Leeds United__vs__Liverpool,2023-04-17,2023,Leeds United,Liverpool,Home,train
2131,2023-04-17__Leeds United__vs__Liverpool,2023-04-17,2023,Liverpool,Leeds United,Away,train
2132,2023-04-21__Arsenal__vs__Southampton,2023-04-21,2023,Arsenal,Southampton,Home,train
2133,2023-04-21__Arsenal__vs__Southampton,2023-04-21,2023,Southampton,Arsenal,Away,train
2134,2023-04-22__Brentford__vs__Aston Villa,2023-04-22,2023,Aston Villa,Brentford,Away,train
2135,2023-04-22__Brentford__vs__Aston Villa,2023-04-22,2023,Brentford,Aston Villa,Home,train
2136,2023-04-22__Crystal Palace__vs__Everton,2023-04-22,2023,Crystal Palace,Everton,Home,train
2137,2023-04-22__Crystal Palace__vs__Everton,2023-04-22,2023,Everton,Crystal Palace,Away,train
2138,2023-04-22__Fulham__vs__Leeds United,2023-04-22,2023,Fulham,Leeds United,Home,train
2139,2023-04-22__Fulham__vs__Leeds United,2023-04-22,2023,Leeds United,Fulham,Away,train
2140,2023-04-22__Leicester City__vs__Wolverhampton Wanderers,2023-04-22,2023,Leicester City,Wolves,Home,train
2141,2023-04-22__Liverpool__vs__Nottingham Forest,2023-04-22,2023,Liverpool,Nott'ham Forest,Home,train
2142,2023-04-22__Liverpool__vs__Nottingham Forest,2023-04-22,2023,Nottingham Forest,Liverpool,Away,train
2143,2023-04-22__Leicester City__vs__Wolverhampton Wanderers,2023-04-22,2023,Wolverhampton Wanderers,Leicester City,Away,train
2144,2023-04-23__Bournemouth__vs__West Ham United,2023-04-23,2023,Bournemouth,West Ham,Home,train
2145,2023-04-23__Newcastle United__vs__Tottenham Hotspur,2023-04-23,2023,Newcastle United,Tottenham,Home,train
2146,2023-04-23__Newcastle United__vs__Tottenham Hotspur,2023-04-23,2023,Tottenham Hotspur,Newcastle Utd,Away,train
2147,2023-04-23__Bournemouth__vs__West Ham United,2023-04-23,2023,West Ham United,Bournemouth,Away,train
2148,2023-04-25__Aston Villa__vs__Fulham,2023-04-25,2023,Aston Villa,Fulham,Home,train
2149,2023-04-25__Wolverhampton Wanderers__vs__Crystal Palace,2023-04-25,2023,Crystal Palace,Wolves,Away,train
2150,2023-04-25__Aston Villa__vs__Fulham,2023-04-25,2023,Fulham,Aston Villa,Away,train
2151,2023-04-25__Leeds United__vs__Leicester City,2023-04-25,2023,Leeds United,Leicester City,Home,train
2152,2023-04-25__Leeds United__vs__Leicester City,2023-04-25,2023,Leicester City,Leeds United,Away,train
2153,2023-04-25__Wolverhampton Wanderers__vs__Crystal Palace,2023-04-25,2023,Wolverhampton Wanderers,Crystal Palace,Home,train
2154,2023-04-26__Manchester City__vs__Arsenal,2023-04-26,2023,Arsenal,Manchester City,Away,train
2155,2023-04-26__Chelsea__vs__Brentford,2023-04-26,2023,Brentford,Chelsea,Away,train
2156,2023-04-26__Nottingham Forest__vs__Brighton And Hove Albion,2023-04-26,2023,Brighton And Hove Albion,Nott'ham Forest,Away,train
2157,2023-04-26__Chelsea__vs__Brentford,2023-04-26,2023,Chelsea,Brentford,Home,train
2158,2023-04-26__West Ham United__vs__Liverpool,2023-04-26,2023,Liverpool,West Ham,Away,train
2159,2023-04-26__Manchester City__vs__Arsenal,2023-04-26,2023,Manchester City,Arsenal,Home,train
2160,2023-04-26__Nottingham Forest__vs__Brighton And Hove Albion,2023-04-26,2023,Nottingham Forest,Brighton,Home,train
2161,2023-04-26__West Ham United__vs__Liverpool,2023-04-26,2023,West Ham United,Liverpool,Home,train
2162,2023-04-27__Southampton__vs__Bournemouth,2023-04-27,2023,Bournemouth,Southampton,Away,train
2163,2023-04-27__Everton__vs__Newcastle United,2023-04-27,2023,Everton,Newcastle Utd,Home,train
2164,2023-04-27__Tottenham Hotspur__vs__Manchester United,2023-04-27,2023,Manchester United,Tottenham,Away,train
2165,2023-04-27__Everton__vs__Newcastle United,2023-04-27,2023,Newcastle United,Everton,Away,train
2166,2023-04-27__Southampton__vs__Bournemouth,2023-04-27,2023,Southampton,Bournemouth,Home,train
2167,2023-04-27__Tottenham Hotspur__vs__Manchester United,2023-04-27,2023,Tottenham Hotspur,Manchester Utd,Home,train
2168,2023-04-29__Brentford__vs__Nottingham Forest,2023-04-29,2023,Brentford,Nott'ham Forest,Home,train
2169,2023-04-29__Brighton And Hove Albion__vs__Wolverhampton Wanderers,2023-04-29,2023,Brighton And Hove Albion,Wolves,Home,train
2170,2023-04-29__Crystal Palace__vs__West Ham United,2023-04-29,2023,Crystal Palace,West Ham,Home,train
2171,2023-04-29__Brentford__vs__Nottingham Forest,2023-04-29,2023,Nottingham Forest,Brentford,Away,train
2172,2023-04-29__Crystal Palace__vs__West Ham United,2023-04-29,2023,West Ham United,Crystal Palace,Away,train
2173,2023-04-29__Brighton And Hove Albion__vs__Wolverhampton Wanderers,2023-04-29,2023,Wolverhampton Wanderers,Brighton,Away,train
2174,2023-04-30__Manchester United__vs__Aston Villa,2023-04-30,2023,Aston Villa,Manchester Utd,Away,train
2175,2023-04-30__Bournemouth__vs__Leeds United,2023-04-30,2023,Bournemouth,Leeds United,Home,train
2176,2023-04-30__Fulham__vs__Manchester City,2023-04-30,2023,Fulham,Manchester City,Home,train
2177,2023-04-30__Bournemouth__vs__Leeds United,2023-04-30,2023,Leeds United,Bournemouth,Away,train
2178,2023-04-30__Liverpool__vs__Tottenham Hotspur,2023-04-30,2023,Liverpool,Tottenham,Home,train
2179,2023-04-30__Fulham__vs__Manchester City,2023-04-30,2023,Manchester City,Fulham,Away,train
2180,2023-04-30__Manchester United__vs__Aston Villa,2023-04-30,2023,Manchester United,Aston Villa,Home,train
2181,2023-04-30__Newcastle United__vs__Southampton,2023-04-30,2023,Newcastle United,Southampton,Home,train
2182,2023-04-30__Newcastle United__vs__Southampton,2023-04-30,2023,Southampton,Newcastle Utd,Away,train
2183,2023-04-30__Liverpool__vs__Tottenham Hotspur,2023-04-30,2023,Tottenham Hotspur,Liverpool,Away,train
2184,2023-05-01__Leicester City__vs__Everton,2023-05-01,2023,Everton,Leicester City,Away,train
2185,2023-05-01__Leicester City__vs__Everton,2023-05-01,2023,Leicester City,Everton,Home,train
2186,2023-05-02__Arsenal__vs__Chelsea,2023-05-02,2023,Arsenal,Chelsea,Home,train
2187,2023-05-02__Arsenal__vs__Chelsea,2023-05-02,2023,Chelsea,Arsenal,Away,train
2188,2023-05-03__Liverpool__vs__Fulham,2023-05-03,2023,Fulham,Liverpool,Away,train
2189,2023-05-03__Liverpool__vs__Fulham,2023-05-03,2023,Liverpool,Fulham,Home,train
2190,2023-05-03__Manchester City__vs__West Ham United,2023-05-03,2023,Manchester City,West Ham,Home,train
2191,2023-05-03__Manchester City__vs__West Ham United,2023-05-03,2023,West Ham United,Manchester City,Away,train
2192,2023-05-04__Brighton And Hove Albion__vs__Manchester United,2023-05-04,2023,Brighton And Hove Albion,Manchester Utd,Home,train
2193,2023-05-04__Brighton And Hove Albion__vs__Manchester United,2023-05-04,2023,Manchester United,Brighton,Away,train
2194,2023-05-06__Wolverhampton Wanderers__vs__Aston Villa,2023-05-06,2023,Aston Villa,Wolves,Away,train
2195,2023-05-06__Bournemouth__vs__Chelsea,2023-05-06,2023,Bournemouth,Chelsea,Home,train
2196,2023-05-06__Liverpool__vs__Brentford,2023-05-06,2023,Brentford,Liverpool,Away,train
2197,2023-05-06__Bournemouth__vs__Chelsea,2023-05-06,2023,Chelsea,Bournemouth,Away,train
2198,2023-05-06__Tottenham Hotspur__vs__Crystal Palace,2023-05-06,2023,Crystal Palace,Tottenham,Away,train
2199,2023-05-06__Manchester City__vs__Leeds United,2023-05-06,2023,Leeds United,Manchester City,Away,train
2200,2023-05-06__Liverpool__vs__Brentford,2023-05-06,2023,Liverpool,Brentford,Home,train
2201,2023-05-06__Manchester City__vs__Leeds United,2023-05-06,2023,Manchester City,Leeds United,Home,train
2202,2023-05-06__Tottenham Hotspur__vs__Crystal Palace,2023-05-06,2023,Tottenham Hotspur,Crystal Palace,Home,train
2203,2023-05-06__Wolverhampton Wanderers__vs__Aston Villa,2023-05-06,2023,Wolverhampton Wanderers,Aston Villa,Home,train
2204,2023-05-07__Newcastle United__vs__Arsenal,2023-05-07,2023,Arsenal,Newcastle Utd,Away,train
2205,2023-05-07__West Ham United__vs__Manchester United,2023-05-07,2023,Manchester United,West Ham,Away,train
2206,2023-05-07__Newcastle United__vs__Arsenal,2023-05-07,2023,Newcastle United,Arsenal,Home,train
2207,2023-05-07__West Ham United__vs__Manchester United,2023-05-07,2023,West Ham United,Manchester Utd,Home,train
2208,2023-05-08__Brighton And Hove Albion__vs__Everton,2023-05-08,2023,Brighton And Hove Albion,Everton,Home,train
2209,2023-05-08__Brighton And Hove Albion__vs__Everton,2023-05-08,2023,Everton,Brighton,Away,train
2210,2023-05-08__Fulham__vs__Leicester City,2023-05-08,2023,Fulham,Leicester City,Home,train
2211,2023-05-08__Fulham__vs__Leicester City,2023-05-08,2023,Leicester City,Fulham,Away,train
2212,2023-05-08__Nottingham Forest__vs__Southampton,2023-05-08,2023,Nottingham Forest,Southampton,Home,train
2213,2023-05-08__Nottingham Forest__vs__Southampton,2023-05-08,2023,Southampton,Nott'ham Forest,Away,train
2214,2023-05-13__Aston Villa__vs__Tottenham Hotspur,2023-05-13,2023,Aston Villa,Tottenham,Home,train
2215,2023-05-13__Crystal Palace__vs__Bournemouth,2023-05-13,2023,Bournemouth,Crystal Palace,Away,train
2216,2023-05-13__Chelsea__vs__Nottingham Forest,2023-05-13,2023,Chelsea,Nott'ham Forest,Home,train
2217,2023-05-13__Crystal Palace__vs__Bournemouth,2023-05-13,2023,Crystal Palace,Bournemouth,Home,train
2218,2023-05-13__Southampton__vs__Fulham,2023-05-13,2023,Fulham,Southampton,Away,train
2219,2023-05-13__Leeds United__vs__Newcastle United,2023-05-13,2023,Leeds United,Newcastle Utd,Home,train
2220,2023-05-13__Manchester United__vs__Wolverhampton Wanderers,2023-05-13,2023,Manchester United,Wolves,Home,train
2221,2023-05-13__Leeds United__vs__Newcastle United,2023-05-13,2023,Newcastle United,Leeds United,Away,train
2222,2023-05-13__Chelsea__vs__Nottingham Forest,2023-05-13,2023,Nottingham Forest,Chelsea,Away,train
2223,2023-05-13__Southampton__vs__Fulham,2023-05-13,2023,Southampton,Fulham,Home,train
2224,2023-05-13__Aston Villa__vs__Tottenham Hotspur,2023-05-13,2023,Tottenham Hotspur,Aston Villa,Away,train
2225,2023-05-13__Manchester United__vs__Wolverhampton Wanderers,2023-05-13,2023,Wolverhampton Wanderers,Manchester Utd,Away,train
2226,2023-05-14__Arsenal__vs__Brighton And Hove Albion,2023-05-14,2023,Arsenal,Brighton,Home,train
2227,2023-05-14__Brentford__vs__West Ham United,2023-05-14,2023,Brentford,West Ham,Home,train
2228,2023-05-14__Arsenal__vs__Brighton And Hove Albion,2023-05-14,2023,Brighton And Hove Albion,Arsenal,Away,train
2229,2023-05-14__Everton__vs__Manchester City,2023-05-14,2023,Everton,Manchester City,Home,train
2230,2023-05-14__Everton__vs__Manchester City,2023-05-14,2023,Manchester City,Everton,Away,train
2231,2023-05-14__Brentford__vs__West Ham United,2023-05-14,2023,West Ham United,Brentford,Away,train
2232,2023-05-15__Leicester City__vs__Liverpool,2023-05-15,2023,Leicester City,Liverpool,Home,train
2233,2023-05-15__Leicester City__vs__Liverpool,2023-05-15,2023,Liverpool,Leicester City,Away,train
2234,2023-05-18__Newcastle United__vs__Brighton And Hove Albion,2023-05-18,2023,Brighton And Hove Albion,Newcastle Utd,Away,train
2235,2023-05-18__Newcastle United__vs__Brighton And Hove Albion,2023-05-18,2023,Newcastle United,Brighton,Home,train
2236,2023-05-20__Nottingham Forest__vs__Arsenal,2023-05-20,2023,Arsenal,Nott'ham Forest,Away,train
2237,2023-05-20__Liverpool__vs__Aston Villa,2023-05-20,2023,Aston Villa,Liverpool,Away,train
2238,2023-05-20__Bournemouth__vs__Manchester United,2023-05-20,2023,Bournemouth,Manchester Utd,Home,train
2239,2023-05-20__Tottenham Hotspur__vs__Brentford,2023-05-20,2023,Brentford,Tottenham,Away,train
2240,2023-05-20__Fulham__vs__Crystal Palace,2023-05-20,2023,Crystal Palace,Fulham,Away,train
2241,2023-05-20__Wolverhampton Wanderers__vs__Everton,2023-05-20,2023,Everton,Wolves,Away,train
2242,2023-05-20__Fulham__vs__Crystal Palace,2023-05-20,2023,Fulham,Crystal Palace,Home,train
2243,2023-05-20__Liverpool__vs__Aston Villa,2023-05-20,2023,Liverpool,Aston Villa,Home,train
2244,2023-05-20__Bournemouth__vs__Manchester United,2023-05-20,2023,Manchester United,Bournemouth,Away,train
2245,2023-05-20__Nottingham Forest__vs__Arsenal,2023-05-20,2023,Nottingham Forest,Arsenal,Home,train
2246,2023-05-20__Tottenham Hotspur__vs__Brentford,2023-05-20,2023,Tottenham Hotspur,Brentford,Home,train
2247,2023-05-20__Wolverhampton Wanderers__vs__Everton,2023-05-20,2023,Wolverhampton Wanderers,Everton,Home,train
2248,2023-05-21__Brighton And Hove Albion__vs__Southampton,2023-05-21,2023,Brighton And Hove Albion,Southampton,Home,train
2249,2023-05-21__Manchester City__vs__Chelsea,2023-05-21,2023,Chelsea,Manchester City,Away,train
2250,2023-05-21__West Ham United__vs__Leeds United,2023-05-21,2023,Leeds United,West Ham,Away,train
2251,2023-05-21__Manchester City__vs__Chelsea,2023-05-21,2023,Manchester City,Chelsea,Home,train
2252,2023-05-21__Brighton And Hove Albion__vs__Southampton,2023-05-21,2023,Southampton,Brighton,Away,train
2253,2023-05-21__West Ham United__vs__Leeds United,2023-05-21,2023,West Ham United,Leeds United,Home,train
2254,2023-05-22__Newcastle United__vs__Leicester City,2023-05-22,2023,Leicester City,Newcastle Utd,Away,train
2255,2023-05-22__Newcastle United__vs__Leicester City,2023-05-22,2023,Newcastle United,Leicester City,Home,train
2256,2023-05-24__Brighton And Hove Albion__vs__Manchester City,2023-05-24,2023,Brighton And Hove Albion,Manchester City,Home,train
2257,2023-05-24__Brighton And Hove Albion__vs__Manchester City,2023-05-24,2023,Manchester City,Brighton,Away,train
2258,2023-05-25__Manchester United__vs__Chelsea,2023-05-25,2023,Chelsea,Manchester Utd,Away,train
2259,2023-05-25__Manchester United__vs__Chelsea,2023-05-25,2023,Manchester United,Chelsea,Home,train
2260,2023-05-28__Arsenal__vs__Wolverhampton Wanderers,2023-05-28,2023,Arsenal,Wolves,Home,train
2261,2023-05-28__Aston Villa__vs__Brighton And Hove Albion,2023-05-28,2023,Aston Villa,Brighton,Home,train
2262,2023-05-28__Everton__vs__Bournemouth,2023-05-28,2023,Bournemouth,Everton,Away,train
2263,2023-05-28__Brentford__vs__Manchester City,2023-05-28,2023,Brentford,Manchester City,Home,train
2264,2023-05-28__Aston Villa__vs__Brighton And Hove Albion,2023-05-28,2023,Brighton And Hove Albion,Aston Villa,Away,train
2265,2023-05-28__Chelsea__vs__Newcastle United,2023-05-28,2023,Chelsea,Newcastle Utd,Home,train
2266,2023-05-28__Crystal Palace__vs__Nottingham Forest,2023-05-28,2023,Crystal Palace,Nott'ham Forest,Home,train
2267,2023-05-28__Everton__vs__Bournemouth,2023-05-28,2023,Everton,Bournemouth,Home,train
2268,2023-05-28__Manchester United__vs__Fulham,2023-05-28,2023,Fulham,Manchester Utd,Away,train
2269,2023-05-28__Leeds United__vs__Tottenham Hotspur,2023-05-28,2023,Leeds United,Tottenham,Home,train
2270,2023-05-28__Leicester City__vs__West Ham United,2023-05-28,2023,Leicester City,West Ham,Home,train
2271,2023-05-28__Southampton__vs__Liverpool,2023-05-28,2023,Liverpool,Southampton,Away,train
2272,2023-05-28__Brentford__vs__Manchester City,2023-05-28,2023,Manchester City,Brentford,Away,train
2273,2023-05-28__Manchester United__vs__Fulham,2023-05-28,2023,Manchester United,Fulham,Home,train
2274,2023-05-28__Chelsea__vs__Newcastle United,2023-05-28,2023,Newcastle United,Chelsea,Away,train
2275,2023-05-28__Crystal Palace__vs__Nottingham Forest,2023-05-28,2023,Nottingham Forest,Crystal Palace,Away,train
2276,2023-05-28__Southampton__vs__Liverpool,2023-05-28,2023,Southampton,Liverpool,Home,train
2277,2023-05-28__Leeds United__vs__Tottenham Hotspur,2023-05-28,2023,Tottenham Hotspur,Leeds United,Away,train
2278,2023-05-28__Leicester City__vs__West Ham United,2023-05-28,2023,West Ham United,Leicester City,Away,train
2279,2023-05-28__Arsenal__vs__Wolverhampton Wanderers,2023-05-28,2023,Wolverhampton Wanderers,Arsenal,Away,train
2280,2023-08-11__Burnley__vs__Manchester City,2023-08-11,2024,Burnley,Manchester City,Home,validation
2281,2023-08-11__Burnley__vs__Manchester City,2023-08-11,2024,Manchester City,Burnley,Away,validation
2282,2023-08-12__Arsenal__vs__Nottingham Forest,2023-08-12,2024,Arsenal,Nott'ham Forest,Home,validation
2283,2023-08-12__Newcastle United__vs__Aston Villa,2023-08-12,2024,Aston Villa,Newcastle Utd,Away,validation
2284,2023-08-12__Bournemouth__vs__West Ham United,2023-08-12,2024,Bournemouth,West Ham,Home,validation
2285,2023-08-12__Brighton And Hove Albion__vs__Luton Town,2023-08-12,2024,Brighton And Hove Albion,Luton Town,Home,validation
2286,2023-08-12__Sheffield United__vs__Crystal Palace,2023-08-12,2024,Crystal Palace,Sheffield Utd,Away,validation
2287,2023-08-12__Everton__vs__Fulham,2023-08-12,2024,Everton,Fulham,Home,validation
2288,2023-08-12__Everton__vs__Fulham,2023-08-12,2024,Fulham,Everton,Away,validation
2289,2023-08-12__Brighton And Hove Albion__vs__Luton Town,2023-08-12,2024,Luton Town,Brighton,Away,validation
2290,2023-08-12__Newcastle United__vs__Aston Villa,2023-08-12,2024,Newcastle United,Aston Villa,Home,validation
2291,2023-08-12__Arsenal__vs__Nottingham Forest,2023-08-12,2024,Nottingham Forest,Arsenal,Away,validation
2292,2023-08-12__Sheffield United__vs__Crystal Palace,2023-08-12,2024,Sheffield United,Crystal Palace,Home,validation
2293,2023-08-12__Bournemouth__vs__West Ham United,2023-08-12,2024,West Ham United,Bournemouth,Away,validation
2294,2023-08-13__Brentford__vs__Tottenham Hotspur,2023-08-13,2024,Brentford,Tottenham,Home,validation
2295,2023-08-13__Chelsea__vs__Liverpool,2023-08-13,2024,Chelsea,Liverpool,Home,validation
2296,2023-08-13__Chelsea__vs__Liverpool,2023-08-13,2024,Liverpool,Chelsea,Away,validation
2297,2023-08-13__Brentford__vs__Tottenham Hotspur,2023-08-13,2024,Tottenham Hotspur,Brentford,Away,validation
2298,2023-08-14__Manchester United__vs__Wolverhampton Wanderers,2023-08-14,2024,Manchester United,Wolves,Home,validation
2299,2023-08-14__Manchester United__vs__Wolverhampton Wanderers,2023-08-14,2024,Wolverhampton Wanderers,Manchester Utd,Away,validation
2300,2023-08-18__Nottingham Forest__vs__Sheffield United,2023-08-18,2024,Nottingham Forest,Sheffield Utd,Home,validation
2301,2023-08-18__Nottingham Forest__vs__Sheffield United,2023-08-18,2024,Sheffield United,Nott'ham Forest,Away,validation
2302,2023-08-19__Liverpool__vs__Bournemouth,2023-08-19,2024,Bournemouth,Liverpool,Away,validation
2303,2023-08-19__Fulham__vs__Brentford,2023-08-19,2024,Brentford,Fulham,Away,validation
2304,2023-08-19__Wolverhampton Wanderers__vs__Brighton And Hove Albion,2023-08-19,2024,Brighton And Hove Albion,Wolves,Away,validation
2305,2023-08-19__Fulham__vs__Brentford,2023-08-19,2024,Fulham,Brentford,Home,validation
2306,2023-08-19__Liverpool__vs__Bournemouth,2023-08-19,2024,Liverpool,Bournemouth,Home,validation
2307,2023-08-19__Manchester City__vs__Newcastle United,2023-08-19,2024,Manchester City,Newcastle Utd,Home,validation
2308,2023-08-19__Tottenham Hotspur__vs__Manchester United,2023-08-19,2024,Manchester United,Tottenham,Away,validation
2309,2023-08-19__Manchester City__vs__Newcastle United,2023-08-19,2024,Newcastle United,Manchester City,Away,validation
2310,2023-08-19__Tottenham Hotspur__vs__Manchester United,2023-08-19,2024,Tottenham Hotspur,Manchester Utd,Home,validation
2311,2023-08-19__Wolverhampton Wanderers__vs__Brighton And Hove Albion,2023-08-19,2024,Wolverhampton Wanderers,Brighton,Home,validation
2312,2023-08-20__Aston Villa__vs__Everton,2023-08-20,2024,Aston Villa,Everton,Home,validation
2313,2023-08-20__West Ham United__vs__Chelsea,2023-08-20,2024,Chelsea,West Ham,Away,validation
2314,2023-08-20__Aston Villa__vs__Everton,2023-08-20,2024,Everton,Aston Villa,Away,validation
2315,2023-08-20__West Ham United__vs__Chelsea,2023-08-20,2024,West Ham United,Chelsea,Home,validation
2316,2023-08-21__Crystal Palace__vs__Arsenal,2023-08-21,2024,Arsenal,Crystal Palace,Away,validation
2317,2023-08-21__Crystal Palace__vs__Arsenal,2023-08-21,2024,Crystal Palace,Arsenal,Home,validation
2318,2023-08-25__Chelsea__vs__Luton Town,2023-08-25,2024,Chelsea,Luton Town,Home,validation
2319,2023-08-25__Chelsea__vs__Luton Town,2023-08-25,2024,Luton Town,Chelsea,Away,validation
2320,2023-08-26__Arsenal__vs__Fulham,2023-08-26,2024,Arsenal,Fulham,Home,validation
2321,2023-08-26__Bournemouth__vs__Tottenham Hotspur,2023-08-26,2024,Bournemouth,Tottenham,Home,validation
2322,2023-08-26__Brentford__vs__Crystal Palace,2023-08-26,2024,Brentford,Crystal Palace,Home,validation
2323,2023-08-26__Brighton And Hove Albion__vs__West Ham United,2023-08-26,2024,Brighton And Hove Albion,West Ham,Home,validation
2324,2023-08-26__Brentford__vs__Crystal Palace,2023-08-26,2024,Crystal Palace,Brentford,Away,validation
2325,2023-08-26__Everton__vs__Wolverhampton Wanderers,2023-08-26,2024,Everton,Wolves,Home,validation
2326,2023-08-26__Arsenal__vs__Fulham,2023-08-26,2024,Fulham,Arsenal,Away,validation
2327,2023-08-26__Manchester United__vs__Nottingham Forest,2023-08-26,2024,Manchester United,Nott'ham Forest,Home,validation
2328,2023-08-26__Manchester United__vs__Nottingham Forest,2023-08-26,2024,Nottingham Forest,Manchester Utd,Away,validation
2329,2023-08-26__Bournemouth__vs__Tottenham Hotspur,2023-08-26,2024,Tottenham Hotspur,Bournemouth,Away,validation
2330,2023-08-26__Brighton And Hove Albion__vs__West Ham United,2023-08-26,2024,West Ham United,Brighton,Away,validation
2331,2023-08-26__Everton__vs__Wolverhampton Wanderers,2023-08-26,2024,Wolverhampton Wanderers,Everton,Away,validation
2332,2023-08-27__Burnley__vs__Aston Villa,2023-08-27,2024,Aston Villa,Burnley,Away,validation
2333,2023-08-27__Burnley__vs__Aston Villa,2023-08-27,2024,Burnley,Aston Villa,Home,validation
2334,2023-08-27__Newcastle United__vs__Liverpool,2023-08-27,2024,Liverpool,Newcastle Utd,Away,validation
2335,2023-08-27__Sheffield United__vs__Manchester City,2023-08-27,2024,Manchester City,Sheffield Utd,Away,validation
2336,2023-08-27__Newcastle United__vs__Liverpool,2023-08-27,2024,Newcastle United,Liverpool,Home,validation
2337,2023-08-27__Sheffield United__vs__Manchester City,2023-08-27,2024,Sheffield United,Manchester City,Home,validation
2338,2023-09-01__Luton Town__vs__West Ham United,2023-09-01,2024,Luton Town,West Ham,Home,validation
2339,2023-09-01__Luton Town__vs__West Ham United,2023-09-01,2024,West Ham United,Luton Town,Away,validation
2340,2023-09-02__Brentford__vs__Bournemouth,2023-09-02,2024,Bournemouth,Brentford,Away,validation
2341,2023-09-02__Brentford__vs__Bournemouth,2023-09-02,2024,Brentford,Bournemouth,Home,validation
2342,2023-09-02__Brighton And Hove Albion__vs__Newcastle United,2023-09-02,2024,Brighton And Hove Albion,Newcastle Utd,Home,validation
2343,2023-09-02__Burnley__vs__Tottenham Hotspur,2023-09-02,2024,Burnley,Tottenham,Home,validation
2344,2023-09-02__Chelsea__vs__Nottingham Forest,2023-09-02,2024,Chelsea,Nott'ham Forest,Home,validation
2345,2023-09-02__Sheffield United__vs__Everton,2023-09-02,2024,Everton,Sheffield Utd,Away,validation
2346,2023-09-02__Manchester City__vs__Fulham,2023-09-02,2024,Fulham,Manchester City,Away,validation
2347,2023-09-02__Manchester City__vs__Fulham,2023-09-02,2024,Manchester City,Fulham,Home,validation
2348,2023-09-02__Brighton And Hove Albion__vs__Newcastle United,2023-09-02,2024,Newcastle United,Brighton,Away,validation
2349,2023-09-02__Chelsea__vs__Nottingham Forest,2023-09-02,2024,Nottingham Forest,Chelsea,Away,validation
2350,2023-09-02__Sheffield United__vs__Everton,2023-09-02,2024,Sheffield United,Everton,Home,validation
2351,2023-09-02__Burnley__vs__Tottenham Hotspur,2023-09-02,2024,Tottenham Hotspur,Burnley,Away,validation
2352,2023-09-03__Arsenal__vs__Manchester United,2023-09-03,2024,Arsenal,Manchester Utd,Home,validation
2353,2023-09-03__Liverpool__vs__Aston Villa,2023-09-03,2024,Aston Villa,Liverpool,Away,validation
2354,2023-09-03__Crystal Palace__vs__Wolverhampton Wanderers,2023-09-03,2024,Crystal Palace,Wolves,Home,validation
2355,2023-09-03__Liverpool__vs__Aston Villa,2023-09-03,2024,Liverpool,Aston Villa,Home,validation
2356,2023-09-03__Arsenal__vs__Manchester United,2023-09-03,2024,Manchester United,Arsenal,Away,validation
2357,2023-09-03__Crystal Palace__vs__Wolverhampton Wanderers,2023-09-03,2024,Wolverhampton Wanderers,Crystal Palace,Away,validation
2358,2023-09-16__Aston Villa__vs__Crystal Palace,2023-09-16,2024,Aston Villa,Crystal Palace,Home,validation
2359,2023-09-16__Newcastle United__vs__Brentford,2023-09-16,2024,Brentford,Newcastle Utd,Away,validation
2360,2023-09-16__Manchester United__vs__Brighton And Hove Albion,2023-09-16,2024,Brighton And Hove Albion,Manchester Utd,Away,validation
2361,2023-09-16__Aston Villa__vs__Crystal Palace,2023-09-16,2024,Crystal Palace,Aston Villa,Away,validation
2362,2023-09-16__Fulham__vs__Luton Town,2023-09-16,2024,Fulham,Luton Town,Home,validation
2363,2023-09-16__Wolverhampton Wanderers__vs__Liverpool,2023-09-16,2024,Liverpool,Wolves,Away,validation
2364,2023-09-16__Fulham__vs__Luton Town,2023-09-16,2024,Luton Town,Fulham,Away,validation
2365,2023-09-16__West Ham United__vs__Manchester City,2023-09-16,2024,Manchester City,West Ham,Away,validation
2366,2023-09-16__Manchester United__vs__Brighton And Hove Albion,2023-09-16,2024,Manchester United,Brighton,Home,validation
2367,2023-09-16__Newcastle United__vs__Brentford,2023-09-16,2024,Newcastle United,Brentford,Home,validation
2368,2023-09-16__Tottenham Hotspur__vs__Sheffield United,2023-09-16,2024,Sheffield United,Tottenham,Away,validation
2369,2023-09-16__Tottenham Hotspur__vs__Sheffield United,2023-09-16,2024,Tottenham Hotspur,Sheffield Utd,Home,validation
2370,2023-09-16__West Ham United__vs__Manchester City,2023-09-16,2024,West Ham United,Manchester City,Home,validation
2371,2023-09-16__Wolverhampton Wanderers__vs__Liverpool,2023-09-16,2024,Wolverhampton Wanderers,Liverpool,Home,validation
2372,2023-09-17__Everton__vs__Arsenal,2023-09-17,2024,Arsenal,Everton,Away,validation
2373,2023-09-17__Bournemouth__vs__Chelsea,2023-09-17,2024,Bournemouth,Chelsea,Home,validation
2374,2023-09-17__Bournemouth__vs__Chelsea,2023-09-17,2024,Chelsea,Bournemouth,Away,validation
2375,2023-09-17__Everton__vs__Arsenal,2023-09-17,2024,Everton,Arsenal,Home,validation
2376,2023-09-18__Nottingham Forest__vs__Burnley,2023-09-18,2024,Burnley,Nott'ham Forest,Away,validation
2377,2023-09-18__Nottingham Forest__vs__Burnley,2023-09-18,2024,Nottingham Forest,Burnley,Home,validation
2378,2023-09-23__Brentford__vs__Everton,2023-09-23,2024,Brentford,Everton,Home,validation
2379,2023-09-23__Burnley__vs__Manchester United,2023-09-23,2024,Burnley,Manchester Utd,Home,validation
2380,2023-09-23__Crystal Palace__vs__Fulham,2023-09-23,2024,Crystal Palace,Fulham,Home,validation
2381,2023-09-23__Brentford__vs__Everton,2023-09-23,2024,Everton,Brentford,Away,validation
2382,2023-09-23__Crystal Palace__vs__Fulham,2023-09-23,2024,Fulham,Crystal Palace,Away,validation
2383,2023-09-23__Luton Town__vs__Wolverhampton Wanderers,2023-09-23,2024,Luton Town,Wolves,Home,validation
2384,2023-09-23__Manchester City__vs__Nottingham Forest,2023-09-23,2024,Manchester City,Nott'ham Forest,Home,validation
2385,2023-09-23__Burnley__vs__Manchester United,2023-09-23,2024,Manchester United,Burnley,Away,validation
2386,2023-09-23__Manchester City__vs__Nottingham Forest,2023-09-23,2024,Nottingham Forest,Manchester City,Away,validation
2387,2023-09-23__Luton Town__vs__Wolverhampton Wanderers,2023-09-23,2024,Wolverhampton Wanderers,Luton Town,Away,validation
2388,2023-09-24__Arsenal__vs__Tottenham Hotspur,2023-09-24,2024,Arsenal,Tottenham,Home,validation
2389,2023-09-24__Chelsea__vs__Aston Villa,2023-09-24,2024,Aston Villa,Chelsea,Away,validation
2390,2023-09-24__Brighton And Hove Albion__vs__Bournemouth,2023-09-24,2024,Bournemouth,Brighton,Away,validation
2391,2023-09-24__Brighton And Hove Albion__vs__Bournemouth,2023-09-24,2024,Brighton And Hove Albion,Bournemouth,Home,validation
2392,2023-09-24__Chelsea__vs__Aston Villa,2023-09-24,2024,Chelsea,Aston Villa,Home,validation
2393,2023-09-24__Liverpool__vs__West Ham United,2023-09-24,2024,Liverpool,West Ham,Home,validation
2394,2023-09-24__Sheffield United__vs__Newcastle United,2023-09-24,2024,Newcastle United,Sheffield Utd,Away,validation
2395,2023-09-24__Sheffield United__vs__Newcastle United,2023-09-24,2024,Sheffield United,Newcastle Utd,Home,validation
2396,2023-09-24__Arsenal__vs__Tottenham Hotspur,2023-09-24,2024,Tottenham Hotspur,Arsenal,Away,validation
2397,2023-09-24__Liverpool__vs__West Ham United,2023-09-24,2024,West Ham United,Liverpool,Away,validation
2398,2023-09-30__Bournemouth__vs__Arsenal,2023-09-30,2024,Arsenal,Bournemouth,Away,validation
2399,2023-09-30__Aston Villa__vs__Brighton And Hove Albion,2023-09-30,2024,Aston Villa,Brighton,Home,validation
2400,2023-09-30__Bournemouth__vs__Arsenal,2023-09-30,2024,Bournemouth,Arsenal,Home,validation
2401,2023-09-30__Aston Villa__vs__Brighton And Hove Albion,2023-09-30,2024,Brighton And Hove Albion,Aston Villa,Away,validation
2402,2023-09-30__Newcastle United__vs__Burnley,2023-09-30,2024,Burnley,Newcastle Utd,Away,validation
2403,2023-09-30__Manchester United__vs__Crystal Palace,2023-09-30,2024,Crystal Palace,Manchester Utd,Away,validation
2404,2023-09-30__Everton__vs__Luton Town,2023-09-30,2024,Everton,Luton Town,Home,validation
2405,2023-09-30__Tottenham Hotspur__vs__Liverpool,2023-09-30,2024,Liverpool,Tottenham,Away,validation
2406,2023-09-30__Everton__vs__Luton Town,2023-09-30,2024,Luton Town,Everton,Away,validation
2407,2023-09-30__Wolverhampton Wanderers__vs__Manchester City,2023-09-30,2024,Manchester City,Wolves,Away,validation
2408,2023-09-30__Manchester United__vs__Crystal Palace,2023-09-30,2024,Manchester United,Crystal Palace,Home,validation
2409,2023-09-30__Newcastle United__vs__Burnley,2023-09-30,2024,Newcastle United,Burnley,Home,validation
2410,2023-09-30__West Ham United__vs__Sheffield United,2023-09-30,2024,Sheffield United,West Ham,Away,validation
2411,2023-09-30__Tottenham Hotspur__vs__Liverpool,2023-09-30,2024,Tottenham Hotspur,Liverpool,Home,validation
2412,2023-09-30__West Ham United__vs__Sheffield United,2023-09-30,2024,West Ham United,Sheffield Utd,Home,validation
2413,2023-09-30__Wolverhampton Wanderers__vs__Manchester City,2023-09-30,2024,Wolverhampton Wanderers,Manchester City,Home,validation
2414,2023-10-01__Nottingham Forest__vs__Brentford,2023-10-01,2024,Brentford,Nott'ham Forest,Away,validation
2415,2023-10-01__Nottingham Forest__vs__Brentford,2023-10-01,2024,Nottingham Forest,Brentford,Home,validation
2416,2023-10-02__Fulham__vs__Chelsea,2023-10-02,2024,Chelsea,Fulham,Away,validation
2417,2023-10-02__Fulham__vs__Chelsea,2023-10-02,2024,Fulham,Chelsea,Home,validation
2418,2023-10-03__Luton Town__vs__Burnley,2023-10-03,2024,Burnley,Luton Town,Away,validation
2419,2023-10-03__Luton Town__vs__Burnley,2023-10-03,2024,Luton Town,Burnley,Home,validation
2420,2023-10-07__Everton__vs__Bournemouth,2023-10-07,2024,Bournemouth,Everton,Away,validation
2421,2023-10-07__Manchester United__vs__Brentford,2023-10-07,2024,Brentford,Manchester Utd,Away,validation
2422,2023-10-07__Burnley__vs__Chelsea,2023-10-07,2024,Burnley,Chelsea,Home,validation
2423,2023-10-07__Burnley__vs__Chelsea,2023-10-07,2024,Chelsea,Burnley,Away,validation
2424,2023-10-07__Crystal Palace__vs__Nottingham Forest,2023-10-07,2024,Crystal Palace,Nott'ham Forest,Home,validation
2425,2023-10-07__Everton__vs__Bournemouth,2023-10-07,2024,Everton,Bournemouth,Home,validation
2426,2023-10-07__Fulham__vs__Sheffield United,2023-10-07,2024,Fulham,Sheffield Utd,Home,validation
2427,2023-10-07__Luton Town__vs__Tottenham Hotspur,2023-10-07,2024,Luton Town,Tottenham,Home,validation
2428,2023-10-07__Manchester United__vs__Brentford,2023-10-07,2024,Manchester United,Brentford,Home,validation
2429,2023-10-07__Crystal Palace__vs__Nottingham Forest,2023-10-07,2024,Nottingham Forest,Crystal Palace,Away,validation
2430,2023-10-07__Fulham__vs__Sheffield United,2023-10-07,2024,Sheffield United,Fulham,Away,validation
2431,2023-10-07__Luton Town__vs__Tottenham Hotspur,2023-10-07,2024,Tottenham Hotspur,Luton Town,Away,validation
2432,2023-10-08__Arsenal__vs__Manchester City,2023-10-08,2024,Arsenal,Manchester City,Home,validation
2433,2023-10-08__Wolverhampton Wanderers__vs__Aston Villa,2023-10-08,2024,Aston Villa,Wolves,Away,validation
2434,2023-10-08__Brighton And Hove Albion__vs__Liverpool,2023-10-08,2024,Brighton And Hove Albion,Liverpool,Home,validation
2435,2023-10-08__Brighton And Hove Albion__vs__Liverpool,2023-10-08,2024,Liverpool,Brighton,Away,validation
2436,2023-10-08__Arsenal__vs__Manchester City,2023-10-08,2024,Manchester City,Arsenal,Away,validation
2437,2023-10-08__West Ham United__vs__Newcastle United,2023-10-08,2024,Newcastle United,West Ham,Away,validation
2438,2023-10-08__West Ham United__vs__Newcastle United,2023-10-08,2024,West Ham United,Newcastle Utd,Home,validation
2439,2023-10-08__Wolverhampton Wanderers__vs__Aston Villa,2023-10-08,2024,Wolverhampton Wanderers,Aston Villa,Home,validation
2440,2023-10-21__Chelsea__vs__Arsenal,2023-10-21,2024,Arsenal,Chelsea,Away,validation
2441,2023-10-21__Bournemouth__vs__Wolverhampton Wanderers,2023-10-21,2024,Bournemouth,Wolves,Home,validation
2442,2023-10-21__Brentford__vs__Burnley,2023-10-21,2024,Brentford,Burnley,Home,validation
2443,2023-10-21__Manchester City__vs__Brighton And Hove Albion,2023-10-21,2024,Brighton And Hove Albion,Manchester City,Away,validation
2444,2023-10-21__Brentford__vs__Burnley,2023-10-21,2024,Burnley,Brentford,Away,validation
2445,2023-10-21__Chelsea__vs__Arsenal,2023-10-21,2024,Chelsea,Arsenal,Home,validation
2446,2023-10-21__Newcastle United__vs__Crystal Palace,2023-10-21,2024,Crystal Palace,Newcastle Utd,Away,validation
2447,2023-10-21__Liverpool__vs__Everton,2023-10-21,2024,Everton,Liverpool,Away,validation
2448,2023-10-21__Liverpool__vs__Everton,2023-10-21,2024,Liverpool,Everton,Home,validation
2449,2023-10-21__Nottingham Forest__vs__Luton Town,2023-10-21,2024,Luton Town,Nott'ham Forest,Away,validation
2450,2023-10-21__Manchester City__vs__Brighton And Hove Albion,2023-10-21,2024,Manchester City,Brighton,Home,validation
2451,2023-10-21__Sheffield United__vs__Manchester United,2023-10-21,2024,Manchester United,Sheffield Utd,Away,validation
2452,2023-10-21__Newcastle United__vs__Crystal Palace,2023-10-21,2024,Newcastle United,Crystal Palace,Home,validation
2453,2023-10-21__Nottingham Forest__vs__Luton Town,2023-10-21,2024,Nottingham Forest,Luton Town,Home,validation
2454,2023-10-21__Sheffield United__vs__Manchester United,2023-10-21,2024,Sheffield United,Manchester Utd,Home,validation
2455,2023-10-21__Bournemouth__vs__Wolverhampton Wanderers,2023-10-21,2024,Wolverhampton Wanderers,Bournemouth,Away,validation
2456,2023-10-22__Aston Villa__vs__West Ham United,2023-10-22,2024,Aston Villa,West Ham,Home,validation
2457,2023-10-22__Aston Villa__vs__West Ham United,2023-10-22,2024,West Ham United,Aston Villa,Away,validation
2458,2023-10-23__Tottenham Hotspur__vs__Fulham,2023-10-23,2024,Fulham,Tottenham,Away,validation
2459,2023-10-23__Tottenham Hotspur__vs__Fulham,2023-10-23,2024,Tottenham Hotspur,Fulham,Home,validation
2460,2023-10-27__Crystal Palace__vs__Tottenham Hotspur,2023-10-27,2024,Crystal Palace,Tottenham,Home,validation
2461,2023-10-27__Crystal Palace__vs__Tottenham Hotspur,2023-10-27,2024,Tottenham Hotspur,Crystal Palace,Away,validation
2462,2023-10-28__Arsenal__vs__Sheffield United,2023-10-28,2024,Arsenal,Sheffield Utd,Home,validation
2463,2023-10-28__Bournemouth__vs__Burnley,2023-10-28,2024,Bournemouth,Burnley,Home,validation
2464,2023-10-28__Chelsea__vs__Brentford,2023-10-28,2024,Brentford,Chelsea,Away,validation
2465,2023-10-28__Bournemouth__vs__Burnley,2023-10-28,2024,Burnley,Bournemouth,Away,validation
2466,2023-10-28__Chelsea__vs__Brentford,2023-10-28,2024,Chelsea,Brentford,Home,validation
2467,2023-10-28__Wolverhampton Wanderers__vs__Newcastle United,2023-10-28,2024,Newcastle United,Wolves,Away,validation
2468,2023-10-28__Arsenal__vs__Sheffield United,2023-10-28,2024,Sheffield United,Arsenal,Away,validation
2469,2023-10-28__Wolverhampton Wanderers__vs__Newcastle United,2023-10-28,2024,Wolverhampton Wanderers,Newcastle Utd,Home,validation
2470,2023-10-29__Aston Villa__vs__Luton Town,2023-10-29,2024,Aston Villa,Luton Town,Home,validation
2471,2023-10-29__Brighton And Hove Albion__vs__Fulham,2023-10-29,2024,Brighton And Hove Albion,Fulham,Home,validation
2472,2023-10-29__West Ham United__vs__Everton,2023-10-29,2024,Everton,West Ham,Away,validation
2473,2023-10-29__Brighton And Hove Albion__vs__Fulham,2023-10-29,2024,Fulham,Brighton,Away,validation
2474,2023-10-29__Liverpool__vs__Nottingham Forest,2023-10-29,2024,Liverpool,Nott'ham Forest,Home,validation
2475,2023-10-29__Aston Villa__vs__Luton Town,2023-10-29,2024,Luton Town,Aston Villa,Away,validation
2476,2023-10-29__Manchester United__vs__Manchester City,2023-10-29,2024,Manchester City,Manchester Utd,Away,validation
2477,2023-10-29__Manchester United__vs__Manchester City,2023-10-29,2024,Manchester United,Manchester City,Home,validation
2478,2023-10-29__Liverpool__vs__Nottingham Forest,2023-10-29,2024,Nottingham Forest,Liverpool,Away,validation
2479,2023-10-29__West Ham United__vs__Everton,2023-10-29,2024,West Ham United,Everton,Home,validation
2480,2023-11-04__Newcastle United__vs__Arsenal,2023-11-04,2024,Arsenal,Newcastle Utd,Away,validation
2481,2023-11-04__Manchester City__vs__Bournemouth,2023-11-04,2024,Bournemouth,Manchester City,Away,validation
2482,2023-11-04__Brentford__vs__West Ham United,2023-11-04,2024,Brentford,West Ham,Home,validation
2483,2023-11-04__Everton__vs__Brighton And Hove Albion,2023-11-04,2024,Brighton And Hove Albion,Everton,Away,validation
2484,2023-11-04__Burnley__vs__Crystal Palace,2023-11-04,2024,Burnley,Crystal Palace,Home,validation
2485,2023-11-04__Burnley__vs__Crystal Palace,2023-11-04,2024,Crystal Palace,Burnley,Away,validation
2486,2023-11-04__Everton__vs__Brighton And Hove Albion,2023-11-04,2024,Everton,Brighton,Home,validation
2487,2023-11-04__Fulham__vs__Manchester United,2023-11-04,2024,Fulham,Manchester Utd,Home,validation
2488,2023-11-04__Manchester City__vs__Bournemouth,2023-11-04,2024,Manchester City,Bournemouth,Home,validation
2489,2023-11-04__Fulham__vs__Manchester United,2023-11-04,2024,Manchester United,Fulham,Away,validation
2490,2023-11-04__Newcastle United__vs__Arsenal,2023-11-04,2024,Newcastle United,Arsenal,Home,validation
2491,2023-11-04__Sheffield United__vs__Wolverhampton Wanderers,2023-11-04,2024,Sheffield United,Wolves,Home,validation
2492,2023-11-04__Brentford__vs__West Ham United,2023-11-04,2024,West Ham United,Brentford,Away,validation
2493,2023-11-04__Sheffield United__vs__Wolverhampton Wanderers,2023-11-04,2024,Wolverhampton Wanderers,Sheffield Utd,Away,validation
2494,2023-11-05__Nottingham Forest__vs__Aston Villa,2023-11-05,2024,Aston Villa,Nott'ham Forest,Away,validation
2495,2023-11-05__Luton Town__vs__Liverpool,2023-11-05,2024,Liverpool,Luton Town,Away,validation
2496,2023-11-05__Luton Town__vs__Liverpool,2023-11-05,2024,Luton Town,Liverpool,Home,validation
2497,2023-11-05__Nottingham Forest__vs__Aston Villa,2023-11-05,2024,Nottingham Forest,Aston Villa,Home,validation
2498,2023-11-06__Tottenham Hotspur__vs__Chelsea,2023-11-06,2024,Chelsea,Tottenham,Away,validation
2499,2023-11-06__Tottenham Hotspur__vs__Chelsea,2023-11-06,2024,Tottenham Hotspur,Chelsea,Home,validation
2500,2023-11-11__Arsenal__vs__Burnley,2023-11-11,2024,Arsenal,Burnley,Home,validation
2501,2023-11-11__Bournemouth__vs__Newcastle United,2023-11-11,2024,Bournemouth,Newcastle Utd,Home,validation
2502,2023-11-11__Arsenal__vs__Burnley,2023-11-11,2024,Burnley,Arsenal,Away,validation
2503,2023-11-11__Crystal Palace__vs__Everton,2023-11-11,2024,Crystal Palace,Everton,Home,validation
2504,2023-11-11__Crystal Palace__vs__Everton,2023-11-11,2024,Everton,Crystal Palace,Away,validation
2505,2023-11-11__Manchester United__vs__Luton Town,2023-11-11,2024,Luton Town,Manchester Utd,Away,validation
2506,2023-11-11__Manchester United__vs__Luton Town,2023-11-11,2024,Manchester United,Luton Town,Home,validation
2507,2023-11-11__Bournemouth__vs__Newcastle United,2023-11-11,2024,Newcastle United,Bournemouth,Away,validation
2508,2023-11-11__Wolverhampton Wanderers__vs__Tottenham Hotspur,2023-11-11,2024,Tottenham Hotspur,Wolves,Away,validation
2509,2023-11-11__Wolverhampton Wanderers__vs__Tottenham Hotspur,2023-11-11,2024,Wolverhampton Wanderers,Tottenham,Home,validation
2510,2023-11-12__Aston Villa__vs__Fulham,2023-11-12,2024,Aston Villa,Fulham,Home,validation
2511,2023-11-12__Liverpool__vs__Brentford,2023-11-12,2024,Brentford,Liverpool,Away,validation
2512,2023-11-12__Brighton And Hove Albion__vs__Sheffield United,2023-11-12,2024,Brighton And Hove Albion,Sheffield Utd,Home,validation
2513,2023-11-12__Chelsea__vs__Manchester City,2023-11-12,2024,Chelsea,Manchester City,Home,validation
2514,2023-11-12__Aston Villa__vs__Fulham,2023-11-12,2024,Fulham,Aston Villa,Away,validation
2515,2023-11-12__Liverpool__vs__Brentford,2023-11-12,2024,Liverpool,Brentford,Home,validation
2516,2023-11-12__Chelsea__vs__Manchester City,2023-11-12,2024,Manchester City,Chelsea,Away,validation
2517,2023-11-12__West Ham United__vs__Nottingham Forest,2023-11-12,2024,Nottingham Forest,West Ham,Away,validation
2518,2023-11-12__Brighton And Hove Albion__vs__Sheffield United,2023-11-12,2024,Sheffield United,Brighton,Away,validation
2519,2023-11-12__West Ham United__vs__Nottingham Forest,2023-11-12,2024,West Ham United,Nott'ham Forest,Home,validation
2520,2023-11-25__Brentford__vs__Arsenal,2023-11-25,2024,Arsenal,Brentford,Away,validation
2521,2023-11-25__Sheffield United__vs__Bournemouth,2023-11-25,2024,Bournemouth,Sheffield Utd,Away,validation
2522,2023-11-25__Brentford__vs__Arsenal,2023-11-25,2024,Brentford,Arsenal,Home,validation
2523,2023-11-25__Nottingham Forest__vs__Brighton And Hove Albion,2023-11-25,2024,Brighton And Hove Albion,Nott'ham Forest,Away,validation
2524,2023-11-25__Burnley__vs__West Ham United,2023-11-25,2024,Burnley,West Ham,Home,validation
2525,2023-11-25__Newcastle United__vs__Chelsea,2023-11-25,2024,Chelsea,Newcastle Utd,Away,validation
2526,2023-11-25__Luton Town__vs__Crystal Palace,2023-11-25,2024,Crystal Palace,Luton Town,Away,validation
2527,2023-11-25__Manchester City__vs__Liverpool,2023-11-25,2024,Liverpool,Manchester City,Away,validation
2528,2023-11-25__Luton Town__vs__Crystal Palace,2023-11-25,2024,Luton Town,Crystal Palace,Home,validation
2529,2023-11-25__Manchester City__vs__Liverpool,2023-11-25,2024,Manchester City,Liverpool,Home,validation
2530,2023-11-25__Newcastle United__vs__Chelsea,2023-11-25,2024,Newcastle United,Chelsea,Home,validation
2531,2023-11-25__Nottingham Forest__vs__Brighton And Hove Albion,2023-11-25,2024,Nottingham Forest,Brighton,Home,validation
2532,2023-11-25__Sheffield United__vs__Bournemouth,2023-11-25,2024,Sheffield United,Bournemouth,Home,validation
2533,2023-11-25__Burnley__vs__West Ham United,2023-11-25,2024,West Ham United,Burnley,Away,validation
2534,2023-11-26__Tottenham Hotspur__vs__Aston Villa,2023-11-26,2024,Aston Villa,Tottenham,Away,validation
2535,2023-11-26__Everton__vs__Manchester United,2023-11-26,2024,Everton,Manchester Utd,Home,validation
2536,2023-11-26__Everton__vs__Manchester United,2023-11-26,2024,Manchester United,Everton,Away,validation
2537,2023-11-26__Tottenham Hotspur__vs__Aston Villa,2023-11-26,2024,Tottenham Hotspur,Aston Villa,Home,validation
2538,2023-11-27__Fulham__vs__Wolverhampton Wanderers,2023-11-27,2024,Fulham,Wolves,Home,validation
2539,2023-11-27__Fulham__vs__Wolverhampton Wanderers,2023-11-27,2024,Wolverhampton Wanderers,Fulham,Away,validation
2540,2023-12-02__Arsenal__vs__Wolverhampton Wanderers,2023-12-02,2024,Arsenal,Wolves,Home,validation
2541,2023-12-02__Brentford__vs__Luton Town,2023-12-02,2024,Brentford,Luton Town,Home,validation
2542,2023-12-02__Burnley__vs__Sheffield United,2023-12-02,2024,Burnley,Sheffield Utd,Home,validation
2543,2023-12-02__Nottingham Forest__vs__Everton,2023-12-02,2024,Everton,Nott'ham Forest,Away,validation
2544,2023-12-02__Brentford__vs__Luton Town,2023-12-02,2024,Luton Town,Brentford,Away,validation
2545,2023-12-02__Newcastle United__vs__Manchester United,2023-12-02,2024,Manchester United,Newcastle Utd,Away,validation
2546,2023-12-02__Newcastle United__vs__Manchester United,2023-12-02,2024,Newcastle United,Manchester Utd,Home,validation
2547,2023-12-02__Nottingham Forest__vs__Everton,2023-12-02,2024,Nottingham Forest,Everton,Home,validation
2548,2023-12-02__Burnley__vs__Sheffield United,2023-12-02,2024,Sheffield United,Burnley,Away,validation
2549,2023-12-02__Arsenal__vs__Wolverhampton Wanderers,2023-12-02,2024,Wolverhampton Wanderers,Arsenal,Away,validation
2550,2023-12-03__Bournemouth__vs__Aston Villa,2023-12-03,2024,Aston Villa,Bournemouth,Away,validation
2551,2023-12-03__Bournemouth__vs__Aston Villa,2023-12-03,2024,Bournemouth,Aston Villa,Home,validation
2552,2023-12-03__Chelsea__vs__Brighton And Hove Albion,2023-12-03,2024,Brighton And Hove Albion,Chelsea,Away,validation
2553,2023-12-03__Chelsea__vs__Brighton And Hove Albion,2023-12-03,2024,Chelsea,Brighton,Home,validation
2554,2023-12-03__West Ham United__vs__Crystal Palace,2023-12-03,2024,Crystal Palace,West Ham,Away,validation
2555,2023-12-03__Liverpool__vs__Fulham,2023-12-03,2024,Fulham,Liverpool,Away,validation
2556,2023-12-03__Liverpool__vs__Fulham,2023-12-03,2024,Liverpool,Fulham,Home,validation
2557,2023-12-03__Manchester City__vs__Tottenham Hotspur,2023-12-03,2024,Manchester City,Tottenham,Home,validation
2558,2023-12-03__Manchester City__vs__Tottenham Hotspur,2023-12-03,2024,Tottenham Hotspur,Manchester City,Away,validation
2559,2023-12-03__West Ham United__vs__Crystal Palace,2023-12-03,2024,West Ham United,Crystal Palace,Home,validation
2560,2023-12-05__Luton Town__vs__Arsenal,2023-12-05,2024,Arsenal,Luton Town,Away,validation
2561,2023-12-05__Wolverhampton Wanderers__vs__Burnley,2023-12-05,2024,Burnley,Wolves,Away,validation
2562,2023-12-05__Luton Town__vs__Arsenal,2023-12-05,2024,Luton Town,Arsenal,Home,validation
2563,2023-12-05__Wolverhampton Wanderers__vs__Burnley,2023-12-05,2024,Wolverhampton Wanderers,Burnley,Home,validation
2564,2023-12-06__Aston Villa__vs__Manchester City,2023-12-06,2024,Aston Villa,Manchester City,Home,validation
2565,2023-12-06__Crystal Palace__vs__Bournemouth,2023-12-06,2024,Bournemouth,Crystal Palace,Away,validation
2566,2023-12-06__Brighton And Hove Albion__vs__Brentford,2023-12-06,2024,Brentford,Brighton,Away,validation
2567,2023-12-06__Brighton And Hove Albion__vs__Brentford,2023-12-06,2024,Brighton And Hove Albion,Brentford,Home,validation
2568,2023-12-06__Manchester United__vs__Chelsea,2023-12-06,2024,Chelsea,Manchester Utd,Away,validation
2569,2023-12-06__Crystal Palace__vs__Bournemouth,2023-12-06,2024,Crystal Palace,Bournemouth,Home,validation
2570,2023-12-06__Fulham__vs__Nottingham Forest,2023-12-06,2024,Fulham,Nott'ham Forest,Home,validation
2571,2023-12-06__Sheffield United__vs__Liverpool,2023-12-06,2024,Liverpool,Sheffield Utd,Away,validation
2572,2023-12-06__Aston Villa__vs__Manchester City,2023-12-06,2024,Manchester City,Aston Villa,Away,validation
2573,2023-12-06__Manchester United__vs__Chelsea,2023-12-06,2024,Manchester United,Chelsea,Home,validation
2574,2023-12-06__Fulham__vs__Nottingham Forest,2023-12-06,2024,Nottingham Forest,Fulham,Away,validation
2575,2023-12-06__Sheffield United__vs__Liverpool,2023-12-06,2024,Sheffield United,Liverpool,Home,validation
2576,2023-12-07__Everton__vs__Newcastle United,2023-12-07,2024,Everton,Newcastle Utd,Home,validation
2577,2023-12-07__Everton__vs__Newcastle United,2023-12-07,2024,Newcastle United,Everton,Away,validation
2578,2023-12-07__Tottenham Hotspur__vs__West Ham United,2023-12-07,2024,Tottenham Hotspur,West Ham,Home,validation
2579,2023-12-07__Tottenham Hotspur__vs__West Ham United,2023-12-07,2024,West Ham United,Tottenham,Away,validation
2580,2023-12-09__Aston Villa__vs__Arsenal,2023-12-09,2024,Arsenal,Aston Villa,Away,validation
2581,2023-12-09__Aston Villa__vs__Arsenal,2023-12-09,2024,Aston Villa,Arsenal,Home,validation
2582,2023-12-09__Manchester United__vs__Bournemouth,2023-12-09,2024,Bournemouth,Manchester Utd,Away,validation
2583,2023-12-09__Sheffield United__vs__Brentford,2023-12-09,2024,Brentford,Sheffield Utd,Away,validation
2584,2023-12-09__Brighton And Hove Albion__vs__Burnley,2023-12-09,2024,Brighton And Hove Albion,Burnley,Home,validation
2585,2023-12-09__Brighton And Hove Albion__vs__Burnley,2023-12-09,2024,Burnley,Brighton,Away,validation
2586,2023-12-09__Crystal Palace__vs__Liverpool,2023-12-09,2024,Crystal Palace,Liverpool,Home,validation
2587,2023-12-09__Crystal Palace__vs__Liverpool,2023-12-09,2024,Liverpool,Crystal Palace,Away,validation
2588,2023-12-09__Manchester United__vs__Bournemouth,2023-12-09,2024,Manchester United,Bournemouth,Home,validation
2589,2023-12-09__Wolverhampton Wanderers__vs__Nottingham Forest,2023-12-09,2024,Nottingham Forest,Wolves,Away,validation
2590,2023-12-09__Sheffield United__vs__Brentford,2023-12-09,2024,Sheffield United,Brentford,Home,validation
2591,2023-12-09__Wolverhampton Wanderers__vs__Nottingham Forest,2023-12-09,2024,Wolverhampton Wanderers,Nott'ham Forest,Home,validation
2592,2023-12-10__Everton__vs__Chelsea,2023-12-10,2024,Chelsea,Everton,Away,validation
2593,2023-12-10__Everton__vs__Chelsea,2023-12-10,2024,Everton,Chelsea,Home,validation
2594,2023-12-10__Fulham__vs__West Ham United,2023-12-10,2024,Fulham,West Ham,Home,validation
2595,2023-12-10__Luton Town__vs__Manchester City,2023-12-10,2024,Luton Town,Manchester City,Home,validation
2596,2023-12-10__Luton Town__vs__Manchester City,2023-12-10,2024,Manchester City,Luton Town,Away,validation
2597,2023-12-10__Tottenham Hotspur__vs__Newcastle United,2023-12-10,2024,Newcastle United,Tottenham,Away,validation
2598,2023-12-10__Tottenham Hotspur__vs__Newcastle United,2023-12-10,2024,Tottenham Hotspur,Newcastle Utd,Home,validation
2599,2023-12-10__Fulham__vs__West Ham United,2023-12-10,2024,West Ham United,Fulham,Away,validation
2600,2023-12-15__Nottingham Forest__vs__Tottenham Hotspur,2023-12-15,2024,Nottingham Forest,Tottenham,Home,validation
2601,2023-12-15__Nottingham Forest__vs__Tottenham Hotspur,2023-12-15,2024,Tottenham Hotspur,Nott'ham Forest,Away,validation
2602,2023-12-16__Burnley__vs__Everton,2023-12-16,2024,Burnley,Everton,Home,validation
2603,2023-12-16__Chelsea__vs__Sheffield United,2023-12-16,2024,Chelsea,Sheffield Utd,Home,validation
2604,2023-12-16__Manchester City__vs__Crystal Palace,2023-12-16,2024,Crystal Palace,Manchester City,Away,validation
2605,2023-12-16__Burnley__vs__Everton,2023-12-16,2024,Everton,Burnley,Away,validation
2606,2023-12-16__Newcastle United__vs__Fulham,2023-12-16,2024,Fulham,Newcastle Utd,Away,validation
2607,2023-12-16__Manchester City__vs__Crystal Palace,2023-12-16,2024,Manchester City,Crystal Palace,Home,validation
2608,2023-12-16__Newcastle United__vs__Fulham,2023-12-16,2024,Newcastle United,Fulham,Home,validation
2609,2023-12-16__Chelsea__vs__Sheffield United,2023-12-16,2024,Sheffield United,Chelsea,Away,validation
2610,2023-12-17__Arsenal__vs__Brighton And Hove Albion,2023-12-17,2024,Arsenal,Brighton,Home,validation
2611,2023-12-17__Brentford__vs__Aston Villa,2023-12-17,2024,Aston Villa,Brentford,Away,validation
2612,2023-12-17__Brentford__vs__Aston Villa,2023-12-17,2024,Brentford,Aston Villa,Home,validation
2613,2023-12-17__Arsenal__vs__Brighton And Hove Albion,2023-12-17,2024,Brighton And Hove Albion,Arsenal,Away,validation
2614,2023-12-17__Liverpool__vs__Manchester United,2023-12-17,2024,Liverpool,Manchester Utd,Home,validation
2615,2023-12-17__Liverpool__vs__Manchester United,2023-12-17,2024,Manchester United,Liverpool,Away,validation
2616,2023-12-17__West Ham United__vs__Wolverhampton Wanderers,2023-12-17,2024,West Ham United,Wolves,Home,validation
2617,2023-12-17__West Ham United__vs__Wolverhampton Wanderers,2023-12-17,2024,Wolverhampton Wanderers,West Ham,Away,validation
2618,2023-12-21__Crystal Palace__vs__Brighton And Hove Albion,2023-12-21,2024,Brighton And Hove Albion,Crystal Palace,Away,validation
2619,2023-12-21__Crystal Palace__vs__Brighton And Hove Albion,2023-12-21,2024,Crystal Palace,Brighton,Home,validation
2620,2023-12-22__Aston Villa__vs__Sheffield United,2023-12-22,2024,Aston Villa,Sheffield Utd,Home,validation
2621,2023-12-22__Aston Villa__vs__Sheffield United,2023-12-22,2024,Sheffield United,Aston Villa,Away,validation
2622,2023-12-23__Liverpool__vs__Arsenal,2023-12-23,2024,Arsenal,Liverpool,Away,validation
2623,2023-12-23__Nottingham Forest__vs__Bournemouth,2023-12-23,2024,Bournemouth,Nott'ham Forest,Away,validation
2624,2023-12-23__Fulham__vs__Burnley,2023-12-23,2024,Burnley,Fulham,Away,validation
2625,2023-12-23__Tottenham Hotspur__vs__Everton,2023-12-23,2024,Everton,Tottenham,Away,validation
2626,2023-12-23__Fulham__vs__Burnley,2023-12-23,2024,Fulham,Burnley,Home,validation
2627,2023-12-23__Liverpool__vs__Arsenal,2023-12-23,2024,Liverpool,Arsenal,Home,validation
2628,2023-12-23__Luton Town__vs__Newcastle United,2023-12-23,2024,Luton Town,Newcastle Utd,Home,validation
2629,2023-12-23__West Ham United__vs__Manchester United,2023-12-23,2024,Manchester United,West Ham,Away,validation
2630,2023-12-23__Luton Town__vs__Newcastle United,2023-12-23,2024,Newcastle United,Luton Town,Away,validation
2631,2023-12-23__Nottingham Forest__vs__Bournemouth,2023-12-23,2024,Nottingham Forest,Bournemouth,Home,validation
2632,2023-12-23__Tottenham Hotspur__vs__Everton,2023-12-23,2024,Tottenham Hotspur,Everton,Home,validation
2633,2023-12-23__West Ham United__vs__Manchester United,2023-12-23,2024,West Ham United,Manchester Utd,Home,validation
2634,2023-12-24__Wolverhampton Wanderers__vs__Chelsea,2023-12-24,2024,Chelsea,Wolves,Away,validation
2635,2023-12-24__Wolverhampton Wanderers__vs__Chelsea,2023-12-24,2024,Wolverhampton Wanderers,Chelsea,Home,validation
2636,2023-12-26__Manchester United__vs__Aston Villa,2023-12-26,2024,Aston Villa,Manchester Utd,Away,validation
2637,2023-12-26__Bournemouth__vs__Fulham,2023-12-26,2024,Bournemouth,Fulham,Home,validation
2638,2023-12-26__Burnley__vs__Liverpool,2023-12-26,2024,Burnley,Liverpool,Home,validation
2639,2023-12-26__Bournemouth__vs__Fulham,2023-12-26,2024,Fulham,Bournemouth,Away,validation
2640,2023-12-26__Burnley__vs__Liverpool,2023-12-26,2024,Liverpool,Burnley,Away,validation
2641,2023-12-26__Sheffield United__vs__Luton Town,2023-12-26,2024,Luton Town,Sheffield Utd,Away,validation
2642,2023-12-26__Manchester United__vs__Aston Villa,2023-12-26,2024,Manchester United,Aston Villa,Home,validation
2643,2023-12-26__Newcastle United__vs__Nottingham Forest,2023-12-26,2024,Newcastle United,Nott'ham Forest,Home,validation
2644,2023-12-26__Newcastle United__vs__Nottingham Forest,2023-12-26,2024,Nottingham Forest,Newcastle Utd,Away,validation
2645,2023-12-26__Sheffield United__vs__Luton Town,2023-12-26,2024,Sheffield United,Luton Town,Home,validation
2646,2023-12-27__Brentford__vs__Wolverhampton Wanderers,2023-12-27,2024,Brentford,Wolves,Home,validation
2647,2023-12-27__Chelsea__vs__Crystal Palace,2023-12-27,2024,Chelsea,Crystal Palace,Home,validation
2648,2023-12-27__Chelsea__vs__Crystal Palace,2023-12-27,2024,Crystal Palace,Chelsea,Away,validation
2649,2023-12-27__Everton__vs__Manchester City,2023-12-27,2024,Everton,Manchester City,Home,validation
2650,2023-12-27__Everton__vs__Manchester City,2023-12-27,2024,Manchester City,Everton,Away,validation
2651,2023-12-27__Brentford__vs__Wolverhampton Wanderers,2023-12-27,2024,Wolverhampton Wanderers,Brentford,Away,validation
2652,2023-12-28__Arsenal__vs__West Ham United,2023-12-28,2024,Arsenal,West Ham,Home,validation
2653,2023-12-28__Brighton And Hove Albion__vs__Tottenham Hotspur,2023-12-28,2024,Brighton And Hove Albion,Tottenham,Home,validation
2654,2023-12-28__Brighton And Hove Albion__vs__Tottenham Hotspur,2023-12-28,2024,Tottenham Hotspur,Brighton,Away,validation
2655,2023-12-28__Arsenal__vs__West Ham United,2023-12-28,2024,West Ham United,Arsenal,Away,validation
2656,2023-12-30__Aston Villa__vs__Burnley,2023-12-30,2024,Aston Villa,Burnley,Home,validation
2657,2023-12-30__Crystal Palace__vs__Brentford,2023-12-30,2024,Brentford,Crystal Palace,Away,validation
2658,2023-12-30__Aston Villa__vs__Burnley,2023-12-30,2024,Burnley,Aston Villa,Away,validation
2659,2023-12-30__Luton Town__vs__Chelsea,2023-12-30,2024,Chelsea,Luton Town,Away,validation
2660,2023-12-30__Crystal Palace__vs__Brentford,2023-12-30,2024,Crystal Palace,Brentford,Home,validation
2661,2023-12-30__Wolverhampton Wanderers__vs__Everton,2023-12-30,2024,Everton,Wolves,Away,validation
2662,2023-12-30__Luton Town__vs__Chelsea,2023-12-30,2024,Luton Town,Chelsea,Home,validation
2663,2023-12-30__Manchester City__vs__Sheffield United,2023-12-30,2024,Manchester City,Sheffield Utd,Home,validation
2664,2023-12-30__Nottingham Forest__vs__Manchester United,2023-12-30,2024,Manchester United,Nott'ham Forest,Away,validation
2665,2023-12-30__Nottingham Forest__vs__Manchester United,2023-12-30,2024,Nottingham Forest,Manchester Utd,Home,validation
2666,2023-12-30__Manchester City__vs__Sheffield United,2023-12-30,2024,Sheffield United,Manchester City,Away,validation
2667,2023-12-30__Wolverhampton Wanderers__vs__Everton,2023-12-30,2024,Wolverhampton Wanderers,Everton,Home,validation
2668,2023-12-31__Fulham__vs__Arsenal,2023-12-31,2024,Arsenal,Fulham,Away,validation
2669,2023-12-31__Tottenham Hotspur__vs__Bournemouth,2023-12-31,2024,Bournemouth,Tottenham,Away,validation
2670,2023-12-31__Fulham__vs__Arsenal,2023-12-31,2024,Fulham,Arsenal,Home,validation
2671,2023-12-31__Tottenham Hotspur__vs__Bournemouth,2023-12-31,2024,Tottenham Hotspur,Bournemouth,Home,validation
2672,2024-01-01__Liverpool__vs__Newcastle United,2024-01-01,2024,Liverpool,Newcastle Utd,Home,validation
2673,2024-01-01__Liverpool__vs__Newcastle United,2024-01-01,2024,Newcastle United,Liverpool,Away,validation
2674,2024-01-02__West Ham United__vs__Brighton And Hove Albion,2024-01-02,2024,Brighton And Hove Albion,West Ham,Away,validation
2675,2024-01-02__West Ham United__vs__Brighton And Hove Albion,2024-01-02,2024,West Ham United,Brighton,Home,validation
2676,2024-01-12__Burnley__vs__Luton Town,2024-01-12,2024,Burnley,Luton Town,Home,validation
2677,2024-01-12__Burnley__vs__Luton Town,2024-01-12,2024,Luton Town,Burnley,Away,validation
2678,2024-01-13__Chelsea__vs__Fulham,2024-01-13,2024,Chelsea,Fulham,Home,validation
2679,2024-01-13__Chelsea__vs__Fulham,2024-01-13,2024,Fulham,Chelsea,Away,validation
2680,2024-01-13__Newcastle United__vs__Manchester City,2024-01-13,2024,Manchester City,Newcastle Utd,Away,validation
2681,2024-01-13__Newcastle United__vs__Manchester City,2024-01-13,2024,Newcastle United,Manchester City,Home,validation
2682,2024-01-14__Everton__vs__Aston Villa,2024-01-14,2024,Aston Villa,Everton,Away,validation
2683,2024-01-14__Everton__vs__Aston Villa,2024-01-14,2024,Everton,Aston Villa,Home,validation
2684,2024-01-14__Manchester United__vs__Tottenham Hotspur,2024-01-14,2024,Manchester United,Tottenham,Home,validation
2685,2024-01-14__Manchester United__vs__Tottenham Hotspur,2024-01-14,2024,Tottenham Hotspur,Manchester Utd,Away,validation
2686,2024-01-20__Arsenal__vs__Crystal Palace,2024-01-20,2024,Arsenal,Crystal Palace,Home,validation
2687,2024-01-20__Brentford__vs__Nottingham Forest,2024-01-20,2024,Brentford,Nott'ham Forest,Home,validation
2688,2024-01-20__Arsenal__vs__Crystal Palace,2024-01-20,2024,Crystal Palace,Arsenal,Away,validation
2689,2024-01-20__Brentford__vs__Nottingham Forest,2024-01-20,2024,Nottingham Forest,Brentford,Away,validation
2690,2024-01-21__Bournemouth__vs__Liverpool,2024-01-21,2024,Bournemouth,Liverpool,Home,validation
2691,2024-01-21__Bournemouth__vs__Liverpool,2024-01-21,2024,Liverpool,Bournemouth,Away,validation
2692,2024-01-21__Sheffield United__vs__West Ham United,2024-01-21,2024,Sheffield United,West Ham,Home,validation
2693,2024-01-21__Sheffield United__vs__West Ham United,2024-01-21,2024,West Ham United,Sheffield Utd,Away,validation
2694,2024-01-22__Brighton And Hove Albion__vs__Wolverhampton Wanderers,2024-01-22,2024,Brighton And Hove Albion,Wolves,Home,validation
2695,2024-01-22__Brighton And Hove Albion__vs__Wolverhampton Wanderers,2024-01-22,2024,Wolverhampton Wanderers,Brighton,Away,validation
2696,2024-01-30__Nottingham Forest__vs__Arsenal,2024-01-30,2024,Arsenal,Nott'ham Forest,Away,validation
2697,2024-01-30__Aston Villa__vs__Newcastle United,2024-01-30,2024,Aston Villa,Newcastle Utd,Home,validation
2698,2024-01-30__Luton Town__vs__Brighton And Hove Albion,2024-01-30,2024,Brighton And Hove Albion,Luton Town,Away,validation
2699,2024-01-30__Crystal Palace__vs__Sheffield United,2024-01-30,2024,Crystal Palace,Sheffield Utd,Home,validation
2700,2024-01-30__Fulham__vs__Everton,2024-01-30,2024,Everton,Fulham,Away,validation
2701,2024-01-30__Fulham__vs__Everton,2024-01-30,2024,Fulham,Everton,Home,validation
2702,2024-01-30__Luton Town__vs__Brighton And Hove Albion,2024-01-30,2024,Luton Town,Brighton,Home,validation
2703,2024-01-30__Aston Villa__vs__Newcastle United,2024-01-30,2024,Newcastle United,Aston Villa,Away,validation
2704,2024-01-30__Nottingham Forest__vs__Arsenal,2024-01-30,2024,Nottingham Forest,Arsenal,Home,validation
2705,2024-01-30__Crystal Palace__vs__Sheffield United,2024-01-30,2024,Sheffield United,Crystal Palace,Away,validation
2706,2024-01-31__Tottenham Hotspur__vs__Brentford,2024-01-31,2024,Brentford,Tottenham,Away,validation
2707,2024-01-31__Manchester City__vs__Burnley,2024-01-31,2024,Burnley,Manchester City,Away,validation
2708,2024-01-31__Liverpool__vs__Chelsea,2024-01-31,2024,Chelsea,Liverpool,Away,validation
2709,2024-01-31__Liverpool__vs__Chelsea,2024-01-31,2024,Liverpool,Chelsea,Home,validation
2710,2024-01-31__Manchester City__vs__Burnley,2024-01-31,2024,Manchester City,Burnley,Home,validation
2711,2024-01-31__Tottenham Hotspur__vs__Brentford,2024-01-31,2024,Tottenham Hotspur,Brentford,Home,validation
2712,2024-02-01__West Ham United__vs__Bournemouth,2024-02-01,2024,Bournemouth,West Ham,Away,validation
2713,2024-02-01__Wolverhampton Wanderers__vs__Manchester United,2024-02-01,2024,Manchester United,Wolves,Away,validation
2714,2024-02-01__West Ham United__vs__Bournemouth,2024-02-01,2024,West Ham United,Bournemouth,Home,validation
2715,2024-02-01__Wolverhampton Wanderers__vs__Manchester United,2024-02-01,2024,Wolverhampton Wanderers,Manchester Utd,Home,validation
2716,2024-02-03__Sheffield United__vs__Aston Villa,2024-02-03,2024,Aston Villa,Sheffield Utd,Away,validation
2717,2024-02-03__Brighton And Hove Albion__vs__Crystal Palace,2024-02-03,2024,Brighton And Hove Albion,Crystal Palace,Home,validation
2718,2024-02-03__Burnley__vs__Fulham,2024-02-03,2024,Burnley,Fulham,Home,validation
2719,2024-02-03__Brighton And Hove Albion__vs__Crystal Palace,2024-02-03,2024,Crystal Palace,Brighton,Away,validation
2720,2024-02-03__Everton__vs__Tottenham Hotspur,2024-02-03,2024,Everton,Tottenham,Home,validation
2721,2024-02-03__Burnley__vs__Fulham,2024-02-03,2024,Fulham,Burnley,Away,validation
2722,2024-02-03__Newcastle United__vs__Luton Town,2024-02-03,2024,Luton Town,Newcastle Utd,Away,validation
2723,2024-02-03__Newcastle United__vs__Luton Town,2024-02-03,2024,Newcastle United,Luton Town,Home,validation
2724,2024-02-03__Sheffield United__vs__Aston Villa,2024-02-03,2024,Sheffield United,Aston Villa,Home,validation
2725,2024-02-03__Everton__vs__Tottenham Hotspur,2024-02-03,2024,Tottenham Hotspur,Everton,Away,validation
2726,2024-02-04__Arsenal__vs__Liverpool,2024-02-04,2024,Arsenal,Liverpool,Home,validation
2727,2024-02-04__Bournemouth__vs__Nottingham Forest,2024-02-04,2024,Bournemouth,Nott'ham Forest,Home,validation
2728,2024-02-04__Chelsea__vs__Wolverhampton Wanderers,2024-02-04,2024,Chelsea,Wolves,Home,validation
2729,2024-02-04__Arsenal__vs__Liverpool,2024-02-04,2024,Liverpool,Arsenal,Away,validation
2730,2024-02-04__Manchester United__vs__West Ham United,2024-02-04,2024,Manchester United,West Ham,Home,validation
2731,2024-02-04__Bournemouth__vs__Nottingham Forest,2024-02-04,2024,Nottingham Forest,Bournemouth,Away,validation
2732,2024-02-04__Manchester United__vs__West Ham United,2024-02-04,2024,West Ham United,Manchester Utd,Away,validation
2733,2024-02-04__Chelsea__vs__Wolverhampton Wanderers,2024-02-04,2024,Wolverhampton Wanderers,Chelsea,Away,validation
2734,2024-02-05__Brentford__vs__Manchester City,2024-02-05,2024,Brentford,Manchester City,Home,validation
2735,2024-02-05__Brentford__vs__Manchester City,2024-02-05,2024,Manchester City,Brentford,Away,validation
2736,2024-02-10__Fulham__vs__Bournemouth,2024-02-10,2024,Bournemouth,Fulham,Away,validation
2737,2024-02-10__Wolverhampton Wanderers__vs__Brentford,2024-02-10,2024,Brentford,Wolves,Away,validation
2738,2024-02-10__Tottenham Hotspur__vs__Brighton And Hove Albion,2024-02-10,2024,Brighton And Hove Albion,Tottenham,Away,validation
2739,2024-02-10__Liverpool__vs__Burnley,2024-02-10,2024,Burnley,Liverpool,Away,validation
2740,2024-02-10__Manchester City__vs__Everton,2024-02-10,2024,Everton,Manchester City,Away,validation
2741,2024-02-10__Fulham__vs__Bournemouth,2024-02-10,2024,Fulham,Bournemouth,Home,validation
2742,2024-02-10__Liverpool__vs__Burnley,2024-02-10,2024,Liverpool,Burnley,Home,validation
2743,2024-02-10__Luton Town__vs__Sheffield United,2024-02-10,2024,Luton Town,Sheffield Utd,Home,validation
2744,2024-02-10__Manchester City__vs__Everton,2024-02-10,2024,Manchester City,Everton,Home,validation
2745,2024-02-10__Nottingham Forest__vs__Newcastle United,2024-02-10,2024,Newcastle United,Nott'ham Forest,Away,validation
2746,2024-02-10__Nottingham Forest__vs__Newcastle United,2024-02-10,2024,Nottingham Forest,Newcastle Utd,Home,validation
2747,2024-02-10__Luton Town__vs__Sheffield United,2024-02-10,2024,Sheffield United,Luton Town,Away,validation
2748,2024-02-10__Tottenham Hotspur__vs__Brighton And Hove Albion,2024-02-10,2024,Tottenham Hotspur,Brighton,Home,validation
2749,2024-02-10__Wolverhampton Wanderers__vs__Brentford,2024-02-10,2024,Wolverhampton Wanderers,Brentford,Home,validation
2750,2024-02-11__West Ham United__vs__Arsenal,2024-02-11,2024,Arsenal,West Ham,Away,validation
2751,2024-02-11__Aston Villa__vs__Manchester United,2024-02-11,2024,Aston Villa,Manchester Utd,Home,validation
2752,2024-02-11__Aston Villa__vs__Manchester United,2024-02-11,2024,Manchester United,Aston Villa,Away,validation
2753,2024-02-11__West Ham United__vs__Arsenal,2024-02-11,2024,West Ham United,Arsenal,Home,validation
2754,2024-02-12__Crystal Palace__vs__Chelsea,2024-02-12,2024,Chelsea,Crystal Palace,Away,validation
2755,2024-02-12__Crystal Palace__vs__Chelsea,2024-02-12,2024,Crystal Palace,Chelsea,Home,validation
2756,2024-02-17__Burnley__vs__Arsenal,2024-02-17,2024,Arsenal,Burnley,Away,validation
2757,2024-02-17__Fulham__vs__Aston Villa,2024-02-17,2024,Aston Villa,Fulham,Away,validation
2758,2024-02-17__Newcastle United__vs__Bournemouth,2024-02-17,2024,Bournemouth,Newcastle Utd,Away,validation
2759,2024-02-17__Brentford__vs__Liverpool,2024-02-17,2024,Brentford,Liverpool,Home,validation
2760,2024-02-17__Burnley__vs__Arsenal,2024-02-17,2024,Burnley,Arsenal,Home,validation
2761,2024-02-17__Manchester City__vs__Chelsea,2024-02-17,2024,Chelsea,Manchester City,Away,validation
2762,2024-02-17__Fulham__vs__Aston Villa,2024-02-17,2024,Fulham,Aston Villa,Home,validation
2763,2024-02-17__Brentford__vs__Liverpool,2024-02-17,2024,Liverpool,Brentford,Away,validation
2764,2024-02-17__Manchester City__vs__Chelsea,2024-02-17,2024,Manchester City,Chelsea,Home,validation
2765,2024-02-17__Newcastle United__vs__Bournemouth,2024-02-17,2024,Newcastle United,Bournemouth,Home,validation
2766,2024-02-17__Nottingham Forest__vs__West Ham United,2024-02-17,2024,Nottingham Forest,West Ham,Home,validation
2767,2024-02-17__Tottenham Hotspur__vs__Wolverhampton Wanderers,2024-02-17,2024,Tottenham Hotspur,Wolves,Home,validation
2768,2024-02-17__Nottingham Forest__vs__West Ham United,2024-02-17,2024,West Ham United,Nott'ham Forest,Away,validation
2769,2024-02-17__Tottenham Hotspur__vs__Wolverhampton Wanderers,2024-02-17,2024,Wolverhampton Wanderers,Tottenham,Away,validation
2770,2024-02-18__Sheffield United__vs__Brighton And Hove Albion,2024-02-18,2024,Brighton And Hove Albion,Sheffield Utd,Away,validation
2771,2024-02-18__Luton Town__vs__Manchester United,2024-02-18,2024,Luton Town,Manchester Utd,Home,validation
2772,2024-02-18__Luton Town__vs__Manchester United,2024-02-18,2024,Manchester United,Luton Town,Away,validation
2773,2024-02-18__Sheffield United__vs__Brighton And Hove Albion,2024-02-18,2024,Sheffield United,Brighton,Home,validation
2774,2024-02-19__Everton__vs__Crystal Palace,2024-02-19,2024,Crystal Palace,Everton,Away,validation
2775,2024-02-19__Everton__vs__Crystal Palace,2024-02-19,2024,Everton,Crystal Palace,Home,validation
2776,2024-02-20__Manchester City__vs__Brentford,2024-02-20,2024,Brentford,Manchester City,Away,validation
2777,2024-02-20__Manchester City__vs__Brentford,2024-02-20,2024,Manchester City,Brentford,Home,validation
2778,2024-02-21__Liverpool__vs__Luton Town,2024-02-21,2024,Liverpool,Luton Town,Home,validation
2779,2024-02-21__Liverpool__vs__Luton Town,2024-02-21,2024,Luton Town,Liverpool,Away,validation
2780,2024-02-24__Arsenal__vs__Newcastle United,2024-02-24,2024,Arsenal,Newcastle Utd,Home,validation
2781,2024-02-24__Aston Villa__vs__Nottingham Forest,2024-02-24,2024,Aston Villa,Nott'ham Forest,Home,validation
2782,2024-02-24__Bournemouth__vs__Manchester City,2024-02-24,2024,Bournemouth,Manchester City,Home,validation
2783,2024-02-24__Brighton And Hove Albion__vs__Everton,2024-02-24,2024,Brighton And Hove Albion,Everton,Home,validation
2784,2024-02-24__Crystal Palace__vs__Burnley,2024-02-24,2024,Burnley,Crystal Palace,Away,validation
2785,2024-02-24__Crystal Palace__vs__Burnley,2024-02-24,2024,Crystal Palace,Burnley,Home,validation
2786,2024-02-24__Brighton And Hove Albion__vs__Everton,2024-02-24,2024,Everton,Brighton,Away,validation
2787,2024-02-24__Manchester United__vs__Fulham,2024-02-24,2024,Fulham,Manchester Utd,Away,validation
2788,2024-02-24__Bournemouth__vs__Manchester City,2024-02-24,2024,Manchester City,Bournemouth,Away,validation
2789,2024-02-24__Manchester United__vs__Fulham,2024-02-24,2024,Manchester United,Fulham,Home,validation
2790,2024-02-24__Arsenal__vs__Newcastle United,2024-02-24,2024,Newcastle United,Arsenal,Away,validation
2791,2024-02-24__Aston Villa__vs__Nottingham Forest,2024-02-24,2024,Nottingham Forest,Aston Villa,Away,validation
2792,2024-02-25__Wolverhampton Wanderers__vs__Sheffield United,2024-02-25,2024,Sheffield United,Wolves,Away,validation
2793,2024-02-25__Wolverhampton Wanderers__vs__Sheffield United,2024-02-25,2024,Wolverhampton Wanderers,Sheffield Utd,Home,validation
2794,2024-02-26__West Ham United__vs__Brentford,2024-02-26,2024,Brentford,West Ham,Away,validation
2795,2024-02-26__West Ham United__vs__Brentford,2024-02-26,2024,West Ham United,Brentford,Home,validation
2796,2024-03-02__Luton Town__vs__Aston Villa,2024-03-02,2024,Aston Villa,Luton Town,Away,validation
2797,2024-03-02__Brentford__vs__Chelsea,2024-03-02,2024,Brentford,Chelsea,Home,validation
2798,2024-03-02__Fulham__vs__Brighton And Hove Albion,2024-03-02,2024,Brighton And Hove Albion,Fulham,Away,validation
2799,2024-03-02__Brentford__vs__Chelsea,2024-03-02,2024,Chelsea,Brentford,Away,validation
2800,2024-03-02__Tottenham Hotspur__vs__Crystal Palace,2024-03-02,2024,Crystal Palace,Tottenham,Away,validation
2801,2024-03-02__Everton__vs__West Ham United,2024-03-02,2024,Everton,West Ham,Home,validation
2802,2024-03-02__Fulham__vs__Brighton And Hove Albion,2024-03-02,2024,Fulham,Brighton,Home,validation
2803,2024-03-02__Nottingham Forest__vs__Liverpool,2024-03-02,2024,Liverpool,Nott'ham Forest,Away,validation
2804,2024-03-02__Luton Town__vs__Aston Villa,2024-03-02,2024,Luton Town,Aston Villa,Home,validation
2805,2024-03-02__Newcastle United__vs__Wolverhampton Wanderers,2024-03-02,2024,Newcastle United,Wolves,Home,validation
2806,2024-03-02__Nottingham Forest__vs__Liverpool,2024-03-02,2024,Nottingham Forest,Liverpool,Home,validation
2807,2024-03-02__Tottenham Hotspur__vs__Crystal Palace,2024-03-02,2024,Tottenham Hotspur,Crystal Palace,Home,validation
2808,2024-03-02__Everton__vs__West Ham United,2024-03-02,2024,West Ham United,Everton,Away,validation
2809,2024-03-02__Newcastle United__vs__Wolverhampton Wanderers,2024-03-02,2024,Wolverhampton Wanderers,Newcastle Utd,Away,validation
2810,2024-03-03__Burnley__vs__Bournemouth,2024-03-03,2024,Bournemouth,Burnley,Away,validation
2811,2024-03-03__Burnley__vs__Bournemouth,2024-03-03,2024,Burnley,Bournemouth,Home,validation
2812,2024-03-03__Manchester City__vs__Manchester United,2024-03-03,2024,Manchester City,Manchester Utd,Home,validation
2813,2024-03-03__Manchester City__vs__Manchester United,2024-03-03,2024,Manchester United,Manchester City,Away,validation
2814,2024-03-04__Sheffield United__vs__Arsenal,2024-03-04,2024,Arsenal,Sheffield Utd,Away,validation
2815,2024-03-04__Sheffield United__vs__Arsenal,2024-03-04,2024,Sheffield United,Arsenal,Home,validation
2816,2024-03-09__Arsenal__vs__Brentford,2024-03-09,2024,Arsenal,Brentford,Home,validation
2817,2024-03-09__Bournemouth__vs__Sheffield United,2024-03-09,2024,Bournemouth,Sheffield Utd,Home,validation
2818,2024-03-09__Arsenal__vs__Brentford,2024-03-09,2024,Brentford,Arsenal,Away,validation
2819,2024-03-09__Crystal Palace__vs__Luton Town,2024-03-09,2024,Crystal Palace,Luton Town,Home,validation
2820,2024-03-09__Manchester United__vs__Everton,2024-03-09,2024,Everton,Manchester Utd,Away,validation
2821,2024-03-09__Wolverhampton Wanderers__vs__Fulham,2024-03-09,2024,Fulham,Wolves,Away,validation
2822,2024-03-09__Crystal Palace__vs__Luton Town,2024-03-09,2024,Luton Town,Crystal Palace,Away,validation
2823,2024-03-09__Manchester United__vs__Everton,2024-03-09,2024,Manchester United,Everton,Home,validation
2824,2024-03-09__Bournemouth__vs__Sheffield United,2024-03-09,2024,Sheffield United,Bournemouth,Away,validation
2825,2024-03-09__Wolverhampton Wanderers__vs__Fulham,2024-03-09,2024,Wolverhampton Wanderers,Fulham,Home,validation
2826,2024-03-10__Aston Villa__vs__Tottenham Hotspur,2024-03-10,2024,Aston Villa,Tottenham,Home,validation
2827,2024-03-10__Brighton And Hove Albion__vs__Nottingham Forest,2024-03-10,2024,Brighton And Hove Albion,Nott'ham Forest,Home,validation
2828,2024-03-10__West Ham United__vs__Burnley,2024-03-10,2024,Burnley,West Ham,Away,validation
2829,2024-03-10__Liverpool__vs__Manchester City,2024-03-10,2024,Liverpool,Manchester City,Home,validation
2830,2024-03-10__Liverpool__vs__Manchester City,2024-03-10,2024,Manchester City,Liverpool,Away,validation
2831,2024-03-10__Brighton And Hove Albion__vs__Nottingham Forest,2024-03-10,2024,Nottingham Forest,Brighton,Away,validation
2832,2024-03-10__Aston Villa__vs__Tottenham Hotspur,2024-03-10,2024,Tottenham Hotspur,Aston Villa,Away,validation
2833,2024-03-10__West Ham United__vs__Burnley,2024-03-10,2024,West Ham United,Burnley,Home,validation
2834,2024-03-11__Chelsea__vs__Newcastle United,2024-03-11,2024,Chelsea,Newcastle Utd,Home,validation
2835,2024-03-11__Chelsea__vs__Newcastle United,2024-03-11,2024,Newcastle United,Chelsea,Away,validation
2836,2024-03-13__Bournemouth__vs__Luton Town,2024-03-13,2024,Bournemouth,Luton Town,Home,validation
2837,2024-03-13__Bournemouth__vs__Luton Town,2024-03-13,2024,Luton Town,Bournemouth,Away,validation
2838,2024-03-16__Burnley__vs__Brentford,2024-03-16,2024,Brentford,Burnley,Away,validation
2839,2024-03-16__Burnley__vs__Brentford,2024-03-16,2024,Burnley,Brentford,Home,validation
2840,2024-03-16__Fulham__vs__Tottenham Hotspur,2024-03-16,2024,Fulham,Tottenham,Home,validation
2841,2024-03-16__Luton Town__vs__Nottingham Forest,2024-03-16,2024,Luton Town,Nott'ham Forest,Home,validation
2842,2024-03-16__Luton Town__vs__Nottingham Forest,2024-03-16,2024,Nottingham Forest,Luton Town,Away,validation
2843,2024-03-16__Fulham__vs__Tottenham Hotspur,2024-03-16,2024,Tottenham Hotspur,Fulham,Away,validation
2844,2024-03-17__West Ham United__vs__Aston Villa,2024-03-17,2024,Aston Villa,West Ham,Away,validation
2845,2024-03-17__West Ham United__vs__Aston Villa,2024-03-17,2024,West Ham United,Aston Villa,Home,validation
2846,2024-03-30__Aston Villa__vs__Wolverhampton Wanderers,2024-03-30,2024,Aston Villa,Wolves,Home,validation
2847,2024-03-30__Bournemouth__vs__Everton,2024-03-30,2024,Bournemouth,Everton,Home,validation
2848,2024-03-30__Brentford__vs__Manchester United,2024-03-30,2024,Brentford,Manchester Utd,Home,validation
2849,2024-03-30__Chelsea__vs__Burnley,2024-03-30,2024,Burnley,Chelsea,Away,validation
2850,2024-03-30__Chelsea__vs__Burnley,2024-03-30,2024,Chelsea,Burnley,Home,validation
2851,2024-03-30__Nottingham Forest__vs__Crystal Palace,2024-03-30,2024,Crystal Palace,Nott'ham Forest,Away,validation
2852,2024-03-30__Bournemouth__vs__Everton,2024-03-30,2024,Everton,Bournemouth,Away,validation
2853,2024-03-30__Sheffield United__vs__Fulham,2024-03-30,2024,Fulham,Sheffield Utd,Away,validation
2854,2024-03-30__Tottenham Hotspur__vs__Luton Town,2024-03-30,2024,Luton Town,Tottenham,Away,validation
2855,2024-03-30__Brentford__vs__Manchester United,2024-03-30,2024,Manchester United,Brentford,Away,validation
2856,2024-03-30__Newcastle United__vs__West Ham United,2024-03-30,2024,Newcastle United,West Ham,Home,validation
2857,2024-03-30__Nottingham Forest__vs__Crystal Palace,2024-03-30,2024,Nottingham Forest,Crystal Palace,Home,validation
2858,2024-03-30__Sheffield United__vs__Fulham,2024-03-30,2024,Sheffield United,Fulham,Home,validation
2859,2024-03-30__Tottenham Hotspur__vs__Luton Town,2024-03-30,2024,Tottenham Hotspur,Luton Town,Home,validation
2860,2024-03-30__Newcastle United__vs__West Ham United,2024-03-30,2024,West Ham United,Newcastle Utd,Away,validation
2861,2024-03-30__Aston Villa__vs__Wolverhampton Wanderers,2024-03-30,2024,Wolverhampton Wanderers,Aston Villa,Away,validation
2862,2024-03-31__Manchester City__vs__Arsenal,2024-03-31,2024,Arsenal,Manchester City,Away,validation
2863,2024-03-31__Liverpool__vs__Brighton And Hove Albion,2024-03-31,2024,Brighton And Hove Albion,Liverpool,Away,validation
2864,2024-03-31__Liverpool__vs__Brighton And Hove Albion,2024-03-31,2024,Liverpool,Brighton,Home,validation
2865,2024-03-31__Manchester City__vs__Arsenal,2024-03-31,2024,Manchester City,Arsenal,Home,validation
2866,2024-04-02__Bournemouth__vs__Crystal Palace,2024-04-02,2024,Bournemouth,Crystal Palace,Home,validation
2867,2024-04-02__Burnley__vs__Wolverhampton Wanderers,2024-04-02,2024,Burnley,Wolves,Home,validation
2868,2024-04-02__Bournemouth__vs__Crystal Palace,2024-04-02,2024,Crystal Palace,Bournemouth,Away,validation
2869,2024-04-02__Newcastle United__vs__Everton,2024-04-02,2024,Everton,Newcastle Utd,Away,validation
2870,2024-04-02__Nottingham Forest__vs__Fulham,2024-04-02,2024,Fulham,Nott'ham Forest,Away,validation
2871,2024-04-02__Newcastle United__vs__Everton,2024-04-02,2024,Newcastle United,Everton,Home,validation
2872,2024-04-02__Nottingham Forest__vs__Fulham,2024-04-02,2024,Nottingham Forest,Fulham,Home,validation
2873,2024-04-02__West Ham United__vs__Tottenham Hotspur,2024-04-02,2024,Tottenham Hotspur,West Ham,Away,validation
2874,2024-04-02__West Ham United__vs__Tottenham Hotspur,2024-04-02,2024,West Ham United,Tottenham,Home,validation
2875,2024-04-02__Burnley__vs__Wolverhampton Wanderers,2024-04-02,2024,Wolverhampton Wanderers,Burnley,Away,validation
2876,2024-04-03__Arsenal__vs__Luton Town,2024-04-03,2024,Arsenal,Luton Town,Home,validation
2877,2024-04-03__Manchester City__vs__Aston Villa,2024-04-03,2024,Aston Villa,Manchester City,Away,validation
2878,2024-04-03__Brentford__vs__Brighton And Hove Albion,2024-04-03,2024,Brentford,Brighton,Home,validation
2879,2024-04-03__Brentford__vs__Brighton And Hove Albion,2024-04-03,2024,Brighton And Hove Albion,Brentford,Away,validation
2880,2024-04-03__Arsenal__vs__Luton Town,2024-04-03,2024,Luton Town,Arsenal,Away,validation
2881,2024-04-03__Manchester City__vs__Aston Villa,2024-04-03,2024,Manchester City,Aston Villa,Home,validation
2882,2024-04-04__Chelsea__vs__Manchester United,2024-04-04,2024,Chelsea,Manchester Utd,Home,validation
2883,2024-04-04__Liverpool__vs__Sheffield United,2024-04-04,2024,Liverpool,Sheffield Utd,Home,validation
2884,2024-04-04__Chelsea__vs__Manchester United,2024-04-04,2024,Manchester United,Chelsea,Away,validation
2885,2024-04-04__Liverpool__vs__Sheffield United,2024-04-04,2024,Sheffield United,Liverpool,Away,validation
2886,2024-04-06__Brighton And Hove Albion__vs__Arsenal,2024-04-06,2024,Arsenal,Brighton,Away,validation
2887,2024-04-06__Aston Villa__vs__Brentford,2024-04-06,2024,Aston Villa,Brentford,Home,validation
2888,2024-04-06__Luton Town__vs__Bournemouth,2024-04-06,2024,Bournemouth,Luton Town,Away,validation
2889,2024-04-06__Aston Villa__vs__Brentford,2024-04-06,2024,Brentford,Aston Villa,Away,validation
2890,2024-04-06__Brighton And Hove Albion__vs__Arsenal,2024-04-06,2024,Brighton And Hove Albion,Arsenal,Home,validation
2891,2024-04-06__Everton__vs__Burnley,2024-04-06,2024,Burnley,Everton,Away,validation
2892,2024-04-06__Crystal Palace__vs__Manchester City,2024-04-06,2024,Crystal Palace,Manchester City,Home,validation
2893,2024-04-06__Everton__vs__Burnley,2024-04-06,2024,Everton,Burnley,Home,validation
2894,2024-04-06__Fulham__vs__Newcastle United,2024-04-06,2024,Fulham,Newcastle Utd,Home,validation
2895,2024-04-06__Luton Town__vs__Bournemouth,2024-04-06,2024,Luton Town,Bournemouth,Home,validation
2896,2024-04-06__Crystal Palace__vs__Manchester City,2024-04-06,2024,Manchester City,Crystal Palace,Away,validation
2897,2024-04-06__Fulham__vs__Newcastle United,2024-04-06,2024,Newcastle United,Fulham,Away,validation
2898,2024-04-06__Wolverhampton Wanderers__vs__West Ham United,2024-04-06,2024,West Ham United,Wolves,Away,validation
2899,2024-04-06__Wolverhampton Wanderers__vs__West Ham United,2024-04-06,2024,Wolverhampton Wanderers,West Ham,Home,validation
2900,2024-04-07__Sheffield United__vs__Chelsea,2024-04-07,2024,Chelsea,Sheffield Utd,Away,validation
2901,2024-04-07__Manchester United__vs__Liverpool,2024-04-07,2024,Liverpool,Manchester Utd,Away,validation
2902,2024-04-07__Manchester United__vs__Liverpool,2024-04-07,2024,Manchester United,Liverpool,Home,validation
2903,2024-04-07__Tottenham Hotspur__vs__Nottingham Forest,2024-04-07,2024,Nottingham Forest,Tottenham,Away,validation
2904,2024-04-07__Sheffield United__vs__Chelsea,2024-04-07,2024,Sheffield United,Chelsea,Home,validation
2905,2024-04-07__Tottenham Hotspur__vs__Nottingham Forest,2024-04-07,2024,Tottenham Hotspur,Nott'ham Forest,Home,validation
2906,2024-04-13__Bournemouth__vs__Manchester United,2024-04-13,2024,Bournemouth,Manchester Utd,Home,validation
2907,2024-04-13__Brentford__vs__Sheffield United,2024-04-13,2024,Brentford,Sheffield Utd,Home,validation
2908,2024-04-13__Burnley__vs__Brighton And Hove Albion,2024-04-13,2024,Brighton And Hove Albion,Burnley,Away,validation
2909,2024-04-13__Burnley__vs__Brighton And Hove Albion,2024-04-13,2024,Burnley,Brighton,Home,validation
2910,2024-04-13__Manchester City__vs__Luton Town,2024-04-13,2024,Luton Town,Manchester City,Away,validation
2911,2024-04-13__Manchester City__vs__Luton Town,2024-04-13,2024,Manchester City,Luton Town,Home,validation
2912,2024-04-13__Bournemouth__vs__Manchester United,2024-04-13,2024,Manchester United,Bournemouth,Away,validation
2913,2024-04-13__Newcastle United__vs__Tottenham Hotspur,2024-04-13,2024,Newcastle United,Tottenham,Home,validation
2914,2024-04-13__Nottingham Forest__vs__Wolverhampton Wanderers,2024-04-13,2024,Nottingham Forest,Wolves,Home,validation
2915,2024-04-13__Brentford__vs__Sheffield United,2024-04-13,2024,Sheffield United,Brentford,Away,validation
2916,2024-04-13__Newcastle United__vs__Tottenham Hotspur,2024-04-13,2024,Tottenham Hotspur,Newcastle Utd,Away,validation
2917,2024-04-13__Nottingham Forest__vs__Wolverhampton Wanderers,2024-04-13,2024,Wolverhampton Wanderers,Nott'ham Forest,Away,validation
2918,2024-04-14__Arsenal__vs__Aston Villa,2024-04-14,2024,Arsenal,Aston Villa,Home,validation
2919,2024-04-14__Arsenal__vs__Aston Villa,2024-04-14,2024,Aston Villa,Arsenal,Away,validation
2920,2024-04-14__Liverpool__vs__Crystal Palace,2024-04-14,2024,Crystal Palace,Liverpool,Away,validation
2921,2024-04-14__West Ham United__vs__Fulham,2024-04-14,2024,Fulham,West Ham,Away,validation
2922,2024-04-14__Liverpool__vs__Crystal Palace,2024-04-14,2024,Liverpool,Crystal Palace,Home,validation
2923,2024-04-14__West Ham United__vs__Fulham,2024-04-14,2024,West Ham United,Fulham,Home,validation
2924,2024-04-15__Chelsea__vs__Everton,2024-04-15,2024,Chelsea,Everton,Home,validation
2925,2024-04-15__Chelsea__vs__Everton,2024-04-15,2024,Everton,Chelsea,Away,validation
2926,2024-04-20__Wolverhampton Wanderers__vs__Arsenal,2024-04-20,2024,Arsenal,Wolves,Away,validation
2927,2024-04-20__Luton Town__vs__Brentford,2024-04-20,2024,Brentford,Luton Town,Away,validation
2928,2024-04-20__Sheffield United__vs__Burnley,2024-04-20,2024,Burnley,Sheffield Utd,Away,validation
2929,2024-04-20__Luton Town__vs__Brentford,2024-04-20,2024,Luton Town,Brentford,Home,validation
2930,2024-04-20__Sheffield United__vs__Burnley,2024-04-20,2024,Sheffield United,Burnley,Home,validation
2931,2024-04-20__Wolverhampton Wanderers__vs__Arsenal,2024-04-20,2024,Wolverhampton Wanderers,Arsenal,Home,validation
2932,2024-04-21__Aston Villa__vs__Bournemouth,2024-04-21,2024,Aston Villa,Bournemouth,Home,validation
2933,2024-04-21__Aston Villa__vs__Bournemouth,2024-04-21,2024,Bournemouth,Aston Villa,Away,validation
2934,2024-04-21__Crystal Palace__vs__West Ham United,2024-04-21,2024,Crystal Palace,West Ham,Home,validation
2935,2024-04-21__Everton__vs__Nottingham Forest,2024-04-21,2024,Everton,Nott'ham Forest,Home,validation
2936,2024-04-21__Fulham__vs__Liverpool,2024-04-21,2024,Fulham,Liverpool,Home,validation
2937,2024-04-21__Fulham__vs__Liverpool,2024-04-21,2024,Liverpool,Fulham,Away,validation
2938,2024-04-21__Everton__vs__Nottingham Forest,2024-04-21,2024,Nottingham Forest,Everton,Away,validation
2939,2024-04-21__Crystal Palace__vs__West Ham United,2024-04-21,2024,West Ham United,Crystal Palace,Away,validation
2940,2024-04-23__Arsenal__vs__Chelsea,2024-04-23,2024,Arsenal,Chelsea,Home,validation
2941,2024-04-23__Arsenal__vs__Chelsea,2024-04-23,2024,Chelsea,Arsenal,Away,validation
2942,2024-04-24__Wolverhampton Wanderers__vs__Bournemouth,2024-04-24,2024,Bournemouth,Wolves,Away,validation
2943,2024-04-24__Crystal Palace__vs__Newcastle United,2024-04-24,2024,Crystal Palace,Newcastle Utd,Home,validation
2944,2024-04-24__Everton__vs__Liverpool,2024-04-24,2024,Everton,Liverpool,Home,validation
2945,2024-04-24__Everton__vs__Liverpool,2024-04-24,2024,Liverpool,Everton,Away,validation
2946,2024-04-24__Manchester United__vs__Sheffield United,2024-04-24,2024,Manchester United,Sheffield Utd,Home,validation
2947,2024-04-24__Crystal Palace__vs__Newcastle United,2024-04-24,2024,Newcastle United,Crystal Palace,Away,validation
2948,2024-04-24__Manchester United__vs__Sheffield United,2024-04-24,2024,Sheffield United,Manchester Utd,Away,validation
2949,2024-04-24__Wolverhampton Wanderers__vs__Bournemouth,2024-04-24,2024,Wolverhampton Wanderers,Bournemouth,Home,validation
2950,2024-04-25__Brighton And Hove Albion__vs__Manchester City,2024-04-25,2024,Brighton And Hove Albion,Manchester City,Home,validation
2951,2024-04-25__Brighton And Hove Albion__vs__Manchester City,2024-04-25,2024,Manchester City,Brighton,Away,validation
2952,2024-04-27__Aston Villa__vs__Chelsea,2024-04-27,2024,Aston Villa,Chelsea,Home,validation
2953,2024-04-27__Everton__vs__Brentford,2024-04-27,2024,Brentford,Everton,Away,validation
2954,2024-04-27__Manchester United__vs__Burnley,2024-04-27,2024,Burnley,Manchester Utd,Away,validation
2955,2024-04-27__Aston Villa__vs__Chelsea,2024-04-27,2024,Chelsea,Aston Villa,Away,validation
2956,2024-04-27__Fulham__vs__Crystal Palace,2024-04-27,2024,Crystal Palace,Fulham,Away,validation
2957,2024-04-27__Everton__vs__Brentford,2024-04-27,2024,Everton,Brentford,Home,validation
2958,2024-04-27__Fulham__vs__Crystal Palace,2024-04-27,2024,Fulham,Crystal Palace,Home,validation
2959,2024-04-27__West Ham United__vs__Liverpool,2024-04-27,2024,Liverpool,West Ham,Away,validation
2960,2024-04-27__Wolverhampton Wanderers__vs__Luton Town,2024-04-27,2024,Luton Town,Wolves,Away,validation
2961,2024-04-27__Manchester United__vs__Burnley,2024-04-27,2024,Manchester United,Burnley,Home,validation
2962,2024-04-27__Newcastle United__vs__Sheffield United,2024-04-27,2024,Newcastle United,Sheffield Utd,Home,validation
2963,2024-04-27__Newcastle United__vs__Sheffield United,2024-04-27,2024,Sheffield United,Newcastle Utd,Away,validation
2964,2024-04-27__West Ham United__vs__Liverpool,2024-04-27,2024,West Ham United,Liverpool,Home,validation
2965,2024-04-27__Wolverhampton Wanderers__vs__Luton Town,2024-04-27,2024,Wolverhampton Wanderers,Luton Town,Home,validation
2966,2024-04-28__Tottenham Hotspur__vs__Arsenal,2024-04-28,2024,Arsenal,Tottenham,Away,validation
2967,2024-04-28__Bournemouth__vs__Brighton And Hove Albion,2024-04-28,2024,Bournemouth,Brighton,Home,validation
2968,2024-04-28__Bournemouth__vs__Brighton And Hove Albion,2024-04-28,2024,Brighton And Hove Albion,Bournemouth,Away,validation
2969,2024-04-28__Nottingham Forest__vs__Manchester City,2024-04-28,2024,Manchester City,Nott'ham Forest,Away,validation
2970,2024-04-28__Nottingham Forest__vs__Manchester City,2024-04-28,2024,Nottingham Forest,Manchester City,Home,validation
2971,2024-04-28__Tottenham Hotspur__vs__Arsenal,2024-04-28,2024,Tottenham Hotspur,Arsenal,Home,validation
2972,2024-05-02__Chelsea__vs__Tottenham Hotspur,2024-05-02,2024,Chelsea,Tottenham,Home,validation
2973,2024-05-02__Chelsea__vs__Tottenham Hotspur,2024-05-02,2024,Tottenham Hotspur,Chelsea,Away,validation
2974,2024-05-03__Luton Town__vs__Everton,2024-05-03,2024,Everton,Luton Town,Away,validation
2975,2024-05-03__Luton Town__vs__Everton,2024-05-03,2024,Luton Town,Everton,Home,validation
2976,2024-05-04__Arsenal__vs__Bournemouth,2024-05-04,2024,Arsenal,Bournemouth,Home,validation
2977,2024-05-04__Arsenal__vs__Bournemouth,2024-05-04,2024,Bournemouth,Arsenal,Away,validation
2978,2024-05-04__Brentford__vs__Fulham,2024-05-04,2024,Brentford,Fulham,Home,validation
2979,2024-05-04__Burnley__vs__Newcastle United,2024-05-04,2024,Burnley,Newcastle Utd,Home,validation
2980,2024-05-04__Brentford__vs__Fulham,2024-05-04,2024,Fulham,Brentford,Away,validation
2981,2024-05-04__Manchester City__vs__Wolverhampton Wanderers,2024-05-04,2024,Manchester City,Wolves,Home,validation
2982,2024-05-04__Burnley__vs__Newcastle United,2024-05-04,2024,Newcastle United,Burnley,Away,validation
2983,2024-05-04__Sheffield United__vs__Nottingham Forest,2024-05-04,2024,Nottingham Forest,Sheffield Utd,Away,validation
2984,2024-05-04__Sheffield United__vs__Nottingham Forest,2024-05-04,2024,Sheffield United,Nott'ham Forest,Home,validation
2985,2024-05-04__Manchester City__vs__Wolverhampton Wanderers,2024-05-04,2024,Wolverhampton Wanderers,Manchester City,Away,validation
2986,2024-05-05__Brighton And Hove Albion__vs__Aston Villa,2024-05-05,2024,Aston Villa,Brighton,Away,validation
2987,2024-05-05__Brighton And Hove Albion__vs__Aston Villa,2024-05-05,2024,Brighton And Hove Albion,Aston Villa,Home,validation
2988,2024-05-05__Chelsea__vs__West Ham United,2024-05-05,2024,Chelsea,West Ham,Home,validation
2989,2024-05-05__Liverpool__vs__Tottenham Hotspur,2024-05-05,2024,Liverpool,Tottenham,Home,validation
2990,2024-05-05__Liverpool__vs__Tottenham Hotspur,2024-05-05,2024,Tottenham Hotspur,Liverpool,Away,validation
2991,2024-05-05__Chelsea__vs__West Ham United,2024-05-05,2024,West Ham United,Chelsea,Away,validation
2992,2024-05-06__Crystal Palace__vs__Manchester United,2024-05-06,2024,Crystal Palace,Manchester Utd,Home,validation
2993,2024-05-06__Crystal Palace__vs__Manchester United,2024-05-06,2024,Manchester United,Crystal Palace,Away,validation
2994,2024-05-11__Bournemouth__vs__Brentford,2024-05-11,2024,Bournemouth,Brentford,Home,validation
2995,2024-05-11__Bournemouth__vs__Brentford,2024-05-11,2024,Brentford,Bournemouth,Away,validation
2996,2024-05-11__Newcastle United__vs__Brighton And Hove Albion,2024-05-11,2024,Brighton And Hove Albion,Newcastle Utd,Away,validation
2997,2024-05-11__Tottenham Hotspur__vs__Burnley,2024-05-11,2024,Burnley,Tottenham,Away,validation
2998,2024-05-11__Nottingham Forest__vs__Chelsea,2024-05-11,2024,Chelsea,Nott'ham Forest,Away,validation
2999,2024-05-11__Wolverhampton Wanderers__vs__Crystal Palace,2024-05-11,2024,Crystal Palace,Wolves,Away,validation
3000,2024-05-11__Everton__vs__Sheffield United,2024-05-11,2024,Everton,Sheffield Utd,Home,validation
3001,2024-05-11__Fulham__vs__Manchester City,2024-05-11,2024,Fulham,Manchester City,Home,validation
3002,2024-05-11__West Ham United__vs__Luton Town,2024-05-11,2024,Luton Town,West Ham,Away,validation
3003,2024-05-11__Fulham__vs__Manchester City,2024-05-11,2024,Manchester City,Fulham,Away,validation
3004,2024-05-11__Newcastle United__vs__Brighton And Hove Albion,2024-05-11,2024,Newcastle United,Brighton,Home,validation
3005,2024-05-11__Nottingham Forest__vs__Chelsea,2024-05-11,2024,Nottingham Forest,Chelsea,Home,validation
3006,2024-05-11__Everton__vs__Sheffield United,2024-05-11,2024,Sheffield United,Everton,Away,validation
3007,2024-05-11__Tottenham Hotspur__vs__Burnley,2024-05-11,2024,Tottenham Hotspur,Burnley,Home,validation
3008,2024-05-11__West Ham United__vs__Luton Town,2024-05-11,2024,West Ham United,Luton Town,Home,validation
3009,2024-05-11__Wolverhampton Wanderers__vs__Crystal Palace,2024-05-11,2024,Wolverhampton Wanderers,Crystal Palace,Home,validation
3010,2024-05-12__Manchester United__vs__Arsenal,2024-05-12,2024,Arsenal,Manchester Utd,Away,validation
3011,2024-05-12__Manchester United__vs__Arsenal,2024-05-12,2024,Manchester United,Arsenal,Home,validation
3012,2024-05-13__Aston Villa__vs__Liverpool,2024-05-13,2024,Aston Villa,Liverpool,Home,validation
3013,2024-05-13__Aston Villa__vs__Liverpool,2024-05-13,2024,Liverpool,Aston Villa,Away,validation
3014,2024-05-14__Tottenham Hotspur__vs__Manchester City,2024-05-14,2024,Manchester City,Tottenham,Away,validation
3015,2024-05-14__Tottenham Hotspur__vs__Manchester City,2024-05-14,2024,Tottenham Hotspur,Manchester City,Home,validation
3016,2024-05-15__Brighton And Hove Albion__vs__Chelsea,2024-05-15,2024,Brighton And Hove Albion,Chelsea,Home,validation
3017,2024-05-15__Brighton And Hove Albion__vs__Chelsea,2024-05-15,2024,Chelsea,Brighton,Away,validation
3018,2024-05-15__Manchester United__vs__Newcastle United,2024-05-15,2024,Manchester United,Newcastle Utd,Home,validation
3019,2024-05-15__Manchester United__vs__Newcastle United,2024-05-15,2024,Newcastle United,Manchester Utd,Away,validation
3020,2024-05-19__Arsenal__vs__Everton,2024-05-19,2024,Arsenal,Everton,Home,validation
3021,2024-05-19__Crystal Palace__vs__Aston Villa,2024-05-19,2024,Aston Villa,Crystal Palace,Away,validation
3022,2024-05-19__Chelsea__vs__Bournemouth,2024-05-19,2024,Bournemouth,Chelsea,Away,validation
3023,2024-05-19__Brentford__vs__Newcastle United,2024-05-19,2024,Brentford,Newcastle Utd,Home,validation
3024,2024-05-19__Brighton And Hove Albion__vs__Manchester United,2024-05-19,2024,Brighton And Hove Albion,Manchester Utd,Home,validation
3025,2024-05-19__Burnley__vs__Nottingham Forest,2024-05-19,2024,Burnley,Nott'ham Forest,Home,validation
3026,2024-05-19__Chelsea__vs__Bournemouth,2024-05-19,2024,Chelsea,Bournemouth,Home,validation
3027,2024-05-19__Crystal Palace__vs__Aston Villa,2024-05-19,2024,Crystal Palace,Aston Villa,Home,validation
3028,2024-05-19__Arsenal__vs__Everton,2024-05-19,2024,Everton,Arsenal,Away,validation
3029,2024-05-19__Luton Town__vs__Fulham,2024-05-19,2024,Fulham,Luton Town,Away,validation
3030,2024-05-19__Liverpool__vs__Wolverhampton Wanderers,2024-05-19,2024,Liverpool,Wolves,Home,validation
3031,2024-05-19__Luton Town__vs__Fulham,2024-05-19,2024,Luton Town,Fulham,Home,validation
3032,2024-05-19__Manchester City__vs__West Ham United,2024-05-19,2024,Manchester City,West Ham,Home,validation
3033,2024-05-19__Brighton And Hove Albion__vs__Manchester United,2024-05-19,2024,Manchester United,Brighton,Away,validation
3034,2024-05-19__Brentford__vs__Newcastle United,2024-05-19,2024,Newcastle United,Brentford,Away,validation
3035,2024-05-19__Burnley__vs__Nottingham Forest,2024-05-19,2024,Nottingham Forest,Burnley,Away,validation
3036,2024-05-19__Sheffield United__vs__Tottenham Hotspur,2024-05-19,2024,Sheffield United,Tottenham,Home,validation
3037,2024-05-19__Sheffield United__vs__Tottenham Hotspur,2024-05-19,2024,Tottenham Hotspur,Sheffield Utd,Away,validation
3038,2024-05-19__Manchester City__vs__West Ham United,2024-05-19,2024,West Ham United,Manchester City,Away,validation
3039,2024-05-19__Liverpool__vs__Wolverhampton Wanderers,2024-05-19,2024,Wolverhampton Wanderers,Liverpool,Away,validation
3040,2024-08-16__Manchester United__vs__Fulham,2024-08-16,2025,Fulham,Manchester Utd,Away,test
3041,2024-08-16__Manchester United__vs__Fulham,2024-08-16,2025,Manchester United,Fulham,Home,test
3042,2024-08-17__Arsenal__vs__Wolverhampton Wanderers,2024-08-17,2025,Arsenal,Wolves,Home,test
3043,2024-08-17__West Ham United__vs__Aston Villa,2024-08-17,2025,Aston Villa,West Ham,Away,test
3044,2024-08-17__Nottingham Forest__vs__Bournemouth,2024-08-17,2025,Bournemouth,Nott'ham Forest,Away,test
3045,2024-08-17__Everton__vs__Brighton And Hove Albion,2024-08-17,2025,Brighton And Hove Albion,Everton,Away,test
3046,2024-08-17__Everton__vs__Brighton And Hove Albion,2024-08-17,2025,Everton,Brighton,Home,test
3047,2024-08-17__Ipswich Town__vs__Liverpool,2024-08-17,2025,Ipswich Town,Liverpool,Home,test
3048,2024-08-17__Ipswich Town__vs__Liverpool,2024-08-17,2025,Liverpool,Ipswich Town,Away,test
3049,2024-08-17__Newcastle United__vs__Southampton,2024-08-17,2025,Newcastle United,Southampton,Home,test
3050,2024-08-17__Nottingham Forest__vs__Bournemouth,2024-08-17,2025,Nottingham Forest,Bournemouth,Home,test
3051,2024-08-17__Newcastle United__vs__Southampton,2024-08-17,2025,Southampton,Newcastle Utd,Away,test
3052,2024-08-17__West Ham United__vs__Aston Villa,2024-08-17,2025,West Ham United,Aston Villa,Home,test
3053,2024-08-17__Arsenal__vs__Wolverhampton Wanderers,2024-08-17,2025,Wolverhampton Wanderers,Arsenal,Away,test
3054,2024-08-18__Brentford__vs__Crystal Palace,2024-08-18,2025,Brentford,Crystal Palace,Home,test
3055,2024-08-18__Chelsea__vs__Manchester City,2024-08-18,2025,Chelsea,Manchester City,Home,test
3056,2024-08-18__Brentford__vs__Crystal Palace,2024-08-18,2025,Crystal Palace,Brentford,Away,test
3057,2024-08-18__Chelsea__vs__Manchester City,2024-08-18,2025,Manchester City,Chelsea,Away,test
3058,2024-08-19__Leicester City__vs__Tottenham Hotspur,2024-08-19,2025,Leicester City,Tottenham,Home,test
3059,2024-08-19__Leicester City__vs__Tottenham Hotspur,2024-08-19,2025,Tottenham Hotspur,Leicester City,Away,test
3060,2024-08-24__Aston Villa__vs__Arsenal,2024-08-24,2025,Arsenal,Aston Villa,Away,test
3061,2024-08-24__Aston Villa__vs__Arsenal,2024-08-24,2025,Aston Villa,Arsenal,Home,test
3062,2024-08-24__Brighton And Hove Albion__vs__Manchester United,2024-08-24,2025,Brighton And Hove Albion,Manchester Utd,Home,test
3063,2024-08-24__Crystal Palace__vs__West Ham United,2024-08-24,2025,Crystal Palace,West Ham,Home,test
3064,2024-08-24__Tottenham Hotspur__vs__Everton,2024-08-24,2025,Everton,Tottenham,Away,test
3065,2024-08-24__Fulham__vs__Leicester City,2024-08-24,2025,Fulham,Leicester City,Home,test
3066,2024-08-24__Manchester City__vs__Ipswich Town,2024-08-24,2025,Ipswich Town,Manchester City,Away,test
3067,2024-08-24__Fulham__vs__Leicester City,2024-08-24,2025,Leicester City,Fulham,Away,test
3068,2024-08-24__Manchester City__vs__Ipswich Town,2024-08-24,2025,Manchester City,Ipswich Town,Home,test
3069,2024-08-24__Brighton And Hove Albion__vs__Manchester United,2024-08-24,2025,Manchester United,Brighton,Away,test
3070,2024-08-24__Southampton__vs__Nottingham Forest,2024-08-24,2025,Nottingham Forest,Southampton,Away,test
3071,2024-08-24__Southampton__vs__Nottingham Forest,2024-08-24,2025,Southampton,Nott'ham Forest,Home,test
3072,2024-08-24__Tottenham Hotspur__vs__Everton,2024-08-24,2025,Tottenham Hotspur,Everton,Home,test
3073,2024-08-24__Crystal Palace__vs__West Ham United,2024-08-24,2025,West Ham United,Crystal Palace,Away,test
3074,2024-08-25__Bournemouth__vs__Newcastle United,2024-08-25,2025,Bournemouth,Newcastle Utd,Home,test
3075,2024-08-25__Liverpool__vs__Brentford,2024-08-25,2025,Brentford,Liverpool,Away,test
3076,2024-08-25__Wolverhampton Wanderers__vs__Chelsea,2024-08-25,2025,Chelsea,Wolves,Away,test
3077,2024-08-25__Liverpool__vs__Brentford,2024-08-25,2025,Liverpool,Brentford,Home,test
3078,2024-08-25__Bournemouth__vs__Newcastle United,2024-08-25,2025,Newcastle United,Bournemouth,Away,test
3079,2024-08-25__Wolverhampton Wanderers__vs__Chelsea,2024-08-25,2025,Wolverhampton Wanderers,Chelsea,Home,test
3080,2024-08-31__Arsenal__vs__Brighton And Hove Albion,2024-08-31,2025,Arsenal,Brighton,Home,test
3081,2024-08-31__Leicester City__vs__Aston Villa,2024-08-31,2025,Aston Villa,Leicester City,Away,test
3082,2024-08-31__Everton__vs__Bournemouth,2024-08-31,2025,Bournemouth,Everton,Away,test
3083,2024-08-31__Brentford__vs__Southampton,2024-08-31,2025,Brentford,Southampton,Home,test
3084,2024-08-31__Arsenal__vs__Brighton And Hove Albion,2024-08-31,2025,Brighton And Hove Albion,Arsenal,Away,test
3085,2024-08-31__Everton__vs__Bournemouth,2024-08-31,2025,Everton,Bournemouth,Home,test
3086,2024-08-31__Ipswich Town__vs__Fulham,2024-08-31,2025,Fulham,Ipswich Town,Away,test
3087,2024-08-31__Ipswich Town__vs__Fulham,2024-08-31,2025,Ipswich Town,Fulham,Home,test
3088,2024-08-31__Leicester City__vs__Aston Villa,2024-08-31,2025,Leicester City,Aston Villa,Home,test
3089,2024-08-31__West Ham United__vs__Manchester City,2024-08-31,2025,Manchester City,West Ham,Away,test
3090,2024-08-31__Nottingham Forest__vs__Wolverhampton Wanderers,2024-08-31,2025,Nottingham Forest,Wolves,Home,test
3091,2024-08-31__Brentford__vs__Southampton,2024-08-31,2025,Southampton,Brentford,Away,test
3092,2024-08-31__West Ham United__vs__Manchester City,2024-08-31,2025,West Ham United,Manchester City,Home,test
3093,2024-08-31__Nottingham Forest__vs__Wolverhampton Wanderers,2024-08-31,2025,Wolverhampton Wanderers,Nott'ham Forest,Away,test
3094,2024-09-01__Chelsea__vs__Crystal Palace,2024-09-01,2025,Chelsea,Crystal Palace,Home,test
3095,2024-09-01__Chelsea__vs__Crystal Palace,2024-09-01,2025,Crystal Palace,Chelsea,Away,test
3096,2024-09-01__Manchester United__vs__Liverpool,2024-09-01,2025,Liverpool,Manchester Utd,Away,test
3097,2024-09-01__Manchester United__vs__Liverpool,2024-09-01,2025,Manchester United,Liverpool,Home,test
3098,2024-09-01__Newcastle United__vs__Tottenham Hotspur,2024-09-01,2025,Newcastle United,Tottenham,Home,test
3099,2024-09-01__Newcastle United__vs__Tottenham Hotspur,2024-09-01,2025,Tottenham Hotspur,Newcastle Utd,Away,test
3100,2024-09-14__Aston Villa__vs__Everton,2024-09-14,2025,Aston Villa,Everton,Home,test
3101,2024-09-14__Bournemouth__vs__Chelsea,2024-09-14,2025,Bournemouth,Chelsea,Home,test
3102,2024-09-14__Manchester City__vs__Brentford,2024-09-14,2025,Brentford,Manchester City,Away,test
3103,2024-09-14__Brighton And Hove Albion__vs__Ipswich Town,2024-09-14,2025,Brighton And Hove Albion,Ipswich Town,Home,test
3104,2024-09-14__Bournemouth__vs__Chelsea,2024-09-14,2025,Chelsea,Bournemouth,Away,test
3105,2024-09-14__Crystal Palace__vs__Leicester City,2024-09-14,2025,Crystal Palace,Leicester City,Home,test
3106,2024-09-14__Aston Villa__vs__Everton,2024-09-14,2025,Everton,Aston Villa,Away,test
3107,2024-09-14__Fulham__vs__West Ham United,2024-09-14,2025,Fulham,West Ham,Home,test
3108,2024-09-14__Brighton And Hove Albion__vs__Ipswich Town,2024-09-14,2025,Ipswich Town,Brighton,Away,test
3109,2024-09-14__Crystal Palace__vs__Leicester City,2024-09-14,2025,Leicester City,Crystal Palace,Away,test
3110,2024-09-14__Liverpool__vs__Nottingham Forest,2024-09-14,2025,Liverpool,Nott'ham Forest,Home,test
3111,2024-09-14__Manchester City__vs__Brentford,2024-09-14,2025,Manchester City,Brentford,Home,test
3112,2024-09-14__Southampton__vs__Manchester United,2024-09-14,2025,Manchester United,Southampton,Away,test
3113,2024-09-14__Liverpool__vs__Nottingham Forest,2024-09-14,2025,Nottingham Forest,Liverpool,Away,test
3114,2024-09-14__Southampton__vs__Manchester United,2024-09-14,2025,Southampton,Manchester Utd,Home,test
3115,2024-09-14__Fulham__vs__West Ham United,2024-09-14,2025,West Ham United,Fulham,Away,test
3116,2024-09-15__Tottenham Hotspur__vs__Arsenal,2024-09-15,2025,Arsenal,Tottenham,Away,test
3117,2024-09-15__Wolverhampton Wanderers__vs__Newcastle United,2024-09-15,2025,Newcastle United,Wolves,Away,test
3118,2024-09-15__Tottenham Hotspur__vs__Arsenal,2024-09-15,2025,Tottenham Hotspur,Arsenal,Home,test
3119,2024-09-15__Wolverhampton Wanderers__vs__Newcastle United,2024-09-15,2025,Wolverhampton Wanderers,Newcastle Utd,Home,test
3120,2024-09-21__Aston Villa__vs__Wolverhampton Wanderers,2024-09-21,2025,Aston Villa,Wolves,Home,test
3121,2024-09-21__Liverpool__vs__Bournemouth,2024-09-21,2025,Bournemouth,Liverpool,Away,test
3122,2024-09-21__Tottenham Hotspur__vs__Brentford,2024-09-21,2025,Brentford,Tottenham,Away,test
3123,2024-09-21__West Ham United__vs__Chelsea,2024-09-21,2025,Chelsea,West Ham,Away,test
3124,2024-09-21__Crystal Palace__vs__Manchester United,2024-09-21,2025,Crystal Palace,Manchester Utd,Home,test
3125,2024-09-21__Leicester City__vs__Everton,2024-09-21,2025,Everton,Leicester City,Away,test
3126,2024-09-21__Fulham__vs__Newcastle United,2024-09-21,2025,Fulham,Newcastle Utd,Home,test
3127,2024-09-21__Southampton__vs__Ipswich Town,2024-09-21,2025,Ipswich Town,Southampton,Away,test
3128,2024-09-21__Leicester City__vs__Everton,2024-09-21,2025,Leicester City,Everton,Home,test
3129,2024-09-21__Liverpool__vs__Bournemouth,2024-09-21,2025,Liverpool,Bournemouth,Home,test
3130,2024-09-21__Crystal Palace__vs__Manchester United,2024-09-21,2025,Manchester United,Crystal Palace,Away,test
3131,2024-09-21__Fulham__vs__Newcastle United,2024-09-21,2025,Newcastle United,Fulham,Away,test
3132,2024-09-21__Southampton__vs__Ipswich Town,2024-09-21,2025,Southampton,Ipswich Town,Home,test
3133,2024-09-21__Tottenham Hotspur__vs__Brentford,2024-09-21,2025,Tottenham Hotspur,Brentford,Home,test
3134,2024-09-21__West Ham United__vs__Chelsea,2024-09-21,2025,West Ham United,Chelsea,Home,test
3135,2024-09-21__Aston Villa__vs__Wolverhampton Wanderers,2024-09-21,2025,Wolverhampton Wanderers,Aston Villa,Away,test
3136,2024-09-22__Manchester City__vs__Arsenal,2024-09-22,2025,Arsenal,Manchester City,Away,test
3137,2024-09-22__Brighton And Hove Albion__vs__Nottingham Forest,2024-09-22,2025,Brighton And Hove Albion,Nott'ham Forest,Home,test
3138,2024-09-22__Manchester City__vs__Arsenal,2024-09-22,2025,Manchester City,Arsenal,Home,test
3139,2024-09-22__Brighton And Hove Albion__vs__Nottingham Forest,2024-09-22,2025,Nottingham Forest,Brighton,Away,test
3140,2024-09-28__Arsenal__vs__Leicester City,2024-09-28,2025,Arsenal,Leicester City,Home,test
3141,2024-09-28__Brentford__vs__West Ham United,2024-09-28,2025,Brentford,West Ham,Home,test
3142,2024-09-28__Chelsea__vs__Brighton And Hove Albion,2024-09-28,2025,Brighton And Hove Albion,Chelsea,Away,test
3143,2024-09-28__Chelsea__vs__Brighton And Hove Albion,2024-09-28,2025,Chelsea,Brighton,Home,test
3144,2024-09-28__Everton__vs__Crystal Palace,2024-09-28,2025,Crystal Palace,Everton,Away,test
3145,2024-09-28__Everton__vs__Crystal Palace,2024-09-28,2025,Everton,Crystal Palace,Home,test
3146,2024-09-28__Nottingham Forest__vs__Fulham,2024-09-28,2025,Fulham,Nott'ham Forest,Away,test
3147,2024-09-28__Arsenal__vs__Leicester City,2024-09-28,2025,Leicester City,Arsenal,Away,test
3148,2024-09-28__Wolverhampton Wanderers__vs__Liverpool,2024-09-28,2025,Liverpool,Wolves,Away,test
3149,2024-09-28__Newcastle United__vs__Manchester City,2024-09-28,2025,Manchester City,Newcastle Utd,Away,test
3150,2024-09-28__Newcastle United__vs__Manchester City,2024-09-28,2025,Newcastle United,Manchester City,Home,test
3151,2024-09-28__Nottingham Forest__vs__Fulham,2024-09-28,2025,Nottingham Forest,Fulham,Home,test
3152,2024-09-28__Brentford__vs__West Ham United,2024-09-28,2025,West Ham United,Brentford,Away,test
3153,2024-09-28__Wolverhampton Wanderers__vs__Liverpool,2024-09-28,2025,Wolverhampton Wanderers,Liverpool,Home,test
3154,2024-09-29__Ipswich Town__vs__Aston Villa,2024-09-29,2025,Aston Villa,Ipswich Town,Away,test
3155,2024-09-29__Ipswich Town__vs__Aston Villa,2024-09-29,2025,Ipswich Town,Aston Villa,Home,test
3156,2024-09-29__Manchester United__vs__Tottenham Hotspur,2024-09-29,2025,Manchester United,Tottenham,Home,test
3157,2024-09-29__Manchester United__vs__Tottenham Hotspur,2024-09-29,2025,Tottenham Hotspur,Manchester Utd,Away,test
3158,2024-09-30__Bournemouth__vs__Southampton,2024-09-30,2025,Bournemouth,Southampton,Home,test
3159,2024-09-30__Bournemouth__vs__Southampton,2024-09-30,2025,Southampton,Bournemouth,Away,test
3160,2024-10-05__Arsenal__vs__Southampton,2024-10-05,2025,Arsenal,Southampton,Home,test
3161,2024-10-05__Leicester City__vs__Bournemouth,2024-10-05,2025,Bournemouth,Leicester City,Away,test
3162,2024-10-05__Brentford__vs__Wolverhampton Wanderers,2024-10-05,2025,Brentford,Wolves,Home,test
3163,2024-10-05__Crystal Palace__vs__Liverpool,2024-10-05,2025,Crystal Palace,Liverpool,Home,test
3164,2024-10-05__Everton__vs__Newcastle United,2024-10-05,2025,Everton,Newcastle Utd,Home,test
3165,2024-10-05__Manchester City__vs__Fulham,2024-10-05,2025,Fulham,Manchester City,Away,test
3166,2024-10-05__West Ham United__vs__Ipswich Town,2024-10-05,2025,Ipswich Town,West Ham,Away,test
3167,2024-10-05__Leicester City__vs__Bournemouth,2024-10-05,2025,Leicester City,Bournemouth,Home,test
3168,2024-10-05__Crystal Palace__vs__Liverpool,2024-10-05,2025,Liverpool,Crystal Palace,Away,test
3169,2024-10-05__Manchester City__vs__Fulham,2024-10-05,2025,Manchester City,Fulham,Home,test
3170,2024-10-05__Everton__vs__Newcastle United,2024-10-05,2025,Newcastle United,Everton,Away,test
3171,2024-10-05__Arsenal__vs__Southampton,2024-10-05,2025,Southampton,Arsenal,Away,test
3172,2024-10-05__West Ham United__vs__Ipswich Town,2024-10-05,2025,West Ham United,Ipswich Town,Home,test
3173,2024-10-05__Brentford__vs__Wolverhampton Wanderers,2024-10-05,2025,Wolverhampton Wanderers,Brentford,Away,test
3174,2024-10-06__Aston Villa__vs__Manchester United,2024-10-06,2025,Aston Villa,Manchester Utd,Home,test
3175,2024-10-06__Brighton And Hove Albion__vs__Tottenham Hotspur,2024-10-06,2025,Brighton And Hove Albion,Tottenham,Home,test
3176,2024-10-06__Chelsea__vs__Nottingham Forest,2024-10-06,2025,Chelsea,Nott'ham Forest,Home,test
3177,2024-10-06__Aston Villa__vs__Manchester United,2024-10-06,2025,Manchester United,Aston Villa,Away,test
3178,2024-10-06__Chelsea__vs__Nottingham Forest,2024-10-06,2025,Nottingham Forest,Chelsea,Away,test
3179,2024-10-06__Brighton And Hove Albion__vs__Tottenham Hotspur,2024-10-06,2025,Tottenham Hotspur,Brighton,Away,test
3180,2024-10-19__Bournemouth__vs__Arsenal,2024-10-19,2025,Arsenal,Bournemouth,Away,test
3181,2024-10-19__Fulham__vs__Aston Villa,2024-10-19,2025,Aston Villa,Fulham,Away,test
3182,2024-10-19__Bournemouth__vs__Arsenal,2024-10-19,2025,Bournemouth,Arsenal,Home,test
3183,2024-10-19__Manchester United__vs__Brentford,2024-10-19,2025,Brentford,Manchester Utd,Away,test
3184,2024-10-19__Newcastle United__vs__Brighton And Hove Albion,2024-10-19,2025,Brighton And Hove Albion,Newcastle Utd,Away,test
3185,2024-10-19__Ipswich Town__vs__Everton,2024-10-19,2025,Everton,Ipswich Town,Away,test
3186,2024-10-19__Fulham__vs__Aston Villa,2024-10-19,2025,Fulham,Aston Villa,Home,test
3187,2024-10-19__Ipswich Town__vs__Everton,2024-10-19,2025,Ipswich Town,Everton,Home,test
3188,2024-10-19__Southampton__vs__Leicester City,2024-10-19,2025,Leicester City,Southampton,Away,test
3189,2024-10-19__Manchester United__vs__Brentford,2024-10-19,2025,Manchester United,Brentford,Home,test
3190,2024-10-19__Newcastle United__vs__Brighton And Hove Albion,2024-10-19,2025,Newcastle United,Brighton,Home,test
3191,2024-10-19__Southampton__vs__Leicester City,2024-10-19,2025,Southampton,Leicester City,Home,test
3192,2024-10-19__Tottenham Hotspur__vs__West Ham United,2024-10-19,2025,Tottenham Hotspur,West Ham,Home,test
3193,2024-10-19__Tottenham Hotspur__vs__West Ham United,2024-10-19,2025,West Ham United,Tottenham,Away,test
3194,2024-10-20__Liverpool__vs__Chelsea,2024-10-20,2025,Chelsea,Liverpool,Away,test
3195,2024-10-20__Liverpool__vs__Chelsea,2024-10-20,2025,Liverpool,Chelsea,Home,test
3196,2024-10-20__Wolverhampton Wanderers__vs__Manchester City,2024-10-20,2025,Manchester City,Wolves,Away,test
3197,2024-10-20__Wolverhampton Wanderers__vs__Manchester City,2024-10-20,2025,Wolverhampton Wanderers,Manchester City,Home,test
3198,2024-10-21__Nottingham Forest__vs__Crystal Palace,2024-10-21,2025,Crystal Palace,Nott'ham Forest,Away,test
3199,2024-10-21__Nottingham Forest__vs__Crystal Palace,2024-10-21,2025,Nottingham Forest,Crystal Palace,Home,test
3200,2024-10-25__Leicester City__vs__Nottingham Forest,2024-10-25,2025,Leicester City,Nott'ham Forest,Home,test
3201,2024-10-25__Leicester City__vs__Nottingham Forest,2024-10-25,2025,Nottingham Forest,Leicester City,Away,test
3202,2024-10-26__Aston Villa__vs__Bournemouth,2024-10-26,2025,Aston Villa,Bournemouth,Home,test
3203,2024-10-26__Aston Villa__vs__Bournemouth,2024-10-26,2025,Bournemouth,Aston Villa,Away,test
3204,2024-10-26__Brentford__vs__Ipswich Town,2024-10-26,2025,Brentford,Ipswich Town,Home,test
3205,2024-10-26__Brighton And Hove Albion__vs__Wolverhampton Wanderers,2024-10-26,2025,Brighton And Hove Albion,Wolves,Home,test
3206,2024-10-26__Everton__vs__Fulham,2024-10-26,2025,Everton,Fulham,Home,test
3207,2024-10-26__Everton__vs__Fulham,2024-10-26,2025,Fulham,Everton,Away,test
3208,2024-10-26__Brentford__vs__Ipswich Town,2024-10-26,2025,Ipswich Town,Brentford,Away,test
3209,2024-10-26__Manchester City__vs__Southampton,2024-10-26,2025,Manchester City,Southampton,Home,test
3210,2024-10-26__Manchester City__vs__Southampton,2024-10-26,2025,Southampton,Manchester City,Away,test
3211,2024-10-26__Brighton And Hove Albion__vs__Wolverhampton Wanderers,2024-10-26,2025,Wolverhampton Wanderers,Brighton,Away,test
3212,2024-10-27__Arsenal__vs__Liverpool,2024-10-27,2025,Arsenal,Liverpool,Home,test
3213,2024-10-27__Chelsea__vs__Newcastle United,2024-10-27,2025,Chelsea,Newcastle Utd,Home,test
3214,2024-10-27__Crystal Palace__vs__Tottenham Hotspur,2024-10-27,2025,Crystal Palace,Tottenham,Home,test
3215,2024-10-27__Arsenal__vs__Liverpool,2024-10-27,2025,Liverpool,Arsenal,Away,test
3216,2024-10-27__West Ham United__vs__Manchester United,2024-10-27,2025,Manchester United,West Ham,Away,test
3217,2024-10-27__Chelsea__vs__Newcastle United,2024-10-27,2025,Newcastle United,Chelsea,Away,test
3218,2024-10-27__Crystal Palace__vs__Tottenham Hotspur,2024-10-27,2025,Tottenham Hotspur,Crystal Palace,Away,test
3219,2024-10-27__West Ham United__vs__Manchester United,2024-10-27,2025,West Ham United,Manchester Utd,Home,test
3220,2024-11-02__Newcastle United__vs__Arsenal,2024-11-02,2025,Arsenal,Newcastle Utd,Away,test
3221,2024-11-02__Bournemouth__vs__Manchester City,2024-11-02,2025,Bournemouth,Manchester City,Home,test
3222,2024-11-02__Liverpool__vs__Brighton And Hove Albion,2024-11-02,2025,Brighton And Hove Albion,Liverpool,Away,test
3223,2024-11-02__Wolverhampton Wanderers__vs__Crystal Palace,2024-11-02,2025,Crystal Palace,Wolves,Away,test
3224,2024-11-02__Southampton__vs__Everton,2024-11-02,2025,Everton,Southampton,Away,test
3225,2024-11-02__Ipswich Town__vs__Leicester City,2024-11-02,2025,Ipswich Town,Leicester City,Home,test
3226,2024-11-02__Ipswich Town__vs__Leicester City,2024-11-02,2025,Leicester City,Ipswich Town,Away,test
3227,2024-11-02__Liverpool__vs__Brighton And Hove Albion,2024-11-02,2025,Liverpool,Brighton,Home,test
3228,2024-11-02__Bournemouth__vs__Manchester City,2024-11-02,2025,Manchester City,Bournemouth,Away,test
3229,2024-11-02__Newcastle United__vs__Arsenal,2024-11-02,2025,Newcastle United,Arsenal,Home,test
3230,2024-11-02__Nottingham Forest__vs__West Ham United,2024-11-02,2025,Nottingham Forest,West Ham,Home,test
3231,2024-11-02__Southampton__vs__Everton,2024-11-02,2025,Southampton,Everton,Home,test
3232,2024-11-02__Nottingham Forest__vs__West Ham United,2024-11-02,2025,West Ham United,Nott'ham Forest,Away,test
3233,2024-11-02__Wolverhampton Wanderers__vs__Crystal Palace,2024-11-02,2025,Wolverhampton Wanderers,Crystal Palace,Home,test
3234,2024-11-03__Tottenham Hotspur__vs__Aston Villa,2024-11-03,2025,Aston Villa,Tottenham,Away,test
3235,2024-11-03__Manchester United__vs__Chelsea,2024-11-03,2025,Chelsea,Manchester Utd,Away,test
3236,2024-11-03__Manchester United__vs__Chelsea,2024-11-03,2025,Manchester United,Chelsea,Home,test
3237,2024-11-03__Tottenham Hotspur__vs__Aston Villa,2024-11-03,2025,Tottenham Hotspur,Aston Villa,Home,test
3238,2024-11-04__Fulham__vs__Brentford,2024-11-04,2025,Brentford,Fulham,Away,test
3239,2024-11-04__Fulham__vs__Brentford,2024-11-04,2025,Fulham,Brentford,Home,test
3240,2024-11-09__Liverpool__vs__Aston Villa,2024-11-09,2025,Aston Villa,Liverpool,Away,test
3241,2024-11-09__Brentford__vs__Bournemouth,2024-11-09,2025,Bournemouth,Brentford,Away,test
3242,2024-11-09__Brentford__vs__Bournemouth,2024-11-09,2025,Brentford,Bournemouth,Home,test
3243,2024-11-09__Brighton And Hove Albion__vs__Manchester City,2024-11-09,2025,Brighton And Hove Albion,Manchester City,Home,test
3244,2024-11-09__Crystal Palace__vs__Fulham,2024-11-09,2025,Crystal Palace,Fulham,Home,test
3245,2024-11-09__West Ham United__vs__Everton,2024-11-09,2025,Everton,West Ham,Away,test
3246,2024-11-09__Crystal Palace__vs__Fulham,2024-11-09,2025,Fulham,Crystal Palace,Away,test
3247,2024-11-09__Liverpool__vs__Aston Villa,2024-11-09,2025,Liverpool,Aston Villa,Home,test
3248,2024-11-09__Brighton And Hove Albion__vs__Manchester City,2024-11-09,2025,Manchester City,Brighton,Away,test
3249,2024-11-09__Wolverhampton Wanderers__vs__Southampton,2024-11-09,2025,Southampton,Wolves,Away,test
3250,2024-11-09__West Ham United__vs__Everton,2024-11-09,2025,West Ham United,Everton,Home,test
3251,2024-11-09__Wolverhampton Wanderers__vs__Southampton,2024-11-09,2025,Wolverhampton Wanderers,Southampton,Home,test
3252,2024-11-10__Chelsea__vs__Arsenal,2024-11-10,2025,Arsenal,Chelsea,Away,test
3253,2024-11-10__Chelsea__vs__Arsenal,2024-11-10,2025,Chelsea,Arsenal,Home,test
3254,2024-11-10__Tottenham Hotspur__vs__Ipswich Town,2024-11-10,2025,Ipswich Town,Tottenham,Away,test
3255,2024-11-10__Manchester United__vs__Leicester City,2024-11-10,2025,Leicester City,Manchester Utd,Away,test
3256,2024-11-10__Manchester United__vs__Leicester City,2024-11-10,2025,Manchester United,Leicester City,Home,test
3257,2024-11-10__Nottingham Forest__vs__Newcastle United,2024-11-10,2025,Newcastle United,Nott'ham Forest,Away,test
3258,2024-11-10__Nottingham Forest__vs__Newcastle United,2024-11-10,2025,Nottingham Forest,Newcastle Utd,Home,test
3259,2024-11-10__Tottenham Hotspur__vs__Ipswich Town,2024-11-10,2025,Tottenham Hotspur,Ipswich Town,Home,test
3260,2024-11-23__Arsenal__vs__Nottingham Forest,2024-11-23,2025,Arsenal,Nott'ham Forest,Home,test
3261,2024-11-23__Aston Villa__vs__Crystal Palace,2024-11-23,2025,Aston Villa,Crystal Palace,Home,test
3262,2024-11-23__Bournemouth__vs__Brighton And Hove Albion,2024-11-23,2025,Bournemouth,Brighton,Home,test
3263,2024-11-23__Everton__vs__Brentford,2024-11-23,2025,Brentford,Everton,Away,test
3264,2024-11-23__Bournemouth__vs__Brighton And Hove Albion,2024-11-23,2025,Brighton And Hove Albion,Bournemouth,Away,test
3265,2024-11-23__Leicester City__vs__Chelsea,2024-11-23,2025,Chelsea,Leicester City,Away,test
3266,2024-11-23__Aston Villa__vs__Crystal Palace,2024-11-23,2025,Crystal Palace,Aston Villa,Away,test
3267,2024-11-23__Everton__vs__Brentford,2024-11-23,2025,Everton,Brentford,Home,test
3268,2024-11-23__Fulham__vs__Wolverhampton Wanderers,2024-11-23,2025,Fulham,Wolves,Home,test
3269,2024-11-23__Leicester City__vs__Chelsea,2024-11-23,2025,Leicester City,Chelsea,Home,test
3270,2024-11-23__Manchester City__vs__Tottenham Hotspur,2024-11-23,2025,Manchester City,Tottenham,Home,test
3271,2024-11-23__Arsenal__vs__Nottingham Forest,2024-11-23,2025,Nottingham Forest,Arsenal,Away,test
3272,2024-11-23__Manchester City__vs__Tottenham Hotspur,2024-11-23,2025,Tottenham Hotspur,Manchester City,Away,test
3273,2024-11-23__Fulham__vs__Wolverhampton Wanderers,2024-11-23,2025,Wolverhampton Wanderers,Fulham,Away,test
3274,2024-11-24__Ipswich Town__vs__Manchester United,2024-11-24,2025,Ipswich Town,Manchester Utd,Home,test
3275,2024-11-24__Southampton__vs__Liverpool,2024-11-24,2025,Liverpool,Southampton,Away,test
3276,2024-11-24__Ipswich Town__vs__Manchester United,2024-11-24,2025,Manchester United,Ipswich Town,Away,test
3277,2024-11-24__Southampton__vs__Liverpool,2024-11-24,2025,Southampton,Liverpool,Home,test
3278,2024-11-25__Newcastle United__vs__West Ham United,2024-11-25,2025,Newcastle United,West Ham,Home,test
3279,2024-11-25__Newcastle United__vs__West Ham United,2024-11-25,2025,West Ham United,Newcastle Utd,Away,test
3280,2024-11-29__Brighton And Hove Albion__vs__Southampton,2024-11-29,2025,Brighton And Hove Albion,Southampton,Home,test
3281,2024-11-29__Brighton And Hove Albion__vs__Southampton,2024-11-29,2025,Southampton,Brighton,Away,test
3282,2024-11-30__West Ham United__vs__Arsenal,2024-11-30,2025,Arsenal,West Ham,Away,test
3283,2024-11-30__Wolverhampton Wanderers__vs__Bournemouth,2024-11-30,2025,Bournemouth,Wolves,Away,test
3284,2024-11-30__Brentford__vs__Leicester City,2024-11-30,2025,Brentford,Leicester City,Home,test
3285,2024-11-30__Crystal Palace__vs__Newcastle United,2024-11-30,2025,Crystal Palace,Newcastle Utd,Home,test
3286,2024-11-30__Nottingham Forest__vs__Ipswich Town,2024-11-30,2025,Ipswich Town,Nott'ham Forest,Away,test
3287,2024-11-30__Brentford__vs__Leicester City,2024-11-30,2025,Leicester City,Brentford,Away,test
3288,2024-11-30__Crystal Palace__vs__Newcastle United,2024-11-30,2025,Newcastle United,Crystal Palace,Away,test
3289,2024-11-30__Nottingham Forest__vs__Ipswich Town,2024-11-30,2025,Nottingham Forest,Ipswich Town,Home,test
3290,2024-11-30__West Ham United__vs__Arsenal,2024-11-30,2025,West Ham United,Arsenal,Home,test
3291,2024-11-30__Wolverhampton Wanderers__vs__Bournemouth,2024-11-30,2025,Wolverhampton Wanderers,Bournemouth,Home,test
3292,2024-12-01__Chelsea__vs__Aston Villa,2024-12-01,2025,Aston Villa,Chelsea,Away,test
3293,2024-12-01__Chelsea__vs__Aston Villa,2024-12-01,2025,Chelsea,Aston Villa,Home,test
3294,2024-12-01__Manchester United__vs__Everton,2024-12-01,2025,Everton,Manchester Utd,Away,test
3295,2024-12-01__Tottenham Hotspur__vs__Fulham,2024-12-01,2025,Fulham,Tottenham,Away,test
3296,2024-12-01__Liverpool__vs__Manchester City,2024-12-01,2025,Liverpool,Manchester City,Home,test
3297,2024-12-01__Liverpool__vs__Manchester City,2024-12-01,2025,Manchester City,Liverpool,Away,test
3298,2024-12-01__Manchester United__vs__Everton,2024-12-01,2025,Manchester United,Everton,Home,test
3299,2024-12-01__Tottenham Hotspur__vs__Fulham,2024-12-01,2025,Tottenham Hotspur,Fulham,Home,test
3300,2024-12-03__Ipswich Town__vs__Crystal Palace,2024-12-03,2025,Crystal Palace,Ipswich Town,Away,test
3301,2024-12-03__Ipswich Town__vs__Crystal Palace,2024-12-03,2025,Ipswich Town,Crystal Palace,Home,test
3302,2024-12-03__Leicester City__vs__West Ham United,2024-12-03,2025,Leicester City,West Ham,Home,test
3303,2024-12-03__Leicester City__vs__West Ham United,2024-12-03,2025,West Ham United,Leicester City,Away,test
3304,2024-12-04__Arsenal__vs__Manchester United,2024-12-04,2025,Arsenal,Manchester Utd,Home,test
3305,2024-12-04__Aston Villa__vs__Brentford,2024-12-04,2025,Aston Villa,Brentford,Home,test
3306,2024-12-04__Aston Villa__vs__Brentford,2024-12-04,2025,Brentford,Aston Villa,Away,test
3307,2024-12-04__Southampton__vs__Chelsea,2024-12-04,2025,Chelsea,Southampton,Away,test
3308,2024-12-04__Everton__vs__Wolverhampton Wanderers,2024-12-04,2025,Everton,Wolves,Home,test
3309,2024-12-04__Newcastle United__vs__Liverpool,2024-12-04,2025,Liverpool,Newcastle Utd,Away,test
3310,2024-12-04__Manchester City__vs__Nottingham Forest,2024-12-04,2025,Manchester City,Nott'ham Forest,Home,test
3311,2024-12-04__Arsenal__vs__Manchester United,2024-12-04,2025,Manchester United,Arsenal,Away,test
3312,2024-12-04__Newcastle United__vs__Liverpool,2024-12-04,2025,Newcastle United,Liverpool,Home,test
3313,2024-12-04__Manchester City__vs__Nottingham Forest,2024-12-04,2025,Nottingham Forest,Manchester City,Away,test
3314,2024-12-04__Southampton__vs__Chelsea,2024-12-04,2025,Southampton,Chelsea,Home,test
3315,2024-12-04__Everton__vs__Wolverhampton Wanderers,2024-12-04,2025,Wolverhampton Wanderers,Everton,Away,test
3316,2024-12-05__Bournemouth__vs__Tottenham Hotspur,2024-12-05,2025,Bournemouth,Tottenham,Home,test
3317,2024-12-05__Fulham__vs__Brighton And Hove Albion,2024-12-05,2025,Brighton And Hove Albion,Fulham,Away,test
3318,2024-12-05__Fulham__vs__Brighton And Hove Albion,2024-12-05,2025,Fulham,Brighton,Home,test
3319,2024-12-05__Bournemouth__vs__Tottenham Hotspur,2024-12-05,2025,Tottenham Hotspur,Bournemouth,Away,test
3320,2024-12-07__Aston Villa__vs__Southampton,2024-12-07,2025,Aston Villa,Southampton,Home,test
3321,2024-12-07__Brentford__vs__Newcastle United,2024-12-07,2025,Brentford,Newcastle Utd,Home,test
3322,2024-12-07__Crystal Palace__vs__Manchester City,2024-12-07,2025,Crystal Palace,Manchester City,Home,test
3323,2024-12-07__Crystal Palace__vs__Manchester City,2024-12-07,2025,Manchester City,Crystal Palace,Away,test
3324,2024-12-07__Manchester United__vs__Nottingham Forest,2024-12-07,2025,Manchester United,Nott'ham Forest,Home,test
3325,2024-12-07__Brentford__vs__Newcastle United,2024-12-07,2025,Newcastle United,Brentford,Away,test
3326,2024-12-07__Manchester United__vs__Nottingham Forest,2024-12-07,2025,Nottingham Forest,Manchester Utd,Away,test
3327,2024-12-07__Aston Villa__vs__Southampton,2024-12-07,2025,Southampton,Aston Villa,Away,test
3328,2024-12-08__Fulham__vs__Arsenal,2024-12-08,2025,Arsenal,Fulham,Away,test
3329,2024-12-08__Ipswich Town__vs__Bournemouth,2024-12-08,2025,Bournemouth,Ipswich Town,Away,test
3330,2024-12-08__Leicester City__vs__Brighton And Hove Albion,2024-12-08,2025,Brighton And Hove Albion,Leicester City,Away,test
3331,2024-12-08__Tottenham Hotspur__vs__Chelsea,2024-12-08,2025,Chelsea,Tottenham,Away,test
3332,2024-12-08__Fulham__vs__Arsenal,2024-12-08,2025,Fulham,Arsenal,Home,test
3333,2024-12-08__Ipswich Town__vs__Bournemouth,2024-12-08,2025,Ipswich Town,Bournemouth,Home,test
3334,2024-12-08__Leicester City__vs__Brighton And Hove Albion,2024-12-08,2025,Leicester City,Brighton,Home,test
3335,2024-12-08__Tottenham Hotspur__vs__Chelsea,2024-12-08,2025,Tottenham Hotspur,Chelsea,Home,test
3336,2024-12-09__West Ham United__vs__Wolverhampton Wanderers,2024-12-09,2025,West Ham United,Wolves,Home,test
3337,2024-12-09__West Ham United__vs__Wolverhampton Wanderers,2024-12-09,2025,Wolverhampton Wanderers,West Ham,Away,test
3338,2024-12-14__Arsenal__vs__Everton,2024-12-14,2025,Arsenal,Everton,Home,test
3339,2024-12-14__Nottingham Forest__vs__Aston Villa,2024-12-14,2025,Aston Villa,Nott'ham Forest,Away,test
3340,2024-12-14__Arsenal__vs__Everton,2024-12-14,2025,Everton,Arsenal,Away,test
3341,2024-12-14__Liverpool__vs__Fulham,2024-12-14,2025,Fulham,Liverpool,Away,test
3342,2024-12-14__Wolverhampton Wanderers__vs__Ipswich Town,2024-12-14,2025,Ipswich Town,Wolves,Away,test
3343,2024-12-14__Newcastle United__vs__Leicester City,2024-12-14,2025,Leicester City,Newcastle Utd,Away,test
3344,2024-12-14__Liverpool__vs__Fulham,2024-12-14,2025,Liverpool,Fulham,Home,test
3345,2024-12-14__Newcastle United__vs__Leicester City,2024-12-14,2025,Newcastle United,Leicester City,Home,test
3346,2024-12-14__Nottingham Forest__vs__Aston Villa,2024-12-14,2025,Nottingham Forest,Aston Villa,Home,test
3347,2024-12-14__Wolverhampton Wanderers__vs__Ipswich Town,2024-12-14,2025,Wolverhampton Wanderers,Ipswich Town,Home,test
3348,2024-12-15__Chelsea__vs__Brentford,2024-12-15,2025,Brentford,Chelsea,Away,test
3349,2024-12-15__Brighton And Hove Albion__vs__Crystal Palace,2024-12-15,2025,Brighton And Hove Albion,Crystal Palace,Home,test
3350,2024-12-15__Chelsea__vs__Brentford,2024-12-15,2025,Chelsea,Brentford,Home,test
3351,2024-12-15__Brighton And Hove Albion__vs__Crystal Palace,2024-12-15,2025,Crystal Palace,Brighton,Away,test
3352,2024-12-15__Manchester City__vs__Manchester United,2024-12-15,2025,Manchester City,Manchester Utd,Home,test
3353,2024-12-15__Manchester City__vs__Manchester United,2024-12-15,2025,Manchester United,Manchester City,Away,test
3354,2024-12-15__Southampton__vs__Tottenham Hotspur,2024-12-15,2025,Southampton,Tottenham,Home,test
3355,2024-12-15__Southampton__vs__Tottenham Hotspur,2024-12-15,2025,Tottenham Hotspur,Southampton,Away,test
3356,2024-12-16__Bournemouth__vs__West Ham United,2024-12-16,2025,Bournemouth,West Ham,Home,test
3357,2024-12-16__Bournemouth__vs__West Ham United,2024-12-16,2025,West Ham United,Bournemouth,Away,test
3358,2024-12-21__Crystal Palace__vs__Arsenal,2024-12-21,2025,Arsenal,Crystal Palace,Away,test
3359,2024-12-21__Aston Villa__vs__Manchester City,2024-12-21,2025,Aston Villa,Manchester City,Home,test
3360,2024-12-21__Brentford__vs__Nottingham Forest,2024-12-21,2025,Brentford,Nott'ham Forest,Home,test
3361,2024-12-21__West Ham United__vs__Brighton And Hove Albion,2024-12-21,2025,Brighton And Hove Albion,West Ham,Away,test
3362,2024-12-21__Crystal Palace__vs__Arsenal,2024-12-21,2025,Crystal Palace,Arsenal,Home,test
3363,2024-12-21__Ipswich Town__vs__Newcastle United,2024-12-21,2025,Ipswich Town,Newcastle Utd,Home,test
3364,2024-12-21__Aston Villa__vs__Manchester City,2024-12-21,2025,Manchester City,Aston Villa,Away,test
3365,2024-12-21__Ipswich Town__vs__Newcastle United,2024-12-21,2025,Newcastle United,Ipswich Town,Away,test
3366,2024-12-21__Brentford__vs__Nottingham Forest,2024-12-21,2025,Nottingham Forest,Brentford,Away,test
3367,2024-12-21__West Ham United__vs__Brighton And Hove Albion,2024-12-21,2025,West Ham United,Brighton,Home,test
3368,2024-12-22__Manchester United__vs__Bournemouth,2024-12-22,2025,Bournemouth,Manchester Utd,Away,test
3369,2024-12-22__Everton__vs__Chelsea,2024-12-22,2025,Chelsea,Everton,Away,test
3370,2024-12-22__Everton__vs__Chelsea,2024-12-22,2025,Everton,Chelsea,Home,test
3371,2024-12-22__Fulham__vs__Southampton,2024-12-22,2025,Fulham,Southampton,Home,test
3372,2024-12-22__Leicester City__vs__Wolverhampton Wanderers,2024-12-22,2025,Leicester City,Wolves,Home,test
3373,2024-12-22__Tottenham Hotspur__vs__Liverpool,2024-12-22,2025,Liverpool,Tottenham,Away,test
3374,2024-12-22__Manchester United__vs__Bournemouth,2024-12-22,2025,Manchester United,Bournemouth,Home,test
3375,2024-12-22__Fulham__vs__Southampton,2024-12-22,2025,Southampton,Fulham,Away,test
3376,2024-12-22__Tottenham Hotspur__vs__Liverpool,2024-12-22,2025,Tottenham Hotspur,Liverpool,Home,test
3377,2024-12-22__Leicester City__vs__Wolverhampton Wanderers,2024-12-22,2025,Wolverhampton Wanderers,Leicester City,Away,test
3378,2024-12-26__Newcastle United__vs__Aston Villa,2024-12-26,2025,Aston Villa,Newcastle Utd,Away,test
3379,2024-12-26__Bournemouth__vs__Crystal Palace,2024-12-26,2025,Bournemouth,Crystal Palace,Home,test
3380,2024-12-26__Chelsea__vs__Fulham,2024-12-26,2025,Chelsea,Fulham,Home,test
3381,2024-12-26__Bournemouth__vs__Crystal Palace,2024-12-26,2025,Crystal Palace,Bournemouth,Away,test
3382,2024-12-26__Manchester City__vs__Everton,2024-12-26,2025,Everton,Manchester City,Away,test
3383,2024-12-26__Chelsea__vs__Fulham,2024-12-26,2025,Fulham,Chelsea,Away,test
3384,2024-12-26__Liverpool__vs__Leicester City,2024-12-26,2025,Leicester City,Liverpool,Away,test
3385,2024-12-26__Liverpool__vs__Leicester City,2024-12-26,2025,Liverpool,Leicester City,Home,test
3386,2024-12-26__Manchester City__vs__Everton,2024-12-26,2025,Manchester City,Everton,Home,test
3387,2024-12-26__Wolverhampton Wanderers__vs__Manchester United,2024-12-26,2025,Manchester United,Wolves,Away,test
3388,2024-12-26__Newcastle United__vs__Aston Villa,2024-12-26,2025,Newcastle United,Aston Villa,Home,test
3389,2024-12-26__Nottingham Forest__vs__Tottenham Hotspur,2024-12-26,2025,Nottingham Forest,Tottenham,Home,test
3390,2024-12-26__Southampton__vs__West Ham United,2024-12-26,2025,Southampton,West Ham,Home,test
3391,2024-12-26__Nottingham Forest__vs__Tottenham Hotspur,2024-12-26,2025,Tottenham Hotspur,Nott'ham Forest,Away,test
3392,2024-12-26__Southampton__vs__West Ham United,2024-12-26,2025,West Ham United,Southampton,Away,test
3393,2024-12-26__Wolverhampton Wanderers__vs__Manchester United,2024-12-26,2025,Wolverhampton Wanderers,Manchester Utd,Home,test
3394,2024-12-27__Arsenal__vs__Ipswich Town,2024-12-27,2025,Arsenal,Ipswich Town,Home,test
3395,2024-12-27__Brighton And Hove Albion__vs__Brentford,2024-12-27,2025,Brentford,Brighton,Away,test
3396,2024-12-27__Brighton And Hove Albion__vs__Brentford,2024-12-27,2025,Brighton And Hove Albion,Brentford,Home,test
3397,2024-12-27__Arsenal__vs__Ipswich Town,2024-12-27,2025,Ipswich Town,Arsenal,Away,test
3398,2024-12-29__Fulham__vs__Bournemouth,2024-12-29,2025,Bournemouth,Fulham,Away,test
3399,2024-12-29__Crystal Palace__vs__Southampton,2024-12-29,2025,Crystal Palace,Southampton,Home,test
3400,2024-12-29__Everton__vs__Nottingham Forest,2024-12-29,2025,Everton,Nott'ham Forest,Home,test
3401,2024-12-29__Fulham__vs__Bournemouth,2024-12-29,2025,Fulham,Bournemouth,Home,test
3402,2024-12-29__Leicester City__vs__Manchester City,2024-12-29,2025,Leicester City,Manchester City,Home,test
3403,2024-12-29__West Ham United__vs__Liverpool,2024-12-29,2025,Liverpool,West Ham,Away,test
3404,2024-12-29__Leicester City__vs__Manchester City,2024-12-29,2025,Manchester City,Leicester City,Away,test
3405,2024-12-29__Everton__vs__Nottingham Forest,2024-12-29,2025,Nottingham Forest,Everton,Away,test
3406,2024-12-29__Crystal Palace__vs__Southampton,2024-12-29,2025,Southampton,Crystal Palace,Away,test
3407,2024-12-29__Tottenham Hotspur__vs__Wolverhampton Wanderers,2024-12-29,2025,Tottenham Hotspur,Wolves,Home,test
3408,2024-12-29__West Ham United__vs__Liverpool,2024-12-29,2025,West Ham United,Liverpool,Home,test
3409,2024-12-29__Tottenham Hotspur__vs__Wolverhampton Wanderers,2024-12-29,2025,Wolverhampton Wanderers,Tottenham,Away,test
3410,2024-12-30__Aston Villa__vs__Brighton And Hove Albion,2024-12-30,2025,Aston Villa,Brighton,Home,test
3411,2024-12-30__Aston Villa__vs__Brighton And Hove Albion,2024-12-30,2025,Brighton And Hove Albion,Aston Villa,Away,test
3412,2024-12-30__Ipswich Town__vs__Chelsea,2024-12-30,2025,Chelsea,Ipswich Town,Away,test
3413,2024-12-30__Ipswich Town__vs__Chelsea,2024-12-30,2025,Ipswich Town,Chelsea,Home,test
3414,2024-12-30__Manchester United__vs__Newcastle United,2024-12-30,2025,Manchester United,Newcastle Utd,Home,test
3415,2024-12-30__Manchester United__vs__Newcastle United,2024-12-30,2025,Newcastle United,Manchester Utd,Away,test
3416,2025-01-01__Brentford__vs__Arsenal,2025-01-01,2025,Arsenal,Brentford,Away,test
3417,2025-01-01__Brentford__vs__Arsenal,2025-01-01,2025,Brentford,Arsenal,Home,test
3418,2025-01-04__Brighton And Hove Albion__vs__Arsenal,2025-01-04,2025,Arsenal,Brighton,Away,test
3419,2025-01-04__Aston Villa__vs__Leicester City,2025-01-04,2025,Aston Villa,Leicester City,Home,test
3420,2025-01-04__Bournemouth__vs__Everton,2025-01-04,2025,Bournemouth,Everton,Home,test
3421,2025-01-04__Southampton__vs__Brentford,2025-01-04,2025,Brentford,Southampton,Away,test
3422,2025-01-04__Brighton And Hove Albion__vs__Arsenal,2025-01-04,2025,Brighton And Hove Albion,Arsenal,Home,test
3423,2025-01-04__Crystal Palace__vs__Chelsea,2025-01-04,2025,Chelsea,Crystal Palace,Away,test
3424,2025-01-04__Crystal Palace__vs__Chelsea,2025-01-04,2025,Crystal Palace,Chelsea,Home,test
3425,2025-01-04__Bournemouth__vs__Everton,2025-01-04,2025,Everton,Bournemouth,Away,test
3426,2025-01-04__Aston Villa__vs__Leicester City,2025-01-04,2025,Leicester City,Aston Villa,Away,test
3427,2025-01-04__Manchester City__vs__West Ham United,2025-01-04,2025,Manchester City,West Ham,Home,test
3428,2025-01-04__Tottenham Hotspur__vs__Newcastle United,2025-01-04,2025,Newcastle United,Tottenham,Away,test
3429,2025-01-04__Southampton__vs__Brentford,2025-01-04,2025,Southampton,Brentford,Home,test
3430,2025-01-04__Tottenham Hotspur__vs__Newcastle United,2025-01-04,2025,Tottenham Hotspur,Newcastle Utd,Home,test
3431,2025-01-04__Manchester City__vs__West Ham United,2025-01-04,2025,West Ham United,Manchester City,Away,test
3432,2025-01-05__Fulham__vs__Ipswich Town,2025-01-05,2025,Fulham,Ipswich Town,Home,test
3433,2025-01-05__Fulham__vs__Ipswich Town,2025-01-05,2025,Ipswich Town,Fulham,Away,test
3434,2025-01-05__Liverpool__vs__Manchester United,2025-01-05,2025,Liverpool,Manchester Utd,Home,test
3435,2025-01-05__Liverpool__vs__Manchester United,2025-01-05,2025,Manchester United,Liverpool,Away,test
3436,2025-01-06__Wolverhampton Wanderers__vs__Nottingham Forest,2025-01-06,2025,Nottingham Forest,Wolves,Away,test
3437,2025-01-06__Wolverhampton Wanderers__vs__Nottingham Forest,2025-01-06,2025,Wolverhampton Wanderers,Nott'ham Forest,Home,test
3438,2025-01-14__Chelsea__vs__Bournemouth,2025-01-14,2025,Bournemouth,Chelsea,Away,test
3439,2025-01-14__Brentford__vs__Manchester City,2025-01-14,2025,Brentford,Manchester City,Home,test
3440,2025-01-14__Chelsea__vs__Bournemouth,2025-01-14,2025,Chelsea,Bournemouth,Home,test
3441,2025-01-14__West Ham United__vs__Fulham,2025-01-14,2025,Fulham,West Ham,Away,test
3442,2025-01-14__Nottingham Forest__vs__Liverpool,2025-01-14,2025,Liverpool,Nott'ham Forest,Away,test
3443,2025-01-14__Brentford__vs__Manchester City,2025-01-14,2025,Manchester City,Brentford,Away,test
3444,2025-01-14__Nottingham Forest__vs__Liverpool,2025-01-14,2025,Nottingham Forest,Liverpool,Home,test
3445,2025-01-14__West Ham United__vs__Fulham,2025-01-14,2025,West Ham United,Fulham,Home,test
3446,2025-01-15__Arsenal__vs__Tottenham Hotspur,2025-01-15,2025,Arsenal,Tottenham,Home,test
3447,2025-01-15__Everton__vs__Aston Villa,2025-01-15,2025,Aston Villa,Everton,Away,test
3448,2025-01-15__Leicester City__vs__Crystal Palace,2025-01-15,2025,Crystal Palace,Leicester City,Away,test
3449,2025-01-15__Everton__vs__Aston Villa,2025-01-15,2025,Everton,Aston Villa,Home,test
3450,2025-01-15__Leicester City__vs__Crystal Palace,2025-01-15,2025,Leicester City,Crystal Palace,Home,test
3451,2025-01-15__Newcastle United__vs__Wolverhampton Wanderers,2025-01-15,2025,Newcastle United,Wolves,Home,test
3452,2025-01-15__Arsenal__vs__Tottenham Hotspur,2025-01-15,2025,Tottenham Hotspur,Arsenal,Away,test
3453,2025-01-15__Newcastle United__vs__Wolverhampton Wanderers,2025-01-15,2025,Wolverhampton Wanderers,Newcastle Utd,Away,test
3454,2025-01-16__Ipswich Town__vs__Brighton And Hove Albion,2025-01-16,2025,Brighton And Hove Albion,Ipswich Town,Away,test
3455,2025-01-16__Ipswich Town__vs__Brighton And Hove Albion,2025-01-16,2025,Ipswich Town,Brighton,Home,test
3456,2025-01-16__Manchester United__vs__Southampton,2025-01-16,2025,Manchester United,Southampton,Home,test
3457,2025-01-16__Manchester United__vs__Southampton,2025-01-16,2025,Southampton,Manchester Utd,Away,test
3458,2025-01-18__Arsenal__vs__Aston Villa,2025-01-18,2025,Arsenal,Aston Villa,Home,test
3459,2025-01-18__Arsenal__vs__Aston Villa,2025-01-18,2025,Aston Villa,Arsenal,Away,test
3460,2025-01-18__Newcastle United__vs__Bournemouth,2025-01-18,2025,Bournemouth,Newcastle Utd,Away,test
3461,2025-01-18__Brentford__vs__Liverpool,2025-01-18,2025,Brentford,Liverpool,Home,test
3462,2025-01-18__West Ham United__vs__Crystal Palace,2025-01-18,2025,Crystal Palace,West Ham,Away,test
3463,2025-01-18__Leicester City__vs__Fulham,2025-01-18,2025,Fulham,Leicester City,Away,test
3464,2025-01-18__Leicester City__vs__Fulham,2025-01-18,2025,Leicester City,Fulham,Home,test
3465,2025-01-18__Brentford__vs__Liverpool,2025-01-18,2025,Liverpool,Brentford,Away,test
3466,2025-01-18__Newcastle United__vs__Bournemouth,2025-01-18,2025,Newcastle United,Bournemouth,Home,test
3467,2025-01-18__West Ham United__vs__Crystal Palace,2025-01-18,2025,West Ham United,Crystal Palace,Home,test
3468,2025-01-19__Manchester United__vs__Brighton And Hove Albion,2025-01-19,2025,Brighton And Hove Albion,Manchester Utd,Away,test
3469,2025-01-19__Everton__vs__Tottenham Hotspur,2025-01-19,2025,Everton,Tottenham,Home,test
3470,2025-01-19__Ipswich Town__vs__Manchester City,2025-01-19,2025,Ipswich Town,Manchester City,Home,test
3471,2025-01-19__Ipswich Town__vs__Manchester City,2025-01-19,2025,Manchester City,Ipswich Town,Away,test
3472,2025-01-19__Manchester United__vs__Brighton And Hove Albion,2025-01-19,2025,Manchester United,Brighton,Home,test
3473,2025-01-19__Nottingham Forest__vs__Southampton,2025-01-19,2025,Nottingham Forest,Southampton,Home,test
3474,2025-01-19__Nottingham Forest__vs__Southampton,2025-01-19,2025,Southampton,Nott'ham Forest,Away,test
3475,2025-01-19__Everton__vs__Tottenham Hotspur,2025-01-19,2025,Tottenham Hotspur,Everton,Away,test
3476,2025-01-20__Chelsea__vs__Wolverhampton Wanderers,2025-01-20,2025,Chelsea,Wolves,Home,test
3477,2025-01-20__Chelsea__vs__Wolverhampton Wanderers,2025-01-20,2025,Wolverhampton Wanderers,Chelsea,Away,test
3478,2025-01-25__Wolverhampton Wanderers__vs__Arsenal,2025-01-25,2025,Arsenal,Wolves,Away,test
3479,2025-01-25__Bournemouth__vs__Nottingham Forest,2025-01-25,2025,Bournemouth,Nott'ham Forest,Home,test
3480,2025-01-25__Brighton And Hove Albion__vs__Everton,2025-01-25,2025,Brighton And Hove Albion,Everton,Home,test
3481,2025-01-25__Manchester City__vs__Chelsea,2025-01-25,2025,Chelsea,Manchester City,Away,test
3482,2025-01-25__Brighton And Hove Albion__vs__Everton,2025-01-25,2025,Everton,Brighton,Away,test
3483,2025-01-25__Liverpool__vs__Ipswich Town,2025-01-25,2025,Ipswich Town,Liverpool,Away,test
3484,2025-01-25__Liverpool__vs__Ipswich Town,2025-01-25,2025,Liverpool,Ipswich Town,Home,test
3485,2025-01-25__Manchester City__vs__Chelsea,2025-01-25,2025,Manchester City,Chelsea,Home,test
3486,2025-01-25__Southampton__vs__Newcastle United,2025-01-25,2025,Newcastle United,Southampton,Away,test
3487,2025-01-25__Bournemouth__vs__Nottingham Forest,2025-01-25,2025,Nottingham Forest,Bournemouth,Away,test
3488,2025-01-25__Southampton__vs__Newcastle United,2025-01-25,2025,Southampton,Newcastle Utd,Home,test
3489,2025-01-25__Wolverhampton Wanderers__vs__Arsenal,2025-01-25,2025,Wolverhampton Wanderers,Arsenal,Home,test
3490,2025-01-26__Aston Villa__vs__West Ham United,2025-01-26,2025,Aston Villa,West Ham,Home,test
3491,2025-01-26__Crystal Palace__vs__Brentford,2025-01-26,2025,Brentford,Crystal Palace,Away,test
3492,2025-01-26__Crystal Palace__vs__Brentford,2025-01-26,2025,Crystal Palace,Brentford,Home,test
3493,2025-01-26__Fulham__vs__Manchester United,2025-01-26,2025,Fulham,Manchester Utd,Home,test
3494,2025-01-26__Tottenham Hotspur__vs__Leicester City,2025-01-26,2025,Leicester City,Tottenham,Away,test
3495,2025-01-26__Fulham__vs__Manchester United,2025-01-26,2025,Manchester United,Fulham,Away,test
3496,2025-01-26__Tottenham Hotspur__vs__Leicester City,2025-01-26,2025,Tottenham Hotspur,Leicester City,Home,test
3497,2025-01-26__Aston Villa__vs__West Ham United,2025-01-26,2025,West Ham United,Aston Villa,Away,test
3498,2025-02-01__Wolverhampton Wanderers__vs__Aston Villa,2025-02-01,2025,Aston Villa,Wolves,Away,test
3499,2025-02-01__Bournemouth__vs__Liverpool,2025-02-01,2025,Bournemouth,Liverpool,Home,test
3500,2025-02-01__Nottingham Forest__vs__Brighton And Hove Albion,2025-02-01,2025,Brighton And Hove Albion,Nott'ham Forest,Away,test
3501,2025-02-01__Everton__vs__Leicester City,2025-02-01,2025,Everton,Leicester City,Home,test
3502,2025-02-01__Newcastle United__vs__Fulham,2025-02-01,2025,Fulham,Newcastle Utd,Away,test
3503,2025-02-01__Ipswich Town__vs__Southampton,2025-02-01,2025,Ipswich Town,Southampton,Home,test
3504,2025-02-01__Everton__vs__Leicester City,2025-02-01,2025,Leicester City,Everton,Away,test
3505,2025-02-01__Bournemouth__vs__Liverpool,2025-02-01,2025,Liverpool,Bournemouth,Away,test
3506,2025-02-01__Newcastle United__vs__Fulham,2025-02-01,2025,Newcastle United,Fulham,Home,test
3507,2025-02-01__Nottingham Forest__vs__Brighton And Hove Albion,2025-02-01,2025,Nottingham Forest,Brighton,Home,test
3508,2025-02-01__Ipswich Town__vs__Southampton,2025-02-01,2025,Southampton,Ipswich Town,Away,test
3509,2025-02-01__Wolverhampton Wanderers__vs__Aston Villa,2025-02-01,2025,Wolverhampton Wanderers,Aston Villa,Home,test
3510,2025-02-02__Arsenal__vs__Manchester City,2025-02-02,2025,Arsenal,Manchester City,Home,test
3511,2025-02-02__Brentford__vs__Tottenham Hotspur,2025-02-02,2025,Brentford,Tottenham,Home,test
3512,2025-02-02__Manchester United__vs__Crystal Palace,2025-02-02,2025,Crystal Palace,Manchester Utd,Away,test
3513,2025-02-02__Arsenal__vs__Manchester City,2025-02-02,2025,Manchester City,Arsenal,Away,test
3514,2025-02-02__Manchester United__vs__Crystal Palace,2025-02-02,2025,Manchester United,Crystal Palace,Home,test
3515,2025-02-02__Brentford__vs__Tottenham Hotspur,2025-02-02,2025,Tottenham Hotspur,Brentford,Away,test
3516,2025-02-03__Chelsea__vs__West Ham United,2025-02-03,2025,Chelsea,West Ham,Home,test
3517,2025-02-03__Chelsea__vs__West Ham United,2025-02-03,2025,West Ham United,Chelsea,Away,test
3518,2025-02-12__Everton__vs__Liverpool,2025-02-12,2025,Everton,Liverpool,Home,test
3519,2025-02-12__Everton__vs__Liverpool,2025-02-12,2025,Liverpool,Everton,Away,test
3520,2025-02-14__Brighton And Hove Albion__vs__Chelsea,2025-02-14,2025,Brighton And Hove Albion,Chelsea,Home,test
3521,2025-02-14__Brighton And Hove Albion__vs__Chelsea,2025-02-14,2025,Chelsea,Brighton,Away,test
3522,2025-02-15__Leicester City__vs__Arsenal,2025-02-15,2025,Arsenal,Leicester City,Away,test
3523,2025-02-15__Aston Villa__vs__Ipswich Town,2025-02-15,2025,Aston Villa,Ipswich Town,Home,test
3524,2025-02-15__Southampton__vs__Bournemouth,2025-02-15,2025,Bournemouth,Southampton,Away,test
3525,2025-02-15__West Ham United__vs__Brentford,2025-02-15,2025,Brentford,West Ham,Away,test
3526,2025-02-15__Crystal Palace__vs__Everton,2025-02-15,2025,Crystal Palace,Everton,Home,test
3527,2025-02-15__Crystal Palace__vs__Everton,2025-02-15,2025,Everton,Crystal Palace,Away,test
3528,2025-02-15__Fulham__vs__Nottingham Forest,2025-02-15,2025,Fulham,Nott'ham Forest,Home,test
3529,2025-02-15__Aston Villa__vs__Ipswich Town,2025-02-15,2025,Ipswich Town,Aston Villa,Away,test
3530,2025-02-15__Leicester City__vs__Arsenal,2025-02-15,2025,Leicester City,Arsenal,Home,test
3531,2025-02-15__Manchester City__vs__Newcastle United,2025-02-15,2025,Manchester City,Newcastle Utd,Home,test
3532,2025-02-15__Manchester City__vs__Newcastle United,2025-02-15,2025,Newcastle United,Manchester City,Away,test
3533,2025-02-15__Fulham__vs__Nottingham Forest,2025-02-15,2025,Nottingham Forest,Fulham,Away,test
3534,2025-02-15__Southampton__vs__Bournemouth,2025-02-15,2025,Southampton,Bournemouth,Home,test
3535,2025-02-15__West Ham United__vs__Brentford,2025-02-15,2025,West Ham United,Brentford,Home,test
3536,2025-02-16__Liverpool__vs__Wolverhampton Wanderers,2025-02-16,2025,Liverpool,Wolves,Home,test
3537,2025-02-16__Tottenham Hotspur__vs__Manchester United,2025-02-16,2025,Manchester United,Tottenham,Away,test
3538,2025-02-16__Tottenham Hotspur__vs__Manchester United,2025-02-16,2025,Tottenham Hotspur,Manchester Utd,Home,test
3539,2025-02-16__Liverpool__vs__Wolverhampton Wanderers,2025-02-16,2025,Wolverhampton Wanderers,Liverpool,Away,test
3540,2025-02-19__Aston Villa__vs__Liverpool,2025-02-19,2025,Aston Villa,Liverpool,Home,test
3541,2025-02-19__Aston Villa__vs__Liverpool,2025-02-19,2025,Liverpool,Aston Villa,Away,test
3542,2025-02-21__Leicester City__vs__Brentford,2025-02-21,2025,Brentford,Leicester City,Away,test
3543,2025-02-21__Leicester City__vs__Brentford,2025-02-21,2025,Leicester City,Brentford,Home,test
3544,2025-02-22__Arsenal__vs__West Ham United,2025-02-22,2025,Arsenal,West Ham,Home,test
3545,2025-02-22__Aston Villa__vs__Chelsea,2025-02-22,2025,Aston Villa,Chelsea,Home,test
3546,2025-02-22__Bournemouth__vs__Wolverhampton Wanderers,2025-02-22,2025,Bournemouth,Wolves,Home,test
3547,2025-02-22__Southampton__vs__Brighton And Hove Albion,2025-02-22,2025,Brighton And Hove Albion,Southampton,Away,test
3548,2025-02-22__Aston Villa__vs__Chelsea,2025-02-22,2025,Chelsea,Aston Villa,Away,test
3549,2025-02-22__Fulham__vs__Crystal Palace,2025-02-22,2025,Crystal Palace,Fulham,Away,test
3550,2025-02-22__Everton__vs__Manchester United,2025-02-22,2025,Everton,Manchester Utd,Home,test
3551,2025-02-22__Fulham__vs__Crystal Palace,2025-02-22,2025,Fulham,Crystal Palace,Home,test
3552,2025-02-22__Ipswich Town__vs__Tottenham Hotspur,2025-02-22,2025,Ipswich Town,Tottenham,Home,test
3553,2025-02-22__Everton__vs__Manchester United,2025-02-22,2025,Manchester United,Everton,Away,test
3554,2025-02-22__Southampton__vs__Brighton And Hove Albion,2025-02-22,2025,Southampton,Brighton,Home,test
3555,2025-02-22__Ipswich Town__vs__Tottenham Hotspur,2025-02-22,2025,Tottenham Hotspur,Ipswich Town,Away,test
3556,2025-02-22__Arsenal__vs__West Ham United,2025-02-22,2025,West Ham United,Arsenal,Away,test
3557,2025-02-22__Bournemouth__vs__Wolverhampton Wanderers,2025-02-22,2025,Wolverhampton Wanderers,Bournemouth,Away,test
3558,2025-02-23__Manchester City__vs__Liverpool,2025-02-23,2025,Liverpool,Manchester City,Away,test
3559,2025-02-23__Manchester City__vs__Liverpool,2025-02-23,2025,Manchester City,Liverpool,Home,test
3560,2025-02-23__Newcastle United__vs__Nottingham Forest,2025-02-23,2025,Newcastle United,Nott'ham Forest,Home,test
3561,2025-02-23__Newcastle United__vs__Nottingham Forest,2025-02-23,2025,Nottingham Forest,Newcastle Utd,Away,test
3562,2025-02-25__Crystal Palace__vs__Aston Villa,2025-02-25,2025,Aston Villa,Crystal Palace,Away,test
3563,2025-02-25__Brighton And Hove Albion__vs__Bournemouth,2025-02-25,2025,Bournemouth,Brighton,Away,test
3564,2025-02-25__Brighton And Hove Albion__vs__Bournemouth,2025-02-25,2025,Brighton And Hove Albion,Bournemouth,Home,test
3565,2025-02-25__Chelsea__vs__Southampton,2025-02-25,2025,Chelsea,Southampton,Home,test
3566,2025-02-25__Crystal Palace__vs__Aston Villa,2025-02-25,2025,Crystal Palace,Aston Villa,Home,test
3567,2025-02-25__Wolverhampton Wanderers__vs__Fulham,2025-02-25,2025,Fulham,Wolves,Away,test
3568,2025-02-25__Chelsea__vs__Southampton,2025-02-25,2025,Southampton,Chelsea,Away,test
3569,2025-02-25__Wolverhampton Wanderers__vs__Fulham,2025-02-25,2025,Wolverhampton Wanderers,Fulham,Home,test
3570,2025-02-26__Nottingham Forest__vs__Arsenal,2025-02-26,2025,Arsenal,Nott'ham Forest,Away,test
3571,2025-02-26__Brentford__vs__Everton,2025-02-26,2025,Brentford,Everton,Home,test
3572,2025-02-26__Brentford__vs__Everton,2025-02-26,2025,Everton,Brentford,Away,test
3573,2025-02-26__Manchester United__vs__Ipswich Town,2025-02-26,2025,Ipswich Town,Manchester Utd,Away,test
3574,2025-02-26__Liverpool__vs__Newcastle United,2025-02-26,2025,Liverpool,Newcastle Utd,Home,test
3575,2025-02-26__Tottenham Hotspur__vs__Manchester City,2025-02-26,2025,Manchester City,Tottenham,Away,test
3576,2025-02-26__Manchester United__vs__Ipswich Town,2025-02-26,2025,Manchester United,Ipswich Town,Home,test
3577,2025-02-26__Liverpool__vs__Newcastle United,2025-02-26,2025,Newcastle United,Liverpool,Away,test
3578,2025-02-26__Nottingham Forest__vs__Arsenal,2025-02-26,2025,Nottingham Forest,Arsenal,Home,test
3579,2025-02-26__Tottenham Hotspur__vs__Manchester City,2025-02-26,2025,Tottenham Hotspur,Manchester City,Home,test
3580,2025-02-27__West Ham United__vs__Leicester City,2025-02-27,2025,Leicester City,West Ham,Away,test
3581,2025-02-27__West Ham United__vs__Leicester City,2025-02-27,2025,West Ham United,Leicester City,Home,test
3582,2025-03-08__Brentford__vs__Aston Villa,2025-03-08,2025,Aston Villa,Brentford,Away,test
3583,2025-03-08__Brentford__vs__Aston Villa,2025-03-08,2025,Brentford,Aston Villa,Home,test
3584,2025-03-08__Brighton And Hove Albion__vs__Fulham,2025-03-08,2025,Brighton And Hove Albion,Fulham,Home,test
3585,2025-03-08__Crystal Palace__vs__Ipswich Town,2025-03-08,2025,Crystal Palace,Ipswich Town,Home,test
3586,2025-03-08__Wolverhampton Wanderers__vs__Everton,2025-03-08,2025,Everton,Wolves,Away,test
3587,2025-03-08__Brighton And Hove Albion__vs__Fulham,2025-03-08,2025,Fulham,Brighton,Away,test
3588,2025-03-08__Crystal Palace__vs__Ipswich Town,2025-03-08,2025,Ipswich Town,Crystal Palace,Away,test
3589,2025-03-08__Liverpool__vs__Southampton,2025-03-08,2025,Liverpool,Southampton,Home,test
3590,2025-03-08__Nottingham Forest__vs__Manchester City,2025-03-08,2025,Manchester City,Nott'ham Forest,Away,test
3591,2025-03-08__Nottingham Forest__vs__Manchester City,2025-03-08,2025,Nottingham Forest,Manchester City,Home,test
3592,2025-03-08__Liverpool__vs__Southampton,2025-03-08,2025,Southampton,Liverpool,Away,test
3593,2025-03-08__Wolverhampton Wanderers__vs__Everton,2025-03-08,2025,Wolverhampton Wanderers,Everton,Home,test
3594,2025-03-09__Manchester United__vs__Arsenal,2025-03-09,2025,Arsenal,Manchester Utd,Away,test
3595,2025-03-09__Tottenham Hotspur__vs__Bournemouth,2025-03-09,2025,Bournemouth,Tottenham,Away,test
3596,2025-03-09__Chelsea__vs__Leicester City,2025-03-09,2025,Chelsea,Leicester City,Home,test
3597,2025-03-09__Chelsea__vs__Leicester City,2025-03-09,2025,Leicester City,Chelsea,Away,test
3598,2025-03-09__Manchester United__vs__Arsenal,2025-03-09,2025,Manchester United,Arsenal,Home,test
3599,2025-03-09__Tottenham Hotspur__vs__Bournemouth,2025-03-09,2025,Tottenham Hotspur,Bournemouth,Home,test
3600,2025-03-10__West Ham United__vs__Newcastle United,2025-03-10,2025,Newcastle United,West Ham,Away,test
3601,2025-03-10__West Ham United__vs__Newcastle United,2025-03-10,2025,West Ham United,Newcastle Utd,Home,test
3602,2025-03-15__Bournemouth__vs__Brentford,2025-03-15,2025,Bournemouth,Brentford,Home,test
3603,2025-03-15__Bournemouth__vs__Brentford,2025-03-15,2025,Brentford,Bournemouth,Away,test
3604,2025-03-15__Manchester City__vs__Brighton And Hove Albion,2025-03-15,2025,Brighton And Hove Albion,Manchester City,Away,test
3605,2025-03-15__Everton__vs__West Ham United,2025-03-15,2025,Everton,West Ham,Home,test
3606,2025-03-15__Ipswich Town__vs__Nottingham Forest,2025-03-15,2025,Ipswich Town,Nott'ham Forest,Home,test
3607,2025-03-15__Manchester City__vs__Brighton And Hove Albion,2025-03-15,2025,Manchester City,Brighton,Home,test
3608,2025-03-15__Ipswich Town__vs__Nottingham Forest,2025-03-15,2025,Nottingham Forest,Ipswich Town,Away,test
3609,2025-03-15__Southampton__vs__Wolverhampton Wanderers,2025-03-15,2025,Southampton,Wolves,Home,test
3610,2025-03-15__Everton__vs__West Ham United,2025-03-15,2025,West Ham United,Everton,Away,test
3611,2025-03-15__Southampton__vs__Wolverhampton Wanderers,2025-03-15,2025,Wolverhampton Wanderers,Southampton,Away,test
3612,2025-03-16__Arsenal__vs__Chelsea,2025-03-16,2025,Arsenal,Chelsea,Home,test
3613,2025-03-16__Arsenal__vs__Chelsea,2025-03-16,2025,Chelsea,Arsenal,Away,test
3614,2025-03-16__Fulham__vs__Tottenham Hotspur,2025-03-16,2025,Fulham,Tottenham,Home,test
3615,2025-03-16__Leicester City__vs__Manchester United,2025-03-16,2025,Leicester City,Manchester Utd,Home,test
3616,2025-03-16__Leicester City__vs__Manchester United,2025-03-16,2025,Manchester United,Leicester City,Away,test
3617,2025-03-16__Fulham__vs__Tottenham Hotspur,2025-03-16,2025,Tottenham Hotspur,Fulham,Away,test
3618,2025-04-01__Arsenal__vs__Fulham,2025-04-01,2025,Arsenal,Fulham,Home,test
3619,2025-04-01__Arsenal__vs__Fulham,2025-04-01,2025,Fulham,Arsenal,Away,test
3620,2025-04-01__Nottingham Forest__vs__Manchester United,2025-04-01,2025,Manchester United,Nott'ham Forest,Away,test
3621,2025-04-01__Nottingham Forest__vs__Manchester United,2025-04-01,2025,Nottingham Forest,Manchester Utd,Home,test
3622,2025-04-01__Wolverhampton Wanderers__vs__West Ham United,2025-04-01,2025,West Ham United,Wolves,Away,test
3623,2025-04-01__Wolverhampton Wanderers__vs__West Ham United,2025-04-01,2025,Wolverhampton Wanderers,West Ham,Home,test
3624,2025-04-02__Brighton And Hove Albion__vs__Aston Villa,2025-04-02,2025,Aston Villa,Brighton,Away,test
3625,2025-04-02__Bournemouth__vs__Ipswich Town,2025-04-02,2025,Bournemouth,Ipswich Town,Home,test
3626,2025-04-02__Newcastle United__vs__Brentford,2025-04-02,2025,Brentford,Newcastle Utd,Away,test
3627,2025-04-02__Brighton And Hove Albion__vs__Aston Villa,2025-04-02,2025,Brighton And Hove Albion,Aston Villa,Home,test
3628,2025-04-02__Southampton__vs__Crystal Palace,2025-04-02,2025,Crystal Palace,Southampton,Away,test
3629,2025-04-02__Liverpool__vs__Everton,2025-04-02,2025,Everton,Liverpool,Away,test
3630,2025-04-02__Bournemouth__vs__Ipswich Town,2025-04-02,2025,Ipswich Town,Bournemouth,Away,test
3631,2025-04-02__Manchester City__vs__Leicester City,2025-04-02,2025,Leicester City,Manchester City,Away,test
3632,2025-04-02__Liverpool__vs__Everton,2025-04-02,2025,Liverpool,Everton,Home,test
3633,2025-04-02__Manchester City__vs__Leicester City,2025-04-02,2025,Manchester City,Leicester City,Home,test
3634,2025-04-02__Newcastle United__vs__Brentford,2025-04-02,2025,Newcastle United,Brentford,Home,test
3635,2025-04-02__Southampton__vs__Crystal Palace,2025-04-02,2025,Southampton,Crystal Palace,Home,test
3636,2025-04-03__Chelsea__vs__Tottenham Hotspur,2025-04-03,2025,Chelsea,Tottenham,Home,test
3637,2025-04-03__Chelsea__vs__Tottenham Hotspur,2025-04-03,2025,Tottenham Hotspur,Chelsea,Away,test
3638,2025-04-05__Everton__vs__Arsenal,2025-04-05,2025,Arsenal,Everton,Away,test
3639,2025-04-05__Aston Villa__vs__Nottingham Forest,2025-04-05,2025,Aston Villa,Nott'ham Forest,Home,test
3640,2025-04-05__West Ham United__vs__Bournemouth,2025-04-05,2025,Bournemouth,West Ham,Away,test
3641,2025-04-05__Crystal Palace__vs__Brighton And Hove Albion,2025-04-05,2025,Brighton And Hove Albion,Crystal Palace,Away,test
3642,2025-04-05__Crystal Palace__vs__Brighton And Hove Albion,2025-04-05,2025,Crystal Palace,Brighton,Home,test
3643,2025-04-05__Everton__vs__Arsenal,2025-04-05,2025,Everton,Arsenal,Home,test
3644,2025-04-05__Ipswich Town__vs__Wolverhampton Wanderers,2025-04-05,2025,Ipswich Town,Wolves,Home,test
3645,2025-04-05__Aston Villa__vs__Nottingham Forest,2025-04-05,2025,Nottingham Forest,Aston Villa,Away,test
3646,2025-04-05__West Ham United__vs__Bournemouth,2025-04-05,2025,West Ham United,Bournemouth,Home,test
3647,2025-04-05__Ipswich Town__vs__Wolverhampton Wanderers,2025-04-05,2025,Wolverhampton Wanderers,Ipswich Town,Away,test
3648,2025-04-06__Brentford__vs__Chelsea,2025-04-06,2025,Brentford,Chelsea,Home,test
3649,2025-04-06__Brentford__vs__Chelsea,2025-04-06,2025,Chelsea,Brentford,Away,test
3650,2025-04-06__Fulham__vs__Liverpool,2025-04-06,2025,Fulham,Liverpool,Home,test
3651,2025-04-06__Fulham__vs__Liverpool,2025-04-06,2025,Liverpool,Fulham,Away,test
3652,2025-04-06__Manchester United__vs__Manchester City,2025-04-06,2025,Manchester City,Manchester Utd,Away,test
3653,2025-04-06__Manchester United__vs__Manchester City,2025-04-06,2025,Manchester United,Manchester City,Home,test
3654,2025-04-06__Tottenham Hotspur__vs__Southampton,2025-04-06,2025,Southampton,Tottenham,Away,test
3655,2025-04-06__Tottenham Hotspur__vs__Southampton,2025-04-06,2025,Tottenham Hotspur,Southampton,Home,test
3656,2025-04-07__Leicester City__vs__Newcastle United,2025-04-07,2025,Leicester City,Newcastle Utd,Home,test
3657,2025-04-07__Leicester City__vs__Newcastle United,2025-04-07,2025,Newcastle United,Leicester City,Away,test
3658,2025-04-12__Arsenal__vs__Brentford,2025-04-12,2025,Arsenal,Brentford,Home,test
3659,2025-04-12__Southampton__vs__Aston Villa,2025-04-12,2025,Aston Villa,Southampton,Away,test
3660,2025-04-12__Arsenal__vs__Brentford,2025-04-12,2025,Brentford,Arsenal,Away,test
3661,2025-04-12__Brighton And Hove Albion__vs__Leicester City,2025-04-12,2025,Brighton And Hove Albion,Leicester City,Home,test
3662,2025-04-12__Manchester City__vs__Crystal Palace,2025-04-12,2025,Crystal Palace,Manchester City,Away,test
3663,2025-04-12__Nottingham Forest__vs__Everton,2025-04-12,2025,Everton,Nott'ham Forest,Away,test
3664,2025-04-12__Brighton And Hove Albion__vs__Leicester City,2025-04-12,2025,Leicester City,Brighton,Away,test
3665,2025-04-12__Manchester City__vs__Crystal Palace,2025-04-12,2025,Manchester City,Crystal Palace,Home,test
3666,2025-04-12__Nottingham Forest__vs__Everton,2025-04-12,2025,Nottingham Forest,Everton,Home,test
3667,2025-04-12__Southampton__vs__Aston Villa,2025-04-12,2025,Southampton,Aston Villa,Home,test
3668,2025-04-13__Chelsea__vs__Ipswich Town,2025-04-13,2025,Chelsea,Ipswich Town,Home,test
3669,2025-04-13__Chelsea__vs__Ipswich Town,2025-04-13,2025,Ipswich Town,Chelsea,Away,test
3670,2025-04-13__Liverpool__vs__West Ham United,2025-04-13,2025,Liverpool,West Ham,Home,test
3671,2025-04-13__Newcastle United__vs__Manchester United,2025-04-13,2025,Manchester United,Newcastle Utd,Away,test
3672,2025-04-13__Newcastle United__vs__Manchester United,2025-04-13,2025,Newcastle United,Manchester Utd,Home,test
3673,2025-04-13__Wolverhampton Wanderers__vs__Tottenham Hotspur,2025-04-13,2025,Tottenham Hotspur,Wolves,Away,test
3674,2025-04-13__Liverpool__vs__West Ham United,2025-04-13,2025,West Ham United,Liverpool,Away,test
3675,2025-04-13__Wolverhampton Wanderers__vs__Tottenham Hotspur,2025-04-13,2025,Wolverhampton Wanderers,Tottenham,Home,test
3676,2025-04-14__Bournemouth__vs__Fulham,2025-04-14,2025,Bournemouth,Fulham,Home,test
3677,2025-04-14__Bournemouth__vs__Fulham,2025-04-14,2025,Fulham,Bournemouth,Away,test
3678,2025-04-16__Newcastle United__vs__Crystal Palace,2025-04-16,2025,Crystal Palace,Newcastle Utd,Away,test
3679,2025-04-16__Newcastle United__vs__Crystal Palace,2025-04-16,2025,Newcastle United,Crystal Palace,Home,test
3680,2025-04-19__Aston Villa__vs__Newcastle United,2025-04-19,2025,Aston Villa,Newcastle Utd,Home,test
3681,2025-04-19__Crystal Palace__vs__Bournemouth,2025-04-19,2025,Bournemouth,Crystal Palace,Away,test
3682,2025-04-19__Brentford__vs__Brighton And Hove Albion,2025-04-19,2025,Brentford,Brighton,Home,test
3683,2025-04-19__Brentford__vs__Brighton And Hove Albion,2025-04-19,2025,Brighton And Hove Albion,Brentford,Away,test
3684,2025-04-19__Crystal Palace__vs__Bournemouth,2025-04-19,2025,Crystal Palace,Bournemouth,Home,test
3685,2025-04-19__Everton__vs__Manchester City,2025-04-19,2025,Everton,Manchester City,Home,test
3686,2025-04-19__Everton__vs__Manchester City,2025-04-19,2025,Manchester City,Everton,Away,test
3687,2025-04-19__Aston Villa__vs__Newcastle United,2025-04-19,2025,Newcastle United,Aston Villa,Away,test
3688,2025-04-19__West Ham United__vs__Southampton,2025-04-19,2025,Southampton,West Ham,Away,test
3689,2025-04-19__West Ham United__vs__Southampton,2025-04-19,2025,West Ham United,Southampton,Home,test
3690,2025-04-20__Ipswich Town__vs__Arsenal,2025-04-20,2025,Arsenal,Ipswich Town,Away,test
3691,2025-04-20__Fulham__vs__Chelsea,2025-04-20,2025,Chelsea,Fulham,Away,test
3692,2025-04-20__Fulham__vs__Chelsea,2025-04-20,2025,Fulham,Chelsea,Home,test
3693,2025-04-20__Ipswich Town__vs__Arsenal,2025-04-20,2025,Ipswich Town,Arsenal,Home,test
3694,2025-04-20__Leicester City__vs__Liverpool,2025-04-20,2025,Leicester City,Liverpool,Home,test
3695,2025-04-20__Leicester City__vs__Liverpool,2025-04-20,2025,Liverpool,Leicester City,Away,test
3696,2025-04-20__Manchester United__vs__Wolverhampton Wanderers,2025-04-20,2025,Manchester United,Wolves,Home,test
3697,2025-04-20__Manchester United__vs__Wolverhampton Wanderers,2025-04-20,2025,Wolverhampton Wanderers,Manchester Utd,Away,test
3698,2025-04-21__Tottenham Hotspur__vs__Nottingham Forest,2025-04-21,2025,Nottingham Forest,Tottenham,Away,test
3699,2025-04-21__Tottenham Hotspur__vs__Nottingham Forest,2025-04-21,2025,Tottenham Hotspur,Nott'ham Forest,Home,test
3700,2025-04-22__Manchester City__vs__Aston Villa,2025-04-22,2025,Aston Villa,Manchester City,Away,test
3701,2025-04-22__Manchester City__vs__Aston Villa,2025-04-22,2025,Manchester City,Aston Villa,Home,test
3702,2025-04-23__Arsenal__vs__Crystal Palace,2025-04-23,2025,Arsenal,Crystal Palace,Home,test
3703,2025-04-23__Arsenal__vs__Crystal Palace,2025-04-23,2025,Crystal Palace,Arsenal,Away,test
3704,2025-04-26__Brighton And Hove Albion__vs__West Ham United,2025-04-26,2025,Brighton And Hove Albion,West Ham,Home,test
3705,2025-04-26__Chelsea__vs__Everton,2025-04-26,2025,Chelsea,Everton,Home,test
3706,2025-04-26__Chelsea__vs__Everton,2025-04-26,2025,Everton,Chelsea,Away,test
3707,2025-04-26__Southampton__vs__Fulham,2025-04-26,2025,Fulham,Southampton,Away,test
3708,2025-04-26__Newcastle United__vs__Ipswich Town,2025-04-26,2025,Ipswich Town,Newcastle Utd,Away,test
3709,2025-04-26__Wolverhampton Wanderers__vs__Leicester City,2025-04-26,2025,Leicester City,Wolves,Away,test
3710,2025-04-26__Newcastle United__vs__Ipswich Town,2025-04-26,2025,Newcastle United,Ipswich Town,Home,test
3711,2025-04-26__Southampton__vs__Fulham,2025-04-26,2025,Southampton,Fulham,Home,test
3712,2025-04-26__Brighton And Hove Albion__vs__West Ham United,2025-04-26,2025,West Ham United,Brighton,Away,test
3713,2025-04-26__Wolverhampton Wanderers__vs__Leicester City,2025-04-26,2025,Wolverhampton Wanderers,Leicester City,Home,test
3714,2025-04-27__Bournemouth__vs__Manchester United,2025-04-27,2025,Bournemouth,Manchester Utd,Home,test
3715,2025-04-27__Liverpool__vs__Tottenham Hotspur,2025-04-27,2025,Liverpool,Tottenham,Home,test
3716,2025-04-27__Bournemouth__vs__Manchester United,2025-04-27,2025,Manchester United,Bournemouth,Away,test
3717,2025-04-27__Liverpool__vs__Tottenham Hotspur,2025-04-27,2025,Tottenham Hotspur,Liverpool,Away,test
3718,2025-05-01__Nottingham Forest__vs__Brentford,2025-05-01,2025,Brentford,Nott'ham Forest,Away,test
3719,2025-05-01__Nottingham Forest__vs__Brentford,2025-05-01,2025,Nottingham Forest,Brentford,Home,test
3720,2025-05-02__Manchester City__vs__Wolverhampton Wanderers,2025-05-02,2025,Manchester City,Wolves,Home,test
3721,2025-05-02__Manchester City__vs__Wolverhampton Wanderers,2025-05-02,2025,Wolverhampton Wanderers,Manchester City,Away,test
3722,2025-05-03__Arsenal__vs__Bournemouth,2025-05-03,2025,Arsenal,Bournemouth,Home,test
3723,2025-05-03__Aston Villa__vs__Fulham,2025-05-03,2025,Aston Villa,Fulham,Home,test
3724,2025-05-03__Arsenal__vs__Bournemouth,2025-05-03,2025,Bournemouth,Arsenal,Away,test
3725,2025-05-03__Everton__vs__Ipswich Town,2025-05-03,2025,Everton,Ipswich Town,Home,test
3726,2025-05-03__Aston Villa__vs__Fulham,2025-05-03,2025,Fulham,Aston Villa,Away,test
3727,2025-05-03__Everton__vs__Ipswich Town,2025-05-03,2025,Ipswich Town,Everton,Away,test
3728,2025-05-03__Leicester City__vs__Southampton,2025-05-03,2025,Leicester City,Southampton,Home,test
3729,2025-05-03__Leicester City__vs__Southampton,2025-05-03,2025,Southampton,Leicester City,Away,test
3730,2025-05-04__Brentford__vs__Manchester United,2025-05-04,2025,Brentford,Manchester Utd,Home,test
3731,2025-05-04__Brighton And Hove Albion__vs__Newcastle United,2025-05-04,2025,Brighton And Hove Albion,Newcastle Utd,Home,test
3732,2025-05-04__Chelsea__vs__Liverpool,2025-05-04,2025,Chelsea,Liverpool,Home,test
3733,2025-05-04__Chelsea__vs__Liverpool,2025-05-04,2025,Liverpool,Chelsea,Away,test
3734,2025-05-04__Brentford__vs__Manchester United,2025-05-04,2025,Manchester United,Brentford,Away,test
3735,2025-05-04__Brighton And Hove Albion__vs__Newcastle United,2025-05-04,2025,Newcastle United,Brighton,Away,test
3736,2025-05-04__West Ham United__vs__Tottenham Hotspur,2025-05-04,2025,Tottenham Hotspur,West Ham,Away,test
3737,2025-05-04__West Ham United__vs__Tottenham Hotspur,2025-05-04,2025,West Ham United,Tottenham,Home,test
3738,2025-05-05__Crystal Palace__vs__Nottingham Forest,2025-05-05,2025,Crystal Palace,Nott'ham Forest,Home,test
3739,2025-05-05__Crystal Palace__vs__Nottingham Forest,2025-05-05,2025,Nottingham Forest,Crystal Palace,Away,test
3740,2025-05-10__Bournemouth__vs__Aston Villa,2025-05-10,2025,Aston Villa,Bournemouth,Away,test
3741,2025-05-10__Bournemouth__vs__Aston Villa,2025-05-10,2025,Bournemouth,Aston Villa,Home,test
3742,2025-05-10__Ipswich Town__vs__Brentford,2025-05-10,2025,Brentford,Ipswich Town,Away,test
3743,2025-05-10__Wolverhampton Wanderers__vs__Brighton And Hove Albion,2025-05-10,2025,Brighton And Hove Albion,Wolves,Away,test
3744,2025-05-10__Fulham__vs__Everton,2025-05-10,2025,Everton,Fulham,Away,test
3745,2025-05-10__Fulham__vs__Everton,2025-05-10,2025,Fulham,Everton,Home,test
3746,2025-05-10__Ipswich Town__vs__Brentford,2025-05-10,2025,Ipswich Town,Brentford,Home,test
3747,2025-05-10__Southampton__vs__Manchester City,2025-05-10,2025,Manchester City,Southampton,Away,test
3748,2025-05-10__Southampton__vs__Manchester City,2025-05-10,2025,Southampton,Manchester City,Home,test
3749,2025-05-10__Wolverhampton Wanderers__vs__Brighton And Hove Albion,2025-05-10,2025,Wolverhampton Wanderers,Brighton,Home,test
3750,2025-05-11__Liverpool__vs__Arsenal,2025-05-11,2025,Arsenal,Liverpool,Away,test
3751,2025-05-11__Newcastle United__vs__Chelsea,2025-05-11,2025,Chelsea,Newcastle Utd,Away,test
3752,2025-05-11__Tottenham Hotspur__vs__Crystal Palace,2025-05-11,2025,Crystal Palace,Tottenham,Away,test
3753,2025-05-11__Nottingham Forest__vs__Leicester City,2025-05-11,2025,Leicester City,Nott'ham Forest,Away,test
3754,2025-05-11__Liverpool__vs__Arsenal,2025-05-11,2025,Liverpool,Arsenal,Home,test
3755,2025-05-11__Manchester United__vs__West Ham United,2025-05-11,2025,Manchester United,West Ham,Home,test
3756,2025-05-11__Newcastle United__vs__Chelsea,2025-05-11,2025,Newcastle United,Chelsea,Home,test
3757,2025-05-11__Nottingham Forest__vs__Leicester City,2025-05-11,2025,Nottingham Forest,Leicester City,Home,test
3758,2025-05-11__Tottenham Hotspur__vs__Crystal Palace,2025-05-11,2025,Tottenham Hotspur,Crystal Palace,Home,test
3759,2025-05-11__Manchester United__vs__West Ham United,2025-05-11,2025,West Ham United,Manchester Utd,Away,test
3760,2025-05-16__Aston Villa__vs__Tottenham Hotspur,2025-05-16,2025,Aston Villa,Tottenham,Home,test
3761,2025-05-16__Chelsea__vs__Manchester United,2025-05-16,2025,Chelsea,Manchester Utd,Home,test
3762,2025-05-16__Chelsea__vs__Manchester United,2025-05-16,2025,Manchester United,Chelsea,Away,test
3763,2025-05-16__Aston Villa__vs__Tottenham Hotspur,2025-05-16,2025,Tottenham Hotspur,Aston Villa,Away,test
3764,2025-05-18__Arsenal__vs__Newcastle United,2025-05-18,2025,Arsenal,Newcastle Utd,Home,test
3765,2025-05-18__Brentford__vs__Fulham,2025-05-18,2025,Brentford,Fulham,Home,test
3766,2025-05-18__Everton__vs__Southampton,2025-05-18,2025,Everton,Southampton,Home,test
3767,2025-05-18__Brentford__vs__Fulham,2025-05-18,2025,Fulham,Brentford,Away,test
3768,2025-05-18__Leicester City__vs__Ipswich Town,2025-05-18,2025,Ipswich Town,Leicester City,Away,test
3769,2025-05-18__Leicester City__vs__Ipswich Town,2025-05-18,2025,Leicester City,Ipswich Town,Home,test
3770,2025-05-18__Arsenal__vs__Newcastle United,2025-05-18,2025,Newcastle United,Arsenal,Away,test
3771,2025-05-18__West Ham United__vs__Nottingham Forest,2025-05-18,2025,Nottingham Forest,West Ham,Away,test
3772,2025-05-18__Everton__vs__Southampton,2025-05-18,2025,Southampton,Everton,Away,test
3773,2025-05-18__West Ham United__vs__Nottingham Forest,2025-05-18,2025,West Ham United,Nott'ham Forest,Home,test
3774,2025-05-19__Brighton And Hove Albion__vs__Liverpool,2025-05-19,2025,Brighton And Hove Albion,Liverpool,Home,test
3775,2025-05-19__Brighton And Hove Albion__vs__Liverpool,2025-05-19,2025,Liverpool,Brighton,Away,test
3776,2025-05-20__Manchester City__vs__Bournemouth,2025-05-20,2025,Bournemouth,Manchester City,Away,test
3777,2025-05-20__Crystal Palace__vs__Wolverhampton Wanderers,2025-05-20,2025,Crystal Palace,Wolves,Home,test
3778,2025-05-20__Manchester City__vs__Bournemouth,2025-05-20,2025,Manchester City,Bournemouth,Home,test
3779,2025-05-20__Crystal Palace__vs__Wolverhampton Wanderers,2025-05-20,2025,Wolverhampton Wanderers,Crystal Palace,Away,test
3780,2025-05-25__Southampton__vs__Arsenal,2025-05-25,2025,Arsenal,Southampton,Away,test
3781,2025-05-25__Manchester United__vs__Aston Villa,2025-05-25,2025,Aston Villa,Manchester Utd,Away,test
3782,2025-05-25__Bournemouth__vs__Leicester City,2025-05-25,2025,Bournemouth,Leicester City,Home,test
3783,2025-05-25__Wolverhampton Wanderers__vs__Brentford,2025-05-25,2025,Brentford,Wolves,Away,test
3784,2025-05-25__Tottenham Hotspur__vs__Brighton And Hove Albion,2025-05-25,2025,Brighton And Hove Albion,Tottenham,Away,test
3785,2025-05-25__Nottingham Forest__vs__Chelsea,2025-05-25,2025,Chelsea,Nott'ham Forest,Away,test
3786,2025-05-25__Liverpool__vs__Crystal Palace,2025-05-25,2025,Crystal Palace,Liverpool,Away,test
3787,2025-05-25__Newcastle United__vs__Everton,2025-05-25,2025,Everton,Newcastle Utd,Away,test
3788,2025-05-25__Fulham__vs__Manchester City,2025-05-25,2025,Fulham,Manchester City,Home,test
3789,2025-05-25__Ipswich Town__vs__West Ham United,2025-05-25,2025,Ipswich Town,West Ham,Home,test
3790,2025-05-25__Bournemouth__vs__Leicester City,2025-05-25,2025,Leicester City,Bournemouth,Away,test
3791,2025-05-25__Liverpool__vs__Crystal Palace,2025-05-25,2025,Liverpool,Crystal Palace,Home,test
3792,2025-05-25__Fulham__vs__Manchester City,2025-05-25,2025,Manchester City,Fulham,Away,test
3793,2025-05-25__Manchester United__vs__Aston Villa,2025-05-25,2025,Manchester United,Aston Villa,Home,test
3794,2025-05-25__Newcastle United__vs__Everton,2025-05-25,2025,Newcastle United,Everton,Home,test
3795,2025-05-25__Nottingham Forest__vs__Chelsea,2025-05-25,2025,Nottingham Forest,Chelsea,Home,test
3796,2025-05-25__Southampton__vs__Arsenal,2025-05-25,2025,Southampton,Arsenal,Home,test
3797,2025-05-25__Tottenham Hotspur__vs__Brighton And Hove Albion,2025-05-25,2025,Tottenham Hotspur,Brighton,Home,test
3798,2025-05-25__Ipswich Town__vs__West Ham United,2025-05-25,2025,West Ham United,Ipswich Town,Away,test
3799,2025-05-25__Wolverhampton Wanderers__vs__Brentford,2025-05-25,2025,Wolverhampton Wanderers,Brentford,Home,test
